Student_ID,Age,Gender,Education_Level,Daily_Social_Media_Hours,Daily_AI_Tool_Usage_Hours,Sleep_Hours,Physical_Activity_Hours,Mental_Health_Score,Physical_Health_Score
STU_00001,19,Male,College,5.32,1.21,7.3,1.41,74.06,98.9
STU_00002,16,Non-binary,High School,5.21,3.89,7.81,2.48,76.13,89.94
STU_00003,25,Male,University,3.61,2.65,6.34,0.06,65.01,76.75
STU_00004,23,Male,University,2.93,1.43,6.12,1.37,74.67,87.38
STU_00005,20,Non-binary,College,6.52,1.64,5.23,1.14,67.74,88.04
STU_00006,25,Female,University,6.04,3.67,6.4,0,59.82,78.03
STU_00007,17,Male,High School,1.98,1.66,7.03,4.44,83.05,97.97
STU_00008,19,Female,College,3.42,5.1,4.82,0,78.76,85.95
STU_00009,22,Female,University,7.85,0.7,7.12,0.4,72.6,82.53
STU_00010,15,Female,High School,6.96,1.6,5.78,1.67,71.83,91.23
STU_00011,19,Male,College,1.57,0.83,9.02,2.04,72.67,92.78
STU_00012,23,Female,University,4.53,0.31,6.6,3.44,82.7,97.33
STU_00013,23,Female,University,5.55,1.07,5.27,0.38,77.62,90.24
STU_00014,20,Male,College,6.98,1.58,6.62,1.88,70.01,73.45
STU_00015,17,Female,High School,4.82,1.74,7.86,0.64,69.99,91.66
STU_00016,16,Male,High School,5.71,0,7.15,1.77,81.84,99.07
STU_00017,20,Female,College,6.83,0.35,7.95,1.31,69.78,92.37
STU_00018,20,Male,College,7.16,2.82,5.21,0,67.64,97.23
STU_00019,15,Female,High School,4.05,1.24,7.54,0.54,87.75,98.67
STU_00020,18,Female,College,4.61,4.37,7.84,0.14,77.65,83.28
STU_00021,17,Male,High School,2.6,2.07,7.32,1.75,74.39,94.22
STU_00022,14,Male,High School,3.82,3.57,7.88,1.21,60,83.5
STU_00023,20,Female,College,3.48,1.83,6.92,2.23,79.13,94.71
STU_00024,24,Female,University,4.03,4.15,7.87,2.98,73.57,96.97
STU_00025,18,Male,College,4.26,0,7.7,0,73.83,86.14
STU_00026,14,Male,High School,6.53,2.69,5.89,0,62.71,86.77
STU_00027,24,Female,University,5.37,5.25,5.73,0.6,59.41,83.85
STU_00028,17,Female,High School,1.3,0,8.01,2.36,64.71,98.92
STU_00029,13,Male,High School,5.88,3.85,5.78,0,72.53,96.97
STU_00030,24,Female,University,3.13,3.21,6.98,3.49,71.18,99.33
STU_00031,22,Female,University,1.78,0,7.26,2.56,84.25,98.46
STU_00032,18,Male,College,1.64,3.13,5.9,1.45,83.09,90.44
STU_00033,25,Male,University,4.92,3.11,6.36,2.64,66.53,88.41
STU_00034,24,Male,University,7.15,2.34,5.59,0.68,75.2,79.62
STU_00035,21,Female,College,3.97,4.55,6.77,0,73.52,74.78
STU_00036,13,Female,High School,6.84,4.31,6.28,2.44,71.34,87.3
STU_00037,23,Female,University,4.71,3.97,6.09,2.16,75.35,94.2
STU_00038,23,Male,University,0,5.02,6.82,2.18,82.76,97.33
STU_00039,22,Male,University,6.03,1.04,4.84,1.62,54.66,94.26
STU_00040,24,Female,University,3.14,1.56,7.79,0.48,84.85,91.02
STU_00041,24,Male,University,2.47,1.31,6.41,0,58.64,81.37
STU_00042,15,Female,High School,6.04,1.58,7.64,0,61.51,97.2
STU_00043,24,Female,University,4.83,1.61,4.37,0,71.45,73.61
STU_00044,19,Male,College,4.33,2.26,7.53,1.12,71.76,89.98
STU_00045,16,Male,High School,4.74,1.81,6.23,0,63.27,92.83
STU_00046,21,Male,College,2.38,0.54,8.72,0,70.57,73.75
STU_00047,15,Male,High School,8.92,3.93,7.26,0,53.67,90.63
STU_00048,17,Female,High School,4.93,0.92,9.46,1.16,67.42,88.01
STU_00049,15,Male,High School,4.9,5.33,7.38,2.22,82.45,90.54
STU_00050,19,Male,College,4.28,3.95,5.53,3.94,85.65,98.47
STU_00051,17,Female,High School,0.46,0.38,8.55,3.71,85.75,91.24
STU_00052,21,Male,College,2.81,2.46,7.11,0.85,85.77,99.15
STU_00053,19,Female,College,1.44,0,6.43,0,74.04,85.14
STU_00054,14,Male,High School,1.2,4.79,7.95,2.25,83.09,92.09
STU_00055,16,Male,High School,0.65,2.51,7.24,1.24,80.2,93.18
STU_00056,21,Male,College,2.91,2.44,9.94,1.19,84.68,99.31
STU_00057,24,Male,University,4.55,2.9,7.03,0.79,82.92,97.82
STU_00058,14,Female,High School,0.94,2.19,6.88,0.7,70.9,88.2
STU_00059,22,Female,University,6.25,1.31,3.94,1.87,61.31,70.21
STU_00060,21,Male,College,5.24,2.33,4.03,2.2,54.09,89.07
STU_00061,22,Male,University,3.92,4.76,5.95,1.06,70.46,90.27
STU_00062,17,Male,High School,9.91,1.5,6.74,1.14,52.6,80.94
STU_00063,14,Male,High School,3.9,5.01,7.71,0.3,71.95,92.11
STU_00064,16,Male,High School,6.5,1.65,7.51,0.63,65.91,86.55
STU_00065,24,Female,University,5.02,2.82,4.15,0.45,79.61,69.99
STU_00066,24,Female,University,8.1,6.03,4.88,1.41,54.98,88.92
STU_00067,19,Male,College,7.21,3.52,5.05,0.79,62.37,67.54
STU_00068,24,Female,University,3.75,3.14,7.65,1.53,82.83,82.63
STU_00069,25,Female,University,3.84,3.68,6.16,0.37,74.99,97.97
STU_00070,20,Male,College,1.15,4.3,8.39,3.87,86.36,99.89
STU_00071,15,Female,High School,4.79,0.99,6.74,0.83,83.07,91.27
STU_00072,13,Female,High School,6.14,3.4,5.85,0,69.01,87.78
STU_00073,16,Male,High School,4.35,2.96,6.37,2.44,81.48,99.48
STU_00074,14,Non-binary,High School,8,0,4.64,0,45.79,78.33
STU_00075,20,Male,College,4.86,2.95,5.85,0.12,56.13,80.15
STU_00076,16,Male,High School,7.62,0.72,6.91,1.01,66.51,77.78
STU_00077,14,Female,High School,4.09,2.7,6.46,0.51,83.48,81.8
STU_00078,18,Male,College,1.6,4.27,5.09,1.05,64.98,85.27
STU_00079,18,Male,College,2.94,0.82,3.76,0.82,77.04,73.34
STU_00080,22,Male,University,4.42,2.29,4.97,0.74,66.17,89.98
STU_00081,16,Female,High School,2.63,1.73,5.63,0,67.75,83.97
STU_00082,18,Female,College,0.36,4.55,8.09,2.37,84.3,99.66
STU_00083,25,Female,University,0,1.51,5.89,1.77,74.89,73.82
STU_00084,14,Female,High School,7.03,2.89,5.59,1.13,50.89,80.44
STU_00085,22,Male,University,5.46,3.64,4.84,0.82,69.94,87.7
STU_00086,24,Male,University,5.19,3.87,6.76,0.41,66.92,82.93
STU_00087,14,Female,High School,4.92,0.76,7.51,1.59,84.73,79.42
STU_00088,22,Female,University,3.13,2.04,7.54,2.68,83.65,99.67
STU_00089,16,Male,High School,6.49,5.38,5.89,1.71,69.79,77.9
STU_00090,20,Male,College,0.15,2.47,7.48,3.72,88,99.75
STU_00091,19,Female,College,0,4.35,8.19,1.05,82.34,99.59
STU_00092,24,Non-binary,University,4,6.2,5.85,0.88,76.6,99.49
STU_00093,21,Female,College,4.82,2.38,6.32,2.58,82.79,99.11
STU_00094,20,Male,College,2.29,4,7.98,0.36,81.44,83.1
STU_00095,17,Non-binary,High School,0.52,4.22,6.89,1.86,86.28,94.94
STU_00096,25,Female,University,5.98,0.05,6.69,2.02,82.18,98.55
STU_00097,14,Female,High School,3.47,3.22,8.25,2.83,84.12,91.91
STU_00098,17,Female,High School,6.24,5.21,5.6,0,51.21,94.11
STU_00099,20,Female,College,7.76,0,7.28,0.89,80.65,96.56
STU_00100,22,Female,University,0.49,2.29,8.02,1.47,84.24,93.65
STU_00101,21,Female,College,5.03,2.71,6.74,0,55.98,61.27
STU_00102,24,Female,University,5.12,2.32,6.67,0.17,72.73,95.27
STU_00103,24,Female,University,6.36,2.14,4.53,1.54,59.99,91.28
STU_00104,24,Male,University,3.17,0.5,9.22,2.95,78.74,99.12
STU_00105,25,Female,University,4.64,3.19,6.23,1.22,83.47,98.83
STU_00106,21,Female,College,6.33,1.16,7.18,0,56.13,91.37
STU_00107,25,Non-binary,University,5.59,1.2,7.73,0.22,79.61,67.92
STU_00108,25,Male,University,8.4,0,6.68,0,69.56,73.93
STU_00109,13,Female,High School,2.33,0,8.67,2.89,83.45,99.9
STU_00110,21,Male,College,5.02,5.16,7.33,2.47,66.75,99.35
STU_00111,19,Female,College,4.28,2.64,4.39,0,73.81,85.39
STU_00112,21,Female,College,3.98,3.83,6.49,2.99,64.25,98.68
STU_00113,20,Male,College,5.97,0.9,3.96,1.99,59.68,83.71
STU_00114,13,Female,High School,4.79,0,6.44,1.11,67.25,88.26
STU_00115,24,Male,University,1.84,1.32,6.06,0,77.17,97.53
STU_00116,20,Male,College,6.88,0,5.34,0.36,61.45,80.42
STU_00117,20,Female,College,5.98,1.24,6.66,1.45,73.81,97.55
STU_00118,23,Male,University,8.19,4.57,6.6,0,61.72,85.77
STU_00119,15,Male,High School,6.32,2.32,4.37,0.11,88.6,70.8
STU_00120,13,Male,High School,3.97,5.11,9,0,61.41,97.64
STU_00121,20,Male,College,3.99,3.53,7.1,1.01,79.81,74.13
STU_00122,15,Female,High School,7.09,4.42,5.92,0,70.83,98.37
STU_00123,15,Female,High School,2.58,2.06,6.8,1.2,73.96,83.69
STU_00124,13,Female,High School,2.24,0,5.1,2.02,78.85,73.26
STU_00125,23,Male,University,5.05,0.67,5.88,1.62,81.35,94.34
STU_00126,17,Male,High School,0.76,4.71,5.64,3.3,73.54,97.88
STU_00127,22,Male,University,5.37,2.82,5.57,1.55,72.53,88.59
STU_00128,19,Female,College,5.67,0.03,7.38,0.85,69.62,81.46
STU_00129,22,Female,University,3.88,3.67,5.59,3.05,71.24,97.61
STU_00130,21,Female,College,8.02,0,6.76,0.98,76.22,80.6
STU_00131,24,Female,University,7.32,3.33,6.79,0.54,70.81,78.89
STU_00132,19,Female,College,2.55,2.03,7.18,0.78,67.58,88.11
STU_00133,21,Female,College,6.14,3.74,8.59,2.85,82.2,97.61
STU_00134,20,Female,College,6.96,2.02,6.6,0.62,67.15,97.93
STU_00135,24,Male,University,4.71,3.81,8.15,1,64.14,93.42
STU_00136,14,Male,High School,3.42,0,9.23,1.93,77.76,97.14
STU_00137,13,Female,High School,1.73,3.1,6.77,0.83,82.56,82.66
STU_00138,19,Female,College,3.1,1.7,10.47,1.29,88.22,83.6
STU_00139,19,Non-binary,College,1.78,3.17,8.47,0.69,83.43,92.85
STU_00140,20,Male,College,6.78,1.95,5.06,0.94,81.14,85.23
STU_00141,17,Male,High School,3.86,0.89,8.34,1.23,84.15,92.26
STU_00142,15,Non-binary,High School,5.8,2.31,5.61,0.7,81.37,69.17
STU_00143,24,Female,University,7.65,4.73,6.51,1.97,73.54,75.27
STU_00144,20,Male,College,5.03,1.41,7.95,2.12,64.8,96.8
STU_00145,18,Female,College,7.44,2.86,7.14,3.28,81.19,98.82
STU_00146,23,Male,University,3.62,1.29,6.07,0,73.83,97.13
STU_00147,15,Male,High School,5.47,0,5.67,0.21,72.66,79.81
STU_00148,13,Female,High School,5.01,2.64,5.21,1.27,54.48,91.78
STU_00149,15,Female,High School,2.75,9.5,8.03,1.63,76.71,98.77
STU_00150,17,Male,High School,3.73,0.09,8.02,2.88,61.28,97.03
STU_00151,15,Male,High School,8.04,4.23,7.36,0,64.84,81.67
STU_00152,13,Female,High School,3.64,0,4.85,2.48,74.45,91.58
STU_00153,17,Male,High School,0.34,2.4,8.13,0.67,70.1,98.52
STU_00154,22,Female,University,3.63,0,6.17,0,75.3,96.94
STU_00155,19,Female,College,2.62,3.28,5.44,1.54,87.94,85.82
STU_00156,19,Male,College,5.64,1.51,4.91,0.95,76.06,81.32
STU_00157,23,Female,University,6.04,1.44,6.54,4.27,78.9,96.96
STU_00158,21,Female,College,5.4,0.46,6.35,1.93,73.51,99.16
STU_00159,22,Male,University,3.48,0,7.61,2.17,79.93,96.08
STU_00160,22,Male,University,4.65,1.97,6.74,0.82,65.17,80.72
STU_00161,24,Male,University,3.71,1.22,7.63,0.98,66.95,85.77
STU_00162,25,Female,University,0.88,1.75,7.01,0,84.12,78.67
STU_00163,15,Female,High School,4.22,1.88,5.72,1.69,84.5,91.52
STU_00164,19,Male,College,11.09,0.99,6.91,0,36.64,91.19
STU_00165,13,Male,High School,1.93,2.71,7.62,0.05,82.4,95.45
STU_00166,16,Male,High School,0,2.11,7.28,1.67,85.36,92.05
STU_00167,25,Female,University,8.06,3.99,5.92,0.19,58.97,73.78
STU_00168,16,Male,High School,5.62,6.78,5.47,0.11,65.03,70.9
STU_00169,17,Female,High School,5.24,2.91,7.18,0.45,71.58,74.44
STU_00170,19,Male,College,3.6,4.49,7.27,1.88,79.84,92.42
STU_00171,19,Female,College,5.07,2.73,5.27,1.86,60.15,80.04
STU_00172,25,Female,University,4.63,3.34,8.42,0,80.29,87.5
STU_00173,23,Female,University,7.78,1.91,5.92,1.51,88.42,95.14
STU_00174,25,Male,University,6.79,2.32,5.77,2.01,72.01,92.39
STU_00175,16,Female,High School,6.01,1.07,7.94,3.54,80.46,98.7
STU_00176,25,Male,University,2.79,5.05,7.38,1.91,71.63,94.06
STU_00177,19,Male,College,5.07,4.24,6.97,0,82.46,98.72
STU_00178,23,Female,University,2.96,2.96,7.52,2.08,70.85,88.07
STU_00179,15,Female,High School,7.57,0.65,7.73,2.23,67.21,84.07
STU_00180,18,Male,College,2.71,2.18,5.58,2.64,69.88,84.69
STU_00181,24,Male,University,4.16,4.24,5.72,2.86,55.04,98.24
STU_00182,14,Female,High School,1.78,6.9,8.41,3.01,80.15,98.24
STU_00183,22,Female,University,3.25,2.64,5.9,1.27,85.43,74.38
STU_00184,25,Male,University,3.23,4.71,5.24,1.47,85.33,68.91
STU_00185,21,Female,College,4.12,2.81,7.08,0.32,83.8,83.76
STU_00186,17,Male,High School,2.25,4.8,6.17,0.04,68.77,94.99
STU_00187,18,Female,College,7.54,0,7.11,0,67.98,77.67
STU_00188,24,Female,University,4.03,0.95,6.61,2.3,67.77,75.57
STU_00189,24,Male,University,3.17,3.06,6.2,0.23,82.52,86.32
STU_00190,24,Female,University,6.42,0.31,5.34,1.27,62.71,77.04
STU_00191,24,Female,University,9.91,3.26,6.29,1.34,47.78,73.88
STU_00192,16,Female,High School,3.49,2.57,6.45,1.96,59.02,89.55
STU_00193,23,Female,University,3.89,0,7.12,2.91,84.32,94.16
STU_00194,22,Female,University,2.65,0,6.14,1.86,70.98,94.44
STU_00195,19,Male,College,6.16,3.1,6.79,1.23,56.87,90.78
STU_00196,24,Male,University,6.89,0.44,6.41,2.89,59.81,76.23
STU_00197,21,Male,College,4.38,1.68,6.58,0.1,68.18,84.42
STU_00198,19,Non-binary,College,3.4,3.64,7.22,1.28,82.87,96.36
STU_00199,13,Female,High School,5.83,2.35,3.9,0.79,42.39,86.07
STU_00200,13,Female,High School,6.35,1.74,5.11,1.56,59.54,68.01
STU_00201,21,Male,College,8.39,0,6.02,1.36,65.89,86.01
STU_00202,23,Female,University,3.04,5.2,6.69,0,76.73,81.72
STU_00203,21,Female,College,6.63,3.95,6.53,0,62.46,75.94
STU_00204,16,Female,High School,4.76,1.34,5.86,0.01,69.75,87.99
STU_00205,25,Male,University,0.16,0.87,7.76,1.52,86,97.77
STU_00206,21,Male,College,8.31,1.49,5.62,0,61.35,75.93
STU_00207,15,Female,High School,5.24,0.74,5.72,0,78.36,81.01
STU_00208,19,Female,College,6.02,1.97,7.09,0,84.08,79.48
STU_00209,18,Male,College,6.87,4.51,6.93,0.48,65.03,91.67
STU_00210,20,Female,College,5.99,4.32,6.97,0.04,58.99,82.45
STU_00211,23,Male,University,2.08,4.31,6.98,1.94,76.23,85.15
STU_00212,21,Female,College,6.19,0.16,6.97,1.66,79.3,84.86
STU_00213,17,Female,High School,5.74,0.64,6.99,2.89,76.21,85.91
STU_00214,13,Male,High School,0.33,4.23,8.13,2.01,87.61,90.8
STU_00215,15,Female,High School,8.67,3.31,7.66,0,51.54,87.27
STU_00216,22,Male,University,3.56,1.72,8.08,1.53,86.47,98.44
STU_00217,24,Male,University,6.99,3.78,4.38,0.94,45.14,92.73
STU_00218,20,Female,College,3.66,3.41,6.03,2.17,59.64,92.29
STU_00219,23,Male,University,3.17,0,9.08,1.93,74.35,89.79
STU_00220,18,Male,College,4.3,0,4.95,1.6,82.07,90.98
STU_00221,20,Male,College,9.8,2.48,5.26,2.26,63.14,75.52
STU_00222,21,Male,College,9.53,0,8.34,2.45,70.27,98.45
STU_00223,16,Male,High School,3.16,4.47,5.18,0.32,75.69,85.46
STU_00224,13,Male,High School,7.62,3.42,5.07,0,71.91,97.39
STU_00225,13,Female,High School,4.56,1.84,6.51,0,71.44,82.37
STU_00226,22,Male,University,9.55,0.28,4.43,1.46,76.48,98.11
STU_00227,16,Female,High School,7.38,0.81,7.33,0,80.88,79.24
STU_00228,24,Male,University,5.2,0,7.36,0.55,77.58,95.87
STU_00229,19,Male,College,4.7,5.01,7.67,1.96,76.49,85.55
STU_00230,14,Male,High School,6.02,2.85,4.4,2.62,87.65,83.69
STU_00231,15,Female,High School,5.71,2.18,7.05,0.54,59.4,67.97
STU_00232,13,Female,High School,1.74,5.8,6.63,3.41,86.91,98.64
STU_00233,17,Female,High School,5.02,0.79,4.78,0.8,78.21,74.01
STU_00234,13,Male,High School,2.87,2.14,9.23,3.32,80.11,97.2
STU_00235,20,Female,College,3.18,1.25,5.71,0,75.29,98.79
STU_00236,13,Male,High School,7.29,6.25,6.31,1.03,51.06,88.42
STU_00237,23,Male,University,5.01,1.98,6.13,0.75,68.53,80.1
STU_00238,13,Female,High School,3.36,2.83,7.41,2.21,51.02,97.25
STU_00239,14,Male,High School,1.47,5.42,6.09,0.81,73.25,99.22
STU_00240,14,Non-binary,High School,2.56,4.45,7.72,2.17,71.48,94.24
STU_00241,24,Male,University,4.35,0,8.71,1.82,88.43,97.47
STU_00242,18,Non-binary,College,8.71,1.93,6.15,2.71,73.04,90.29
STU_00243,19,Female,College,1.88,2.37,5.02,0,67.98,75.67
STU_00244,17,Female,High School,5.24,2.79,4.97,1.73,74.89,87.07
STU_00245,13,Male,High School,5.52,3.07,8.52,3.02,47.75,89.96
STU_00246,13,Male,High School,7.56,0.87,6.97,1.75,77.88,84.61
STU_00247,15,Female,High School,4.81,5.25,6.02,2.7,57.27,86.18
STU_00248,14,Male,High School,5.52,3.3,7.65,0,74.24,72.42
STU_00249,17,Female,High School,7.46,3.67,5.65,0,63.69,86.17
STU_00250,24,Non-binary,University,2.56,4.97,7.7,2.2,78.44,82.53
STU_00251,22,Male,University,6.48,3,3.94,1.9,46.43,88.4
STU_00252,18,Female,College,1.02,2.12,6.63,0,79.29,79.2
STU_00253,19,Female,College,4.66,1.85,5.61,0.86,83.28,97.31
STU_00254,16,Male,High School,3.91,2.09,5,0.81,75.52,74.17
STU_00255,19,Male,College,2.69,2.21,6.04,1.29,78.77,91.88
STU_00256,23,Male,University,6.93,0,6.26,0.63,63.65,95.42
STU_00257,20,Male,College,7.07,1.38,5.59,1,77.05,97.95
STU_00258,23,Female,University,7.17,0.53,6.96,2.72,79.71,72.81
STU_00259,13,Male,High School,5.45,0,6.8,2.02,69.78,98.14
STU_00260,18,Non-binary,College,1.42,2.78,6.4,0.78,74.98,87.53
STU_00261,20,Male,College,3.68,3.3,8.01,3.56,86.99,94.91
STU_00262,17,Female,High School,7.01,0.95,7.25,0.75,80.15,89.66
STU_00263,16,Female,High School,6.98,2,6.69,1.06,64.84,82.26
STU_00264,14,Male,High School,7.49,3.52,4.55,0.91,76.19,70.24
STU_00265,18,Male,College,5.29,1.96,6.91,0.77,52.57,80.41
STU_00266,18,Female,College,4.05,2.25,7.42,1.06,71.29,88.98
STU_00267,23,Female,University,0,2.06,8.3,0,79.65,81.34
STU_00268,13,Male,High School,6.66,3.58,5.61,0.34,71.44,88.21
STU_00269,21,Male,College,4.25,2.47,8.08,4.08,78.24,92.97
STU_00270,24,Male,University,1.37,1.91,8.43,1.76,81.45,94.61
STU_00271,23,Male,University,6.41,1.65,8.24,0.8,72.61,95.95
STU_00272,18,Female,College,8.05,0.99,4.62,2.07,70.09,74.22
STU_00273,25,Female,University,6.67,3.57,5.67,0.43,82.22,91.1
STU_00274,15,Male,High School,6.19,3.52,4.63,1.79,70.21,82.69
STU_00275,16,Non-binary,High School,6.83,2.49,5.25,2.72,69.3,75.25
STU_00276,24,Male,University,0,4.19,5.42,1.8,70.55,96.78
STU_00277,23,Female,University,8.8,2.52,4.65,0,51.16,76.38
STU_00278,16,Male,High School,2.52,3.08,7.59,0.77,67.5,87.04
STU_00279,15,Male,High School,2.74,1.47,6.42,1.91,76.03,94.74
STU_00280,22,Male,University,3.32,4.66,5.15,1.87,69.43,98.62
STU_00281,15,Male,High School,3.61,2.79,9.09,2.1,79.23,82.92
STU_00282,15,Female,High School,8.25,3.2,6.38,0,54.68,82.61
STU_00283,16,Female,High School,5.86,2.62,5.05,1.53,85.69,87.93
STU_00284,19,Male,College,2.8,2.65,6.51,0.96,66.14,98.04
STU_00285,16,Female,High School,3.18,2.97,6.95,1.02,87.32,84.35
STU_00286,21,Male,College,10.74,0,5.53,0,61.36,78.97
STU_00287,13,Female,High School,5.38,3.26,5.73,2.17,80.96,98.29
STU_00288,20,Male,College,3.42,1.22,6.14,1.69,65.06,87.02
STU_00289,19,Male,College,0.45,2.08,8.08,2.23,81.4,94.22
STU_00290,14,Male,High School,0.31,1.32,8.09,2.7,82.67,98.39
STU_00291,20,Female,College,1.71,4,5.63,0.34,59.83,88.44
STU_00292,13,Female,High School,4.74,1.07,4.6,2.27,78.23,93.43
STU_00293,23,Male,University,7.27,1.97,5.16,2.11,77.3,87.63
STU_00294,24,Male,University,6.04,1.33,7.97,0.75,76.2,93.58
STU_00295,21,Male,College,7.44,1.16,5.92,2.1,72.64,81.25
STU_00296,21,Female,College,5.91,1.19,6.08,0.87,82.42,90.41
STU_00297,14,Female,High School,1.44,0.26,7.84,0,67.09,91.65
STU_00298,19,Male,College,5.56,1.49,5.01,1.47,72.52,91.84
STU_00299,22,Male,University,5.67,2.85,6.59,0,52.89,91.83
STU_00300,15,Female,High School,4.2,0.86,6.33,1.13,80.7,99.59
STU_00301,19,Male,College,3.74,2.73,6.05,2.98,76.99,90.81
STU_00302,24,Male,University,4.13,3.45,5.46,1.03,55.66,91.66
STU_00303,22,Male,University,0.63,2.25,8.64,3.26,80.35,98.18
STU_00304,21,Male,College,1.17,0.36,7.48,0.86,63.41,97.78
STU_00305,16,Female,High School,10.85,0,6.46,1.2,71.26,70.96
STU_00306,24,Female,University,1.37,3.96,6.49,1.76,83.96,87.1
STU_00307,13,Male,High School,0.08,5.28,8.01,1.31,83.98,97.79
STU_00308,14,Female,High School,2.7,5.04,8,1.1,77.98,98.64
STU_00309,13,Male,High School,5.65,3.04,6.26,0,66.09,75.55
STU_00310,24,Female,University,5.9,3.06,4.98,1.67,79.91,84.11
STU_00311,17,Female,High School,1.94,2.11,7.75,2.63,81.51,97.77
STU_00312,17,Female,High School,4.74,2.08,4.68,0,64.61,67.33
STU_00313,23,Male,University,3.14,1.19,6.34,2.28,81.36,96.04
STU_00314,19,Male,College,4.98,0.98,6.88,0,64.1,81.01
STU_00315,21,Male,College,3.77,0,6.9,2.42,77.91,86.4
STU_00316,21,Female,College,2.76,3.76,9.39,0.07,84.68,97.6
STU_00317,15,Male,High School,2.88,3.49,7.24,1.49,59.37,88.5
STU_00318,15,Female,High School,0,1.82,7.92,0,81.34,77.68
STU_00319,15,Non-binary,High School,3.95,4.76,6.86,0.29,78.16,93.09
STU_00320,16,Female,High School,4.31,6.52,6.12,2.62,65.03,90.64
STU_00321,20,Female,College,0.98,0,7.92,2.13,77.3,91.85
STU_00322,18,Male,College,3.66,3.52,6.71,1.85,84.66,89.58
STU_00323,20,Male,College,3.86,2.46,5.87,1.16,74.43,79.94
STU_00324,13,Male,High School,0,5.4,8.87,1.72,66.48,99.61
STU_00325,20,Female,College,2.57,1.56,6.71,3.09,81.47,90.12
STU_00326,16,Male,High School,2.49,4.41,4.81,1.15,73.41,91.26
STU_00327,23,Female,University,4.95,3.74,3.89,1.12,57.16,68.18
STU_00328,13,Male,High School,7.61,4.58,5.25,2.22,71.1,92.5
STU_00329,20,Male,College,4.62,1.2,7.02,1.09,69.25,86.23
STU_00330,16,Female,High School,7.4,1.81,6.61,0.43,54.78,82.71
STU_00331,18,Male,College,3.94,3.45,3.97,0.88,77.69,87.58
STU_00332,20,Male,College,5.43,4.54,7.83,0.86,70.13,99.78
STU_00333,16,Female,High School,4.67,2.9,6.84,0,55.96,80.03
STU_00334,15,Male,High School,10.53,0,6.05,0,70.23,84.17
STU_00335,21,Male,College,4.12,4.63,7.4,1.13,68.37,97.48
STU_00336,15,Male,High School,6.46,4.83,6.87,1.42,79.92,83.35
STU_00337,21,Female,College,5.01,1.51,7.82,2.12,71.23,92.36
STU_00338,25,Non-binary,University,7.31,4.03,5.14,0,60.3,53.27
STU_00339,14,Female,High School,6.08,3.39,6.99,2.8,75.69,98.64
STU_00340,14,Male,High School,5.35,0.9,7.86,0,56.64,88.08
STU_00341,14,Male,High School,1.65,4.1,6.95,2.28,72.34,90.25
STU_00342,18,Male,College,1.87,2.42,6.67,1.39,79.73,98.94
STU_00343,15,Non-binary,High School,2.96,0.06,7.26,1.07,77.51,92.46
STU_00344,25,Male,University,3.77,4.12,7.28,0,80.81,91.02
STU_00345,21,Male,College,4.78,6.31,7.29,0.91,74.93,74.69
STU_00346,16,Female,High School,2.97,0,4.66,0.91,76.15,86.43
STU_00347,13,Non-binary,High School,0,3.05,7.18,2.76,83.83,92.01
STU_00348,16,Male,High School,7.07,2.98,6.41,0.11,56.59,76.87
STU_00349,13,Male,High School,5.62,0.42,6.49,0.33,82.01,80.72
STU_00350,17,Male,High School,4.65,4.35,6.49,1.63,79.43,73.94
STU_00351,16,Male,High School,7.63,0.53,6.13,0.48,63.3,77.38
STU_00352,20,Female,College,2.49,2.65,6.16,0.11,45.47,73.8
STU_00353,20,Female,College,4.17,1.15,6.28,0,82.33,91.07
STU_00354,19,Female,College,4.9,0.65,5.67,3.19,67.83,99.21
STU_00355,15,Male,High School,3.46,3.17,6.13,1.47,66.81,80.01
STU_00356,13,Male,High School,2.51,1.22,9.1,3.16,85.79,99.41
STU_00357,13,Male,High School,6.69,4.8,6.86,1.24,58,91.07
STU_00358,24,Male,University,5.21,2.54,6.08,2.23,54.21,89.97
STU_00359,23,Female,University,6.06,4.05,5.6,3.09,73.07,97.81
STU_00360,15,Male,High School,2.44,3.94,6.9,2.5,74.39,98.18
STU_00361,18,Male,College,6.57,4.64,5.31,2.9,71.94,99.34
STU_00362,19,Male,College,2.94,1.98,8.66,3.04,83.38,98.93
STU_00363,18,Male,College,5.12,2.28,7.01,0.05,77.82,94.97
STU_00364,18,Male,College,9.45,0.9,4.2,0.62,65.83,77.51
STU_00365,18,Female,College,6.63,2.75,4.5,2.52,73.01,97.41
STU_00366,25,Male,University,5.35,1.06,5.39,0.32,61.85,80.27
STU_00367,15,Female,High School,7.88,4.54,5.56,0.89,73.19,85.45
STU_00368,18,Male,College,3.08,0.85,5.06,1.21,72.35,96.5
STU_00369,20,Male,College,5.73,1.72,6.8,0.99,76.12,88.68
STU_00370,23,Female,University,2.42,3.48,6.48,1.72,75.26,98.25
STU_00371,23,Male,University,3.6,3.41,5.83,1.19,83.96,91.85
STU_00372,14,Female,High School,8.48,0.44,6.35,0.1,83.2,75.05
STU_00373,17,Male,High School,5.18,1.42,9.18,1.61,80.5,98.15
STU_00374,13,Female,High School,8.02,1.95,5.24,0.72,80.21,92.07
STU_00375,24,Female,University,4.24,2.2,8.83,2.66,77.88,98.18
STU_00376,13,Female,High School,7.55,2.85,5.62,0.73,86.28,78.53
STU_00377,17,Female,High School,4.63,3.86,5.71,1.86,75.08,92.47
STU_00378,24,Female,University,4.83,2.25,5.77,0.85,86.98,97.27
STU_00379,25,Male,University,4.56,2.67,7.78,0,80.23,92.9
STU_00380,15,Female,High School,5.4,1.09,6.55,1.79,52.51,96.2
STU_00381,16,Female,High School,3.85,5.2,5.95,3.29,84.44,96.27
STU_00382,15,Male,High School,1.03,3.24,4.04,1.6,77.93,86.76
STU_00383,13,Male,High School,4.41,1.99,4.94,1.9,71.77,88.16
STU_00384,13,Female,High School,4.83,4.71,7.53,1.32,74.79,99
STU_00385,24,Female,University,8.59,3.17,7.43,0.81,73.87,78.11
STU_00386,24,Male,University,0,2.9,8.88,3.31,86.76,98.25
STU_00387,25,Female,University,8.54,2.51,4.73,1.73,48.6,76.96
STU_00388,17,Male,High School,7.12,4.33,6.7,0.64,71.43,84.64
STU_00389,18,Male,College,6.21,5.4,5.02,0,60.7,76.4
STU_00390,15,Female,High School,4.89,4.3,7.87,3.35,76.43,99.71
STU_00391,24,Male,University,1.95,2.56,7.93,1.57,79.46,97.64
STU_00392,21,Female,College,9.38,4.91,5.8,1.85,69.49,81.26
STU_00393,17,Male,High School,7.59,2.03,4.96,0,59.51,74.54
STU_00394,20,Male,College,5.13,0.91,8.14,0,71.45,83.71
STU_00395,25,Male,University,5.21,3.96,6.53,0,73.61,69.01
STU_00396,13,Female,High School,4.23,5.09,7.16,1.92,78.89,95.39
STU_00397,17,Male,High School,5.99,2.5,4.59,0.32,69.19,73.33
STU_00398,15,Male,High School,4.39,5.47,4.88,0,57.08,79.68
STU_00399,24,Male,University,5.27,0,6.16,1.1,65.87,74.77
STU_00400,13,Male,High School,5.59,2.33,9.94,0.99,80.8,93.1
STU_00401,16,Male,High School,10.58,0.96,4.27,1.8,68.94,76.21
STU_00402,25,Male,University,2.22,0.93,6.49,1.17,70.51,93.44
STU_00403,17,Female,High School,4.9,2.44,6.15,2.72,80.24,88.34
STU_00404,19,Male,College,7.34,5.43,7.24,1.99,70.95,94.11
STU_00405,13,Female,High School,6.57,4.87,6.4,0,68.71,65.56
STU_00406,15,Female,High School,6.19,5.01,4.21,3.13,68.03,92.42
STU_00407,14,Male,High School,11.72,3.22,4.76,2.3,84.42,71.3
STU_00408,21,Male,College,7.22,1.98,5.63,0.81,82.17,71.65
STU_00409,22,Female,University,2.94,3.1,4.93,2.57,73.01,81.98
STU_00410,18,Female,College,2.65,0,7.11,3.63,75.48,98.02
STU_00411,22,Male,University,4.4,5.28,6.63,2.04,79.68,97.35
STU_00412,15,Female,High School,3.41,0,8.27,1.31,78.38,99.92
STU_00413,20,Male,College,4.7,2.27,7.17,1.18,70.82,87.88
STU_00414,20,Male,College,5.34,2.5,5.03,0,69.26,74.78
STU_00415,14,Male,High School,5.18,4.02,6.12,2.39,48.91,67.38
STU_00416,18,Female,College,0,3.29,9.28,2.32,65.35,85.41
STU_00417,19,Female,College,2.61,3.41,7.24,0.83,80.17,98.31
STU_00418,14,Female,High School,6.29,0,7.12,0,64.13,82.72
STU_00419,23,Male,University,8.61,2.2,4.99,0,58.53,88.61
STU_00420,22,Female,University,3.49,1.36,6.1,0.41,80.31,81.8
STU_00421,14,Male,High School,3.5,2.77,5.7,1.29,71.9,62.86
STU_00422,22,Female,University,4.28,2.26,6.67,2.03,59.72,84.55
STU_00423,13,Male,High School,8.81,2.9,6.09,2.27,78.02,88.39
STU_00424,20,Male,College,4.63,0.35,6.92,2.06,73.27,97.44
STU_00425,13,Male,High School,0,2.68,8.54,3,82.82,97.29
STU_00426,21,Female,College,8.97,5.65,5.81,0.98,63.57,77.75
STU_00427,23,Male,University,6.23,6.33,3.53,0.96,70.56,99.14
STU_00428,18,Male,College,1.27,4.93,6.28,1.59,68.81,83.86
STU_00429,19,Male,College,3.22,0,6.87,0,78.37,85.92
STU_00430,25,Non-binary,University,2.51,1.98,6.28,2.6,81.63,90.5
STU_00431,22,Female,University,3.98,1.6,6.48,0.46,80.53,98.78
STU_00432,19,Female,College,8.22,2.78,5.19,0.27,62.39,86.1
STU_00433,22,Male,University,0,4.89,8.52,1.15,61.39,80.88
STU_00434,15,Male,High School,3.64,2.42,5.1,3.32,76.36,91.55
STU_00435,14,Female,High School,4.78,0.85,5.1,0.12,60.09,94.1
STU_00436,21,Male,College,4.33,4.59,4.54,1.25,76.27,97.24
STU_00437,20,Male,College,2.51,3.17,7.74,1.24,64.2,88.36
STU_00438,25,Male,University,7.47,3.89,4.15,0.49,65.89,68.89
STU_00439,24,Female,University,4.1,4.32,7.11,2.01,76.16,85.06
STU_00440,22,Male,University,3.78,1.89,6.58,0,70.14,91.07
STU_00441,19,Female,College,5.37,0.37,6.34,2.62,72.92,98.59
STU_00442,21,Female,College,3.8,2.89,7.12,1.25,79.82,90.88
STU_00443,16,Male,High School,3.12,1.88,8.9,1.41,79.62,97.54
STU_00444,25,Male,University,2.19,2.63,5.44,2.8,69.19,99.47
STU_00445,16,Non-binary,High School,9.98,5.05,4.64,2.03,76.84,75.89
STU_00446,13,Female,High School,6.48,2.86,4.35,0.33,57.58,97.12
STU_00447,20,Female,College,3.54,5.81,6.62,0,60.79,95.23
STU_00448,24,Female,University,7.68,3.03,5.43,0.94,71.74,88.6
STU_00449,15,Male,High School,5.81,1.99,5.11,0.87,76.3,86.3
STU_00450,19,Female,College,4.6,0.23,6.23,0.43,75.17,83.38
STU_00451,24,Male,University,1.93,2.9,5.69,1.74,77,98.53
STU_00452,14,Female,High School,2.43,0.85,8.02,1.87,81.8,97.47
STU_00453,14,Female,High School,6.92,3.46,3.74,0.64,61.15,76.17
STU_00454,19,Female,College,6.38,2.3,8.03,1.33,72.31,94.36
STU_00455,18,Female,College,1.07,2.24,8.75,2.78,88.16,92.75
STU_00456,15,Female,High School,3.48,2.65,5.68,3.23,86.87,98.04
STU_00457,21,Male,College,6.2,2.92,6.63,0.16,76.41,93.34
STU_00458,22,Female,University,7.28,2.44,9.06,2.24,80.66,72.94
STU_00459,25,Male,University,5.79,6.35,6.28,0.66,63.6,99.3
STU_00460,18,Female,College,3.36,1.11,5.67,0.15,56.98,92.3
STU_00461,22,Male,University,5.09,4.34,7.43,1.9,79.85,86.61
STU_00462,22,Male,University,3.97,4.76,7.12,0.14,70.16,79.93
STU_00463,18,Female,College,5.45,0.51,5.37,0,72.24,85.07
STU_00464,13,Non-binary,High School,8.2,2.6,4.93,0.56,77.62,96.42
STU_00465,16,Male,High School,2.54,3.14,6.55,0.64,76.3,85.21
STU_00466,22,Female,University,5.2,2.81,8.41,1.33,76.98,95.58
STU_00467,18,Female,College,4.26,2.74,5.22,1.34,61.52,81.81
STU_00468,18,Female,College,3.84,3.63,6.18,2.14,76.04,98.66
STU_00469,23,Male,University,4.15,0,8.88,0,73.28,92.81
STU_00470,24,Female,University,7.78,2.32,5.52,0.57,75.89,84.91
STU_00471,17,Female,High School,5.95,1.74,7.7,0,78.71,76.5
STU_00472,13,Male,High School,3.3,1.21,6.72,1.72,59.48,92.45
STU_00473,20,Female,College,6.12,4.08,8.05,2.09,78.46,98.35
STU_00474,17,Female,High School,3.1,4.36,7.85,0.96,75.38,98.24
STU_00475,24,Female,University,0.03,4.55,7.24,0.84,74.05,98.6
STU_00476,24,Male,University,0,4.03,6.99,0.17,78.6,94.67
STU_00477,24,Male,University,5.75,0.35,5.51,2.57,63.87,73.68
STU_00478,17,Female,High School,3.79,2.76,4.57,2.26,66.15,94.51
STU_00479,19,Male,College,6.99,4.5,5.98,1.86,52.36,81.24
STU_00480,16,Female,High School,5.47,0,7.2,1.95,76.13,82.72
STU_00481,18,Male,College,5.15,5.43,7.15,1.41,70.59,94.35
STU_00482,25,Male,University,3.37,0.24,9.67,3.72,85.37,98.72
STU_00483,16,Male,High School,5.8,0.9,4.9,2,71.4,83.56
STU_00484,15,Female,High School,8.38,3.88,5.69,0.23,79.31,81.24
STU_00485,19,Male,College,0,6.01,7.46,0,75.48,98.31
STU_00486,20,Female,College,4.13,0.82,5.59,0,61.05,85.25
STU_00487,16,Female,High School,7.86,1.09,6.89,0.5,80.89,77.32
STU_00488,25,Female,University,1.64,4.76,7.14,2.1,85.18,90.31
STU_00489,14,Female,High School,4.83,2.8,6.03,2.26,79.87,93.93
STU_00490,24,Male,University,2.79,2.05,5.06,1.04,80,91.82
STU_00491,22,Male,University,3.83,2.88,6.56,0,78.76,74.52
STU_00492,15,Male,High School,0.07,6.43,7.37,0,67.8,97.1
STU_00493,13,Female,High School,6.96,3.89,3.9,0.93,63.23,86.16
STU_00494,20,Female,College,4.88,3.14,6.04,1.29,66.63,76.83
STU_00495,15,Male,High School,0.89,3.54,6.61,0,78.35,78.84
STU_00496,24,Male,University,5.55,3.25,7.44,1.08,65.82,85.1
STU_00497,22,Female,University,5.02,4.14,4.99,2.2,55.27,67
STU_00498,19,Male,College,2.78,1.35,7.52,1.45,87.24,91.31
STU_00499,22,Female,University,9.42,2.38,6.61,0.75,66.86,81.66
STU_00500,17,Male,High School,5.79,2.46,6.59,1.36,66.33,75.27
STU_00501,22,Non-binary,University,7.73,0.83,7.33,1.47,72.73,87.37
STU_00502,17,Male,High School,4.1,0.52,9.27,0.36,84.85,98.7
STU_00503,19,Male,College,0.44,5.01,8.08,3.25,79.49,99.49
STU_00504,21,Male,College,0,3.78,6.58,2.18,77.35,89.38
STU_00505,24,Male,University,1.97,5.68,7.35,1.39,77.53,99.87
STU_00506,17,Male,High School,7.87,3.41,7.37,0.97,72.2,92.93
STU_00507,13,Male,High School,3.23,3.08,5.78,0.79,72.33,82.1
STU_00508,22,Female,University,7.1,2.13,6.96,2.66,72.96,90.9
STU_00509,22,Male,University,1.58,4.31,7.11,2.96,71.4,99.9
STU_00510,13,Female,High School,2.84,0.21,7.76,1.33,78.54,82.98
STU_00511,14,Male,High School,3.2,3.05,5.06,1.91,77.87,92.86
STU_00512,18,Female,College,5.06,4.16,6.15,3.69,87.26,99.19
STU_00513,21,Female,College,1.12,2.35,6.34,2.01,81.44,97.01
STU_00514,20,Male,College,2.51,3.29,7.14,0,85.64,88.39
STU_00515,25,Male,University,3.92,5.35,7.26,2.03,52.49,99.76
STU_00516,17,Male,High School,1.14,2.09,4.96,0,71.84,72.49
STU_00517,13,Male,High School,0.1,3.26,7.61,0.36,82.6,88.75
STU_00518,25,Female,University,4.57,4.34,8.17,1.03,63.58,79.7
STU_00519,19,Female,College,1.18,1.93,8.95,1.7,87.11,97.95
STU_00520,17,Female,High School,7.54,0.56,8.22,2.2,78.86,89.08
STU_00521,18,Female,College,7.61,3.81,6.99,3.31,77.53,98.4
STU_00522,25,Non-binary,University,3.04,2.71,8.36,1.5,71.4,98.75
STU_00523,19,Female,College,6.01,2.45,5.91,1.39,76.71,83.15
STU_00524,15,Female,High School,4.67,2.81,6.47,1.94,78.09,98.51
STU_00525,24,Female,University,7.17,0.37,4.57,0,47.2,76.03
STU_00526,22,Male,University,3.35,2.05,6.19,0.2,61.96,99.18
STU_00527,15,Male,High School,5.78,3.79,7.33,0.44,59.23,93.87
STU_00528,17,Female,High School,5.28,2.5,7.11,0.97,81.66,81.94
STU_00529,18,Male,College,5.15,1.57,3.49,0,71.62,49.98
STU_00530,21,Male,College,2.96,1.17,7.06,0.83,79.72,95.23
STU_00531,25,Male,University,7.46,2.99,5.53,1.5,55.25,95.96
STU_00532,24,Male,University,3.48,4.01,6.27,1.92,74.34,95.23
STU_00533,17,Female,High School,3.46,4.35,8.31,0.56,85.9,81.23
STU_00534,13,Male,High School,2.7,1.5,5.67,0.29,62.03,76.6
STU_00535,16,Female,High School,2.85,5.42,5.43,0,61.42,78.24
STU_00536,17,Female,High School,3.9,2.7,8.75,1.71,78.87,98.34
STU_00537,24,Male,University,5.62,0,6.45,1.37,65.97,52.29
STU_00538,22,Female,University,6.46,2.71,7.49,0.24,78.76,74.64
STU_00539,22,Female,University,4.82,0.69,6.92,0,70.7,78.09
STU_00540,17,Male,High School,8.04,3.24,6.09,1.46,67.47,92.89
STU_00541,19,Male,College,4.79,3,5.43,1.58,75.46,85.78
STU_00542,16,Male,High School,0.01,0,8.85,0.56,64.82,76.2
STU_00543,13,Female,High School,1.61,5.09,7.71,0.06,74.41,86.16
STU_00544,17,Female,High School,6.25,1.34,5.94,3.13,70.87,91.64
STU_00545,19,Male,College,3.69,0,6.96,1.12,72.96,92.46
STU_00546,22,Male,University,3.52,4.81,7.24,0.17,73.09,98.32
STU_00547,22,Male,University,2.09,3.6,5.83,2,81.99,78.88
STU_00548,18,Female,College,3.5,2.04,4.77,0,72.44,91.98
STU_00549,17,Male,High School,3.54,2.59,6.85,1.24,72.39,74.64
STU_00550,16,Female,High School,5.73,2.29,5.5,1.56,64.69,98.17
STU_00551,14,Male,High School,3.89,0,7.98,1.42,80.35,85.71
STU_00552,16,Female,High School,7.69,0,6.01,0.86,58.63,70.27
STU_00553,22,Female,University,2.86,4.21,5.07,0.76,77.79,87.47
STU_00554,22,Female,University,5.01,3.24,6.65,0.53,51.42,93.36
STU_00555,15,Male,High School,0.36,4.15,5.53,3.14,74.74,99.23
STU_00556,22,Female,University,6.15,4.67,6.66,0.2,62.07,79.79
STU_00557,13,Male,High School,0.95,0,4.83,1.08,72.62,90.5
STU_00558,20,Male,College,5.93,1.77,6.46,0,83.66,72.56
STU_00559,17,Female,High School,0,0.42,7.94,3.7,76.76,99.46
STU_00560,25,Female,University,1.92,2.27,5.54,1.16,79.02,76.52
STU_00561,16,Female,High School,6.59,0,8.03,1.41,71.17,97.85
STU_00562,20,Male,College,8.41,3.58,4.03,2.85,60.51,92.51
STU_00563,19,Female,College,0,3.69,7.5,0.79,76.09,82.37
STU_00564,14,Female,High School,1.78,6.59,4.67,0.1,64.94,70.94
STU_00565,13,Female,High School,9.07,2.32,4.61,1.36,63.79,81.73
STU_00566,24,Female,University,4.86,3.72,6.79,1.44,80,92.26
STU_00567,23,Female,University,1.92,4.25,7.36,3.56,86.13,99.9
STU_00568,16,Male,High School,8.19,5.59,5.89,1.15,67.7,88.72
STU_00569,20,Female,College,5.96,0.46,7.45,1.9,66.19,95.57
STU_00570,24,Female,University,4.78,4.11,4.86,1.31,63.15,99.94
STU_00571,14,Non-binary,High School,0,3.22,5.35,0.52,77.74,83.48
STU_00572,15,Male,High School,9.74,0,6.81,0,68.67,75.78
STU_00573,24,Male,University,5.16,3.34,4.3,2,67.13,87.18
STU_00574,13,Male,High School,3.73,3.83,5.1,0.05,51.96,82.57
STU_00575,13,Female,High School,8.15,0,6.13,1.54,67.99,81.33
STU_00576,25,Female,University,2.21,2.36,7.29,1.39,68,88.55
STU_00577,15,Male,High School,1.77,2.64,7.31,1.26,78.85,88.14
STU_00578,23,Female,University,2.07,2.59,5.33,0.95,82.32,96.48
STU_00579,17,Female,High School,3.55,3.62,6.63,0.35,81.82,81.01
STU_00580,24,Female,University,4.57,1.42,5.39,1.63,58.22,97.25
STU_00581,15,Male,High School,6.1,0.53,6.97,0.58,65.52,86.05
STU_00582,13,Female,High School,1.37,3.38,7.14,1.39,82.83,86.24
STU_00583,13,Male,High School,5.26,5.33,7.22,2.8,71.18,93.16
STU_00584,20,Female,College,2.99,5.2,6.25,1.92,67.96,91.2
STU_00585,22,Male,University,4.23,6.8,5.63,0.88,79.62,78.28
STU_00586,23,Male,University,7.52,1.83,8.26,0.48,73.38,77.47
STU_00587,24,Female,University,5.73,2.2,4.2,0.31,67.95,98.42
STU_00588,25,Male,University,5.94,0,8.83,0.02,73.2,98.04
STU_00589,25,Male,University,2.96,1.39,6.65,1.77,74.98,98.3
STU_00590,24,Female,University,9.31,0,4.45,0,69.17,69.44
STU_00591,14,Female,High School,6.18,1.88,5.65,1.52,82.69,78.67
STU_00592,25,Female,University,3.44,4.95,7.46,3.39,80.97,99.09
STU_00593,15,Male,High School,7.35,4.42,6.89,2.18,74.8,99.7
STU_00594,14,Male,High School,5.92,1.91,8.88,0,62.37,88.03
STU_00595,15,Male,High School,1.34,1.47,7.35,3.87,75.35,97.71
STU_00596,19,Male,College,5,1.04,6.98,2.03,76.11,84.96
STU_00597,13,Female,High School,2.08,4.05,7.85,0.01,75.47,81.46
STU_00598,22,Male,University,0,1.94,4.91,0,75.85,99.9
STU_00599,20,Male,College,3.42,2.98,6.54,0.47,74.12,87.6
STU_00600,25,Male,University,7.34,3.7,6.25,0.98,77.33,77.72
STU_00601,22,Male,University,8.19,3.84,4.07,1.46,75.97,78.42
STU_00602,22,Female,University,3.22,0,6.85,0.64,84.27,97.38
STU_00603,22,Female,University,3.79,3.51,5.81,0.68,70.92,83.22
STU_00604,14,Male,High School,7.99,2.68,5.89,1.28,67.03,83.94
STU_00605,15,Male,High School,6.18,0,8.55,0.19,80.71,65.96
STU_00606,21,Male,College,5.72,4.99,8.63,1.21,72.53,96.68
STU_00607,19,Female,College,4.85,2.86,6.35,2.06,81.74,99.9
STU_00608,16,Female,High School,6.31,0,7.15,0.93,69.28,85.37
STU_00609,22,Male,University,4.43,1.45,7.99,2.81,72.49,96.47
STU_00610,17,Female,High School,8.32,2.12,6.51,0.72,71.44,74.03
STU_00611,14,Female,High School,4.2,7.2,4.31,0,66.71,72.2
STU_00612,25,Female,University,4.16,0.93,6.82,3.49,83.04,98.05
STU_00613,23,Female,University,0,1.26,6.66,2.37,86.58,81.11
STU_00614,25,Male,University,7.15,2.82,7.12,1.04,68.57,93.75
STU_00615,20,Male,College,2.09,6.35,5.8,1.4,71.42,76.61
STU_00616,16,Male,High School,0,2.08,7.37,0.54,78.75,98.47
STU_00617,21,Female,College,4.05,1.7,7.08,1.27,83.2,82.68
STU_00618,17,Non-binary,High School,3.65,2.82,5.62,0.45,59.24,70.13
STU_00619,25,Male,University,5.62,1.91,5.11,2.53,80.97,93.42
STU_00620,21,Male,College,6.12,1.88,4.93,1.53,72.31,87.32
STU_00621,16,Male,High School,2.43,4.23,8.71,1.55,81.54,98.06
STU_00622,22,Male,University,11.3,1.61,6.4,0.02,51.39,61.5
STU_00623,17,Male,High School,4,1.87,6.7,1.32,81.18,94.85
STU_00624,21,Female,College,0.28,4.3,8.14,0,73.72,95.66
STU_00625,20,Male,College,8.46,0,7.72,1.56,78.98,81.21
STU_00626,15,Male,High School,6.32,1.88,6.33,0.41,68.29,79.33
STU_00627,13,Female,High School,5.52,0,7.15,0.27,73.25,78.79
STU_00628,15,Male,High School,3.41,1.6,6.01,3.44,63.03,96.31
STU_00629,16,Male,High School,4.61,1.87,8.67,1.94,73.61,95.89
STU_00630,14,Male,High School,0,1.9,7.36,0.1,76.15,97.61
STU_00631,13,Female,High School,3.82,1.8,8.13,2.46,79.34,91.5
STU_00632,19,Female,College,10.64,3.01,7.09,0,63.15,84.14
STU_00633,20,Male,College,2.11,0.49,7.33,0.3,84.77,84.4
STU_00634,19,Female,College,4.94,3.2,7.8,1.58,70.69,88.31
STU_00635,17,Male,High School,0.29,1.59,5.74,1.47,87.23,86.03
STU_00636,24,Female,University,3.2,3.86,6.16,0.47,79.16,95.55
STU_00637,13,Female,High School,1.34,2.39,8.1,1.71,78.85,99.27
STU_00638,19,Female,College,5.57,1.43,6.08,0.42,77.71,89.19
STU_00639,25,Male,University,5.04,0.14,8.18,1.32,71.91,90.75
STU_00640,19,Non-binary,College,1.24,3.03,7.51,1.97,85.49,98.86
STU_00641,21,Non-binary,College,4.72,2.15,9.17,2.83,81.89,97.31
STU_00642,15,Female,High School,4.81,5.13,6.15,1.78,80.88,97.85
STU_00643,21,Female,College,4.94,5.27,6.23,0.91,80.77,67.94
STU_00644,13,Male,High School,6.63,1.62,6.69,1.47,78.7,79.86
STU_00645,13,Male,High School,8.41,0,7.22,0,76.6,80.29
STU_00646,16,Male,High School,2.97,4.1,5.1,3.11,85.14,98.27
STU_00647,21,Male,College,3.73,1.54,6.81,1.56,72.71,84.03
STU_00648,18,Female,College,4.07,1.87,6.95,5,83.39,99.88
STU_00649,25,Female,University,1.24,4.65,6.52,1.76,78.24,97.74
STU_00650,23,Female,University,1.98,3.13,7.15,1.73,61.67,95.24
STU_00651,15,Male,High School,5.91,4.03,5.4,0,62.11,72.15
STU_00652,13,Male,High School,9.31,4.41,3.71,0,64.79,73.61
STU_00653,16,Female,High School,1.9,2.2,6.69,1.35,83.63,99.71
STU_00654,24,Male,University,10.23,3.73,3.45,0.21,56.01,82.06
STU_00655,25,Male,University,3.08,2.69,6.81,3.4,86.53,98.32
STU_00656,21,Non-binary,College,7.53,3.47,4.54,1.2,66.99,78.38
STU_00657,15,Female,High School,5.57,2.78,7.48,0.84,54.53,82.19
STU_00658,24,Male,University,4.99,4.95,5.56,1.84,68.07,83.88
STU_00659,21,Female,College,3.43,0.19,8.5,0.82,86.15,90.21
STU_00660,19,Female,College,4.54,1.72,6.07,1.8,78.03,98.17
STU_00661,24,Female,University,2.72,2.34,7.68,0,78.7,97.46
STU_00662,16,Female,High School,6.86,2.72,6.48,2.75,75.01,92.18
STU_00663,15,Male,High School,7.29,0.19,7.43,1.39,69.05,76.29
STU_00664,22,Female,University,2.87,1.16,7.02,1.83,85.23,98.27
STU_00665,17,Male,High School,0.4,2.57,8.74,0.85,80.81,85.04
STU_00666,17,Male,High School,3.68,1.52,6.92,2.36,74.45,86.7
STU_00667,15,Female,High School,9.47,0,6.78,0,53.13,72.58
STU_00668,24,Female,University,5.08,1.84,5.49,0.5,72.45,99.15
STU_00669,21,Female,College,7.38,0.32,7.38,1.39,76.11,77.97
STU_00670,16,Female,High School,2.18,3.58,9.03,1.24,85.51,97.85
STU_00671,23,Female,University,3.28,3.03,6.79,0.03,87.64,94.23
STU_00672,17,Female,High School,3.72,4.12,5.6,0.95,78.23,87.22
STU_00673,16,Female,High School,1.57,2.88,5.72,0.78,64.95,83.66
STU_00674,17,Male,High School,4.92,0.57,5.05,0.31,73.67,83.93
STU_00675,19,Male,College,2.45,0,5.6,3.13,83.37,95.3
STU_00676,21,Male,College,6.87,4.56,5.12,0.12,70.1,84.44
STU_00677,19,Male,College,4.72,1.73,4.76,0,67.47,60.68
STU_00678,25,Female,University,8.2,0,6.67,0,55.83,81.39
STU_00679,17,Female,High School,0.31,5.32,6,0.91,87.34,97.32
STU_00680,22,Non-binary,University,3.17,3.54,7.56,1.4,81.42,92.81
STU_00681,22,Female,University,3.48,5.3,7.79,1.7,71.08,91.35
STU_00682,19,Female,College,5.66,3.27,6.78,3.19,75.77,92.73
STU_00683,22,Male,University,3.44,3.7,7.62,0,85.03,99.07
STU_00684,17,Male,High School,8.81,1.58,5.26,0,60.8,64.33
STU_00685,15,Male,High School,4.04,3.78,4.65,0.32,67.61,84.25
STU_00686,19,Female,College,2.24,5.98,4.57,0.41,49.48,99.57
STU_00687,25,Male,University,4.1,3.99,5.96,0,68.84,74.75
STU_00688,23,Female,University,3.69,1.86,6.78,1.2,76.29,99.52
STU_00689,23,Female,University,6.82,0.14,6.34,3.26,74.91,98.31
STU_00690,14,Male,High School,3.47,4.56,6.82,2.27,80.39,79.73
STU_00691,24,Male,University,0.7,2.61,8.23,0.29,76.87,85.8
STU_00692,21,Female,College,4.94,2.68,8.39,0.98,79.99,72.89
STU_00693,22,Male,University,2.87,0,7.78,1.11,70.22,86.41
STU_00694,22,Female,University,1.61,0,7.68,1.92,79.38,81.75
STU_00695,24,Female,University,4.56,2.65,6.06,1.06,66.82,99.05
STU_00696,13,Female,High School,4.17,0.88,5.01,0.6,76.2,63.27
STU_00697,25,Female,University,3.95,2.88,5.91,3.39,69.85,98.68
STU_00698,18,Female,College,5.15,4.22,6.01,0.71,69.26,76.95
STU_00699,19,Non-binary,College,3.05,1.48,4.65,0.64,84.22,89.65
STU_00700,25,Male,University,4.79,2.92,5.71,3.04,67.57,96.58
STU_00701,20,Female,College,3.03,2.29,8.26,1.49,87.86,94.78
STU_00702,22,Male,University,6.56,7.81,5.66,1.33,51.37,86.62
STU_00703,21,Male,College,4.44,1.55,7.1,3.04,67.13,87.56
STU_00704,14,Male,High School,8.87,1.24,7.65,1.03,60.62,96.82
STU_00705,23,Female,University,3.26,1.68,6.96,0.44,58.75,86.31
STU_00706,22,Male,University,5.39,4.6,6.3,1.68,78.91,95.74
STU_00707,14,Male,High School,7.32,1.61,6.83,0,71.99,98.39
STU_00708,17,Non-binary,High School,5.56,3.65,9.14,3.65,87.2,99.59
STU_00709,25,Female,University,4.85,2.56,6.53,0,62.77,92.71
STU_00710,17,Female,High School,5.34,2.61,6.3,1.05,73.37,85.12
STU_00711,18,Female,College,5.77,5.38,6.77,1.51,72.12,68.39
STU_00712,15,Non-binary,High School,5.24,0,7.53,0,71.31,75.37
STU_00713,20,Female,College,4.46,2.74,6.39,0.26,64.07,78.96
STU_00714,25,Male,University,6.34,3.76,6.23,3.12,73.17,98.62
STU_00715,13,Female,High School,4.29,3.21,6.38,2.64,60.64,93.78
STU_00716,18,Female,College,2.04,0,8.1,3.19,86.11,85.07
STU_00717,16,Male,High School,9.65,0.45,3.69,0.31,53.34,66.48
STU_00718,13,Male,High School,6.69,3,7.82,2.49,72.25,99.27
STU_00719,19,Male,College,2.22,0,7.35,2.02,80.41,88.56
STU_00720,21,Female,College,3.89,1.55,4.15,1.05,85.92,77.26
STU_00721,25,Male,University,3.08,0.29,4.33,2.03,75.32,87.29
STU_00722,16,Non-binary,High School,3.25,2.85,6.63,1.52,68.54,91.72
STU_00723,16,Female,High School,6.67,2.22,3.9,1.62,63.46,86.15
STU_00724,18,Female,College,3.67,3.18,8.4,0,61.02,91.04
STU_00725,24,Female,University,9.29,0.94,8.67,1.8,73.39,81.26
STU_00726,15,Male,High School,0.08,2.98,5.53,0,82.57,96.6
STU_00727,25,Male,University,4.43,2.51,5.4,0.34,64.03,81.65
STU_00728,24,Male,University,1.17,0.95,6.57,0,73.59,77.4
STU_00729,18,Female,College,5.32,4.47,6.28,3.61,65.19,98.47
STU_00730,19,Male,College,5.62,3.76,6.56,5,77.22,98.34
STU_00731,23,Male,University,6.75,1.35,5.17,3.33,78.08,99.68
STU_00732,22,Male,University,1.43,1.08,8.79,2.86,83.4,98.42
STU_00733,22,Female,University,5.58,4.17,7.09,0,82.85,78.87
STU_00734,15,Male,High School,2.32,0,8.59,0.02,79.99,91.95
STU_00735,19,Female,College,4.74,0.17,6.77,1.35,73.46,76.97
STU_00736,15,Male,High School,3.4,3.36,8.36,0.97,69.49,84.07
STU_00737,25,Female,University,1.34,5.77,6.59,0.28,84.83,85.78
STU_00738,25,Male,University,6.31,1.41,4.74,0.95,55.64,74.08
STU_00739,14,Female,High School,3.85,1.62,8.11,0,69.5,82.82
STU_00740,24,Female,University,6.64,2.1,4.98,0.14,58.7,66.83
STU_00741,22,Male,University,6.82,1.65,5.84,0,65.28,78.62
STU_00742,16,Female,High School,7.78,1.73,5.13,1.57,78.17,85.2
STU_00743,24,Female,University,3.23,1.4,8.55,0,71.23,79.38
STU_00744,20,Female,College,2.18,2.84,6.33,0.82,74.19,98.42
STU_00745,25,Female,University,7.5,3.75,6.36,0.38,64.94,78.41
STU_00746,21,Male,College,4.76,2.78,7.82,1.49,70.2,95.96
STU_00747,19,Female,College,7.87,2.21,5.32,1.18,54.91,73.48
STU_00748,13,Non-binary,High School,1.54,1.41,7.61,0.66,81,82.75
STU_00749,15,Female,High School,6.22,0.38,6.14,1.66,75.93,89.26
STU_00750,25,Female,University,4.61,0.16,7.05,0,86.65,81.71
STU_00751,24,Male,University,4.4,0,6.86,0.27,73.57,95.71
STU_00752,21,Female,College,3.7,3.64,7.78,0.89,77.1,94.73
STU_00753,24,Female,University,1.72,1.45,6.96,3.15,85.24,96.25
STU_00754,13,Male,High School,6.16,3.21,6.24,2.53,76.11,99.04
STU_00755,21,Female,College,3.52,1.21,9.05,0,83.97,84.56
STU_00756,20,Female,College,5.03,2.37,4.85,1.76,68.2,82.77
STU_00757,13,Male,High School,9.33,1.89,6.74,1.06,73.48,76.95
STU_00758,18,Male,College,3.16,5.33,8.73,1.95,67.38,96.15
STU_00759,17,Female,High School,3.76,1.64,6.63,0.04,60.44,75.67
STU_00760,18,Male,College,4.09,4.02,4.9,4.5,77.81,95.68
STU_00761,22,Male,University,3.51,0,6.24,0.48,73.33,95.1
STU_00762,24,Male,University,3.59,4.94,6.15,1.31,66.65,93.12
STU_00763,25,Male,University,6.24,3.99,7.96,3.66,62.97,99.66
STU_00764,25,Female,University,7.81,1.44,4.33,0.72,78.53,87.92
STU_00765,25,Male,University,4.82,1.41,7.14,0.44,63.98,83.07
STU_00766,17,Female,High School,6.35,4.65,4.32,2.12,58.79,87.04
STU_00767,18,Female,College,4.07,4.18,5.85,0.81,79.17,73.22
STU_00768,17,Female,High School,4.01,2.08,8.11,1.32,69.97,98.05
STU_00769,23,Male,University,3.5,0.95,7.6,0,58.51,93
STU_00770,24,Female,University,2.59,4.44,7.14,0.11,80.6,81.18
STU_00771,17,Male,High School,7.59,1.65,7.4,1.19,78.18,90.3
STU_00772,16,Male,High School,3.25,3.1,6.7,0.63,64.99,81.3
STU_00773,15,Female,High School,6.03,1.47,6.64,0,79.68,70.72
STU_00774,15,Female,High School,2.41,2.1,6.79,0.61,67.6,81.8
STU_00775,16,Female,High School,4.61,5.93,6.75,0.53,79.54,79.52
STU_00776,21,Non-binary,College,4.5,2.36,7.07,1.17,82.15,74.02
STU_00777,14,Female,High School,2.43,5.09,8.57,1.38,81.12,78.61
STU_00778,21,Female,College,3.63,0,5.11,1.89,81.45,77.05
STU_00779,13,Female,High School,1.83,0,7.07,0,79.09,82.71
STU_00780,13,Male,High School,4.54,3.55,6.22,0.06,51.25,73.14
STU_00781,17,Male,High School,0.1,1.12,8.96,0.23,68.95,99.07
STU_00782,18,Female,College,4.36,2.46,5.52,0.34,59.88,91.79
STU_00783,18,Female,College,6.13,0,6.21,0.23,74.71,73.27
STU_00784,15,Male,High School,4.47,0,6.87,0,66.62,74.35
STU_00785,19,Male,College,2.75,2.53,7.39,3.41,81.23,97.44
STU_00786,21,Male,College,2.88,1.63,6.7,1.46,75.7,99.12
STU_00787,23,Female,University,7.52,1.9,5.52,0,64.67,66.85
STU_00788,24,Female,University,4.9,5.5,5.41,0.61,71.03,86.93
STU_00789,22,Female,University,6.61,3.36,4.86,0.92,76.29,92.29
STU_00790,20,Female,College,6.86,6.36,4.75,0.75,76.22,77.19
STU_00791,18,Female,College,3.39,2.64,6.29,0.47,77.6,86.78
STU_00792,24,Male,University,2,5.19,5.8,2.64,65.77,84.82
STU_00793,20,Male,College,6.12,4.27,8.52,1.08,71.8,88.44
STU_00794,24,Male,University,2.36,1.59,7.52,1.27,78.33,98.56
STU_00795,17,Female,High School,3.02,2.19,5.59,3.11,70.42,86.38
STU_00796,20,Male,College,4.76,1.86,7.12,3.88,73.93,98.44
STU_00797,22,Female,University,3.87,4.43,4.6,1.29,60.95,78.84
STU_00798,24,Female,University,0,3,8.72,1.91,74.36,97.25
STU_00799,16,Male,High School,1.41,0.84,6.64,0,67.68,91.51
STU_00800,22,Female,University,7.02,0.18,7.75,1.05,77.08,88.18
STU_00801,20,Female,College,4.3,0.24,6.91,2.45,76.99,80.97
STU_00802,22,Male,University,6.33,0.89,6.79,0,73.91,82.65
STU_00803,24,Male,University,2.47,0.79,7.2,0,77.63,92.62
STU_00804,14,Female,High School,1.72,0.33,3.86,4.05,80.6,97.42
STU_00805,24,Male,University,6.31,4.52,6.74,0,73.35,65.74
STU_00806,24,Male,University,7.74,0,5.19,1.45,67.52,96.62
STU_00807,17,Female,High School,2.32,3.23,6.85,1.79,84.74,99.23
STU_00808,21,Female,College,7.04,6.6,6.45,1.67,66.47,80.71
STU_00809,16,Female,High School,2.06,2.66,8.62,2.19,81.16,98.43
STU_00810,23,Female,University,0.41,2.66,8.49,2.47,87.32,90.8
STU_00811,18,Female,College,5.96,2.91,5.04,0.98,64.67,73.51
STU_00812,13,Male,High School,2.11,0,5.57,0.88,76.14,84.19
STU_00813,21,Female,College,1.47,3.28,7.12,0.1,59.62,75.26
STU_00814,13,Male,High School,1.53,3.1,7.64,0.35,88.18,99.9
STU_00815,17,Male,High School,3.63,2.43,7.57,0.63,79.43,99.05
STU_00816,16,Female,High School,0.25,0,8.53,0.68,83.17,99.47
STU_00817,25,Female,University,5.99,5.91,5.39,1.38,60.98,88.3
STU_00818,24,Male,University,5.7,2.93,6.5,1.27,73.54,92.55
STU_00819,25,Female,University,5.7,0.3,5.13,0,77.71,72.14
STU_00820,25,Female,University,7.52,0.69,7.86,0,74.84,87.32
STU_00821,15,Female,High School,6.93,1.1,7.76,1.31,78.41,94.82
STU_00822,25,Male,University,2.23,5.36,6.51,0,70.23,79.61
STU_00823,18,Female,College,6.19,2.28,5.46,1.12,56.04,75.56
STU_00824,14,Male,High School,7.28,2.28,4.87,0.24,71.85,86
STU_00825,15,Male,High School,6.54,1.55,6.65,0.96,78.73,80.7
STU_00826,17,Female,High School,6.72,4.35,4.78,1.96,70.86,82.07
STU_00827,21,Female,College,4.12,4.44,7.26,0.6,81.74,85.88
STU_00828,14,Female,High School,2.88,0,7.15,1.14,82.18,98.48
STU_00829,22,Female,University,3.91,2.32,6.35,0,73.07,84.36
STU_00830,20,Male,College,2.75,2.11,7.82,1.45,77.16,88.45
STU_00831,14,Female,High School,7.01,0.78,4.2,0,78.71,77.73
STU_00832,23,Male,University,4.97,1.45,7.14,0.64,74,83.16
STU_00833,25,Female,University,6.56,1.97,6.29,0.56,55,94.6
STU_00834,17,Male,High School,0.88,0.69,7.03,1.74,73.53,97.87
STU_00835,19,Non-binary,College,3.38,3.03,7.54,2.61,79.75,97.55
STU_00836,20,Female,College,1.94,2.99,8.5,0.1,68.2,91.58
STU_00837,13,Female,High School,0.44,3.43,7.35,1.59,80.37,98.81
STU_00838,18,Female,College,5.25,1.66,7.14,2.65,65.32,99.85
STU_00839,13,Female,High School,1.84,0,6.71,1.03,78.91,89.96
STU_00840,14,Male,High School,3.57,1.22,6.05,2.14,84.59,94.94
STU_00841,13,Male,High School,2.07,0.61,7.45,0.92,60.52,86.07
STU_00842,23,Female,University,3.48,2.19,6.35,1.15,86.45,77.9
STU_00843,17,Male,High School,5.97,3.53,5.82,0,73.44,86.5
STU_00844,22,Female,University,2.11,5.9,8.41,2.35,87.95,94.05
STU_00845,21,Male,College,3.37,0.87,8.47,1.55,81.26,98.24
STU_00846,18,Male,College,5.82,2.73,4.86,0,68.88,61.18
STU_00847,23,Female,University,6.2,2.81,7.44,1.68,83.47,98.1
STU_00848,23,Non-binary,University,3.52,5.09,7.36,1.39,80.54,81.4
STU_00849,13,Female,High School,5.24,2.9,6.66,1.12,75.46,98.67
STU_00850,25,Female,University,6.54,1.84,7.64,0,62.73,87.62
STU_00851,13,Female,High School,1.86,2.42,8.85,0.97,84.16,96.43
STU_00852,14,Male,High School,2.72,3.13,7.7,0,85.51,83.71
STU_00853,21,Male,College,3.57,3.83,6.14,2.27,66.16,99
STU_00854,15,Female,High School,5.62,5.56,5.59,2.68,75.43,81.49
STU_00855,13,Female,High School,4.97,5.38,5.59,1.14,69.28,93.09
STU_00856,17,Female,High School,4.66,1.13,7.14,3.11,80.9,98.39
STU_00857,19,Non-binary,College,1.93,0,8.71,0.41,80.74,92.78
STU_00858,18,Male,College,6.68,0.25,4.98,2.31,75.89,75.81
STU_00859,24,Male,University,3.25,2.93,7.8,1.31,80.3,76.37
STU_00860,13,Female,High School,3.83,4.53,8.19,0.52,68.92,87.44
STU_00861,17,Male,High School,4.99,2.06,4.61,3.23,81.17,89.93
STU_00862,17,Male,High School,9.43,0.77,5.55,2.32,70.74,86.78
STU_00863,18,Male,College,2.9,0,5.64,1.42,82.43,82.88
STU_00864,15,Male,High School,2.77,5.35,7.06,0.5,80.4,91.9
STU_00865,17,Female,High School,3.56,1.63,5.8,0.77,57.7,83.06
STU_00866,19,Female,College,7.4,0,5.19,0,70.94,52.15
STU_00867,17,Female,High School,4.87,2.45,8.08,0,70.47,81.39
STU_00868,17,Female,High School,5.44,2.51,5.31,0.11,67.21,80.26
STU_00869,17,Male,High School,6.52,4.09,6.47,2.84,78.6,97.59
STU_00870,22,Female,University,7.32,0.35,6.32,0.54,72.99,82.34
STU_00871,22,Male,University,2.83,4.59,5.97,1.35,82.01,71.62
STU_00872,15,Male,High School,5.81,4.87,6.02,0,74.76,91.5
STU_00873,13,Male,High School,7.38,2.67,5.89,2.54,65.77,81.32
STU_00874,17,Female,High School,5.01,3.59,7.71,0,62.4,97.27
STU_00875,21,Female,College,2.45,3.96,7.95,3.61,76.73,98.08
STU_00876,13,Female,High School,1.96,1.42,7.56,2.38,84.92,98.34
STU_00877,15,Female,High School,5.63,0,8.42,1.06,75.04,98.53
STU_00878,25,Male,University,1.62,1.44,7.91,1.83,85.87,97.78
STU_00879,25,Female,University,2.47,0,6.23,1.13,73.4,79.2
STU_00880,16,Female,High School,3.28,3.35,5.93,0.7,75.78,72.45
STU_00881,13,Male,High School,5.2,5.38,8.64,1.99,77.59,97.85
STU_00882,13,Male,High School,5.96,0.95,7.49,1.62,70.67,88.02
STU_00883,20,Female,College,2.72,1.67,7.13,0.64,78.23,90.75
STU_00884,14,Female,High School,1.26,2.05,7.35,4.41,84.13,97.66
STU_00885,24,Female,University,6.54,6.21,5.98,0.49,57.97,93.96
STU_00886,20,Female,College,6.19,1.68,9.24,0.81,78.54,79.99
STU_00887,19,Non-binary,College,5.67,4.51,5.24,0,72.89,80.71
STU_00888,22,Male,University,5.44,2.57,7.47,1,74.35,76.31
STU_00889,22,Male,University,3.51,0,8.45,3.79,79.51,96.22
STU_00890,14,Male,High School,4.06,1.6,5.92,1.84,73.95,92.1
STU_00891,18,Male,College,4.69,4.08,5.49,2.14,70.52,98.96
STU_00892,18,Female,College,2.39,1.61,5.23,1.26,62.82,90.61
STU_00893,15,Female,High School,5.46,3.42,5.18,1.44,69.24,61.78
STU_00894,23,Female,University,4.8,5.62,7.2,2.87,64.6,97.28
STU_00895,14,Male,High School,4.16,3.43,6.4,2.63,66.77,95.66
STU_00896,24,Female,University,6.78,1.36,7.12,0.53,84.21,97.5
STU_00897,13,Male,High School,4.25,3.78,7.48,1.21,72.47,85.25
STU_00898,18,Male,College,6.15,3.38,6.23,1.87,77.22,71
STU_00899,24,Female,University,1.53,4.25,5.76,0.61,80.03,99.7
STU_00900,17,Female,High School,6.6,2.33,7.02,1.09,80.48,72.5
STU_00901,23,Male,University,6.01,1.04,3.53,0.54,74.18,65.46
STU_00902,21,Male,College,9.9,3.47,7.13,0.71,70.47,85.29
STU_00903,13,Female,High School,8.5,3.52,3.22,1.34,58.89,82.65
STU_00904,19,Male,College,6.84,1.54,4.82,0.85,62.51,81.09
STU_00905,17,Male,High School,3.15,0,6.55,2.19,78.87,90.1
STU_00906,17,Female,High School,2.29,1.68,5.59,2.38,73.02,99
STU_00907,14,Male,High School,2.69,0.38,4.86,1.88,77.14,93.42
STU_00908,23,Male,University,5.77,2.02,6.56,1.52,77.19,99.01
STU_00909,15,Female,High School,7.74,3.9,5.38,1.74,54.23,87.61
STU_00910,19,Non-binary,College,1.47,0,6.66,2.67,66.04,98.42
STU_00911,18,Non-binary,College,2.39,3.06,6.55,0,81.62,88.08
STU_00912,24,Male,University,4.58,3.24,4.86,0.21,58.58,75.75
STU_00913,14,Male,High School,1.66,0.84,7.98,0.7,78.53,81.17
STU_00914,18,Male,College,3.44,3.13,5.58,0,69.65,80.91
STU_00915,14,Male,High School,7.61,4.61,6.47,0.39,59.29,81.81
STU_00916,14,Female,High School,6.3,3.28,6.01,1.27,82.86,96.64
STU_00917,14,Female,High School,6.57,6.2,5.69,0.73,64.17,77.3
STU_00918,23,Female,University,2.04,2.65,6.45,1.03,75.85,80.51
STU_00919,15,Male,High School,0.14,4.31,8.09,2.55,83.75,98.14
STU_00920,14,Male,High School,3.43,6.16,7.72,1.75,86.34,84.49
STU_00921,16,Female,High School,0,3.41,8.4,1.02,87.95,82.81
STU_00922,21,Male,College,5.63,5.66,5.82,0.4,64.94,92.28
STU_00923,18,Female,College,6.37,3.32,6.23,0.16,82.33,76.13
STU_00924,13,Female,High School,2.54,5.12,5.67,3.86,77.63,99.82
STU_00925,20,Female,College,5.96,0.49,5.95,0,65.89,68.49
STU_00926,24,Male,University,5.94,2.61,4.9,1.51,69.31,90.37
STU_00927,19,Female,College,1.7,6.95,5.84,0,58.01,94.14
STU_00928,22,Male,University,3.5,0,7.33,0.6,73.58,99.67
STU_00929,15,Male,High School,3.33,1.11,6.78,0,79.47,73.37
STU_00930,13,Female,High School,6.83,6.41,5.18,0.3,66.44,86.81
STU_00931,17,Male,High School,6.33,2.31,7.44,1.49,72.78,91.69
STU_00932,25,Female,University,5.93,2.3,5.22,0,56.73,77.06
STU_00933,16,Female,High School,3.1,4.15,6.65,0,64.53,79.72
STU_00934,22,Female,University,7.48,4.5,8.23,1.8,72.46,84.67
STU_00935,20,Female,College,4.95,1.84,8.38,1.71,89.15,87.7
STU_00936,13,Male,High School,5.74,0,6,1.14,81.51,80.23
STU_00937,22,Non-binary,University,8.83,0.83,7.56,0,75.08,74.74
STU_00938,13,Female,High School,6.16,1.49,5.67,1.47,74.91,90.62
STU_00939,24,Female,University,4.2,0.38,7.35,2.24,85.18,83.21
STU_00940,16,Male,High School,3.25,0.95,9.05,0.62,76.75,68.72
STU_00941,20,Female,College,0.17,2.52,6.85,0,80.9,87.38
STU_00942,17,Male,High School,0.58,0.97,8.26,1.35,76.16,92.96
STU_00943,14,Female,High School,6.64,5.68,5.75,2.11,55.55,97.07
STU_00944,18,Male,College,0,1.77,6.65,1.91,75.56,81.82
STU_00945,17,Female,High School,7.03,0,7.23,0.43,65.25,97.01
STU_00946,14,Male,High School,6.51,4.61,6.7,1.26,65.22,79.03
STU_00947,25,Male,University,2.34,8.3,4.73,2.59,86.24,82.39
STU_00948,23,Male,University,4.95,1.91,6.19,0.46,67,85.1
STU_00949,23,Male,University,5.94,2.96,4.91,1.85,66.65,71.29
STU_00950,23,Male,University,4.73,4.85,4.3,0.8,54.05,72.35
STU_00951,15,Female,High School,7.58,1.82,5.98,1.76,67.38,90.52
STU_00952,21,Female,College,1.02,5.87,7.16,1.34,86.47,97.5
STU_00953,19,Female,College,5.76,0,7.81,0,74.62,87.24
STU_00954,19,Female,College,2.98,2.29,4.98,0,78.53,79.64
STU_00955,23,Male,University,0.15,1.03,6,0.82,84.11,76.65
STU_00956,18,Male,College,1.6,0.46,8.97,1.43,81.66,97.5
STU_00957,20,Male,College,3.19,1.08,6,2.15,69.94,92.72
STU_00958,16,Female,High School,4.56,3.42,4.76,0,75.82,86.16
STU_00959,20,Female,College,2.25,4.16,8.79,0.37,70.63,98.44
STU_00960,16,Male,High School,3.23,3.78,6.47,0,72.52,95.49
STU_00961,20,Male,College,3.51,0,6.41,0,80.25,91.05
STU_00962,21,Female,College,2.3,3.49,5.97,2.59,73.33,88.41
STU_00963,15,Female,High School,3.08,2.29,5.66,1.41,69.99,94.68
STU_00964,15,Female,High School,5.93,1.45,6.3,3.16,72.55,91.26
STU_00965,23,Female,University,8.62,2.11,6.4,0,62.6,87.74
STU_00966,25,Female,University,5.02,5.5,6.72,1.92,69.2,76.98
STU_00967,14,Male,High School,4.83,2,4.42,0,73.35,91.5
STU_00968,25,Male,University,4.3,3.88,8.29,2.43,87.36,82.65
STU_00969,22,Female,University,3.52,4.36,6.34,0,71.93,73.22
STU_00970,15,Female,High School,5.94,4.08,6.63,0.41,59.98,97.36
STU_00971,15,Female,High School,6.96,1.68,7.22,0.78,81.59,88.91
STU_00972,17,Male,High School,1.6,1.77,6.64,2.06,80.91,98.3
STU_00973,17,Male,High School,7.1,2.99,6.73,1.78,81.7,82.62
STU_00974,14,Male,High School,8.56,1.5,6.23,1.55,69.03,89.24
STU_00975,24,Male,University,1.98,0.97,6.76,2.01,65.19,84.46
STU_00976,22,Male,University,6.8,2.68,6.32,1.67,66.28,98.15
STU_00977,25,Female,University,8.59,1.05,5.44,0.56,68.7,82.84
STU_00978,18,Female,College,6.29,1.72,5.39,1.74,73.32,93.43
STU_00979,17,Male,High School,4.06,2.01,6.86,0.64,76.22,74.4
STU_00980,18,Female,College,6.45,1.5,6.57,0.61,49.07,90.3
STU_00981,13,Male,High School,2.47,2.04,7.24,0.98,82.74,99.9
STU_00982,17,Female,High School,3.72,1.72,8.48,0.18,68,91.78
STU_00983,21,Male,College,2.67,6.18,6.85,2.01,78.1,95.38
STU_00984,24,Male,University,1.13,5.68,6.33,2.3,85.31,84.48
STU_00985,22,Female,University,4.6,1.73,6.89,1.32,67.79,94.55
STU_00986,14,Male,High School,5.26,1.68,9.25,0,78.37,82.69
STU_00987,13,Male,High School,6.16,2.1,5.03,2.28,69.66,98.76
STU_00988,22,Male,University,0,2.93,9.27,0.97,83.75,96.86
STU_00989,25,Male,University,4.96,2.32,7.03,1.75,79.2,93.36
STU_00990,23,Male,University,4.7,2.53,6.64,1.75,59.63,98.73
STU_00991,21,Female,College,1.77,3.92,6.5,3.02,77.82,98.51
STU_00992,22,Female,University,3.39,0.94,6.4,1.37,78.48,83.76
STU_00993,21,Female,College,6.39,1.43,4.37,1.21,65.9,84.13
STU_00994,21,Male,College,4.74,0,6.99,3.2,86.3,99.2
STU_00995,18,Male,College,4.46,1.78,7.72,0.44,69.16,82.52
STU_00996,20,Male,College,6.73,2.57,6.06,2.53,65.42,94.18
STU_00997,23,Male,University,10.29,2.58,5.16,1.36,77.08,86.77
STU_00998,25,Female,University,3.89,4.76,5.55,2.73,58.36,97.73
STU_00999,13,Male,High School,5.12,0.93,6.73,0,75.96,96.73
STU_01000,22,Female,University,2.27,0,7.85,0.36,66.22,84.63
STU_01001,16,Male,High School,9.86,2.66,6.99,0,66.78,86.9
STU_01002,13,Male,High School,3.15,2.17,4.56,0,58.48,87.78
STU_01003,20,Male,College,0,4.04,6.53,2.63,78.61,96.97
STU_01004,13,Male,High School,6.05,2.65,7.2,0.98,52.43,76.59
STU_01005,15,Male,High School,0.47,4.8,5.54,0,79.77,84.35
STU_01006,25,Male,University,7.74,2.25,5.9,0,65.86,77.11
STU_01007,16,Male,High School,5.97,1.57,7.36,0.94,74.05,98.85
STU_01008,20,Female,College,1.93,3.78,6.73,1.59,80.58,88.15
STU_01009,18,Female,College,6.18,3.37,6.31,0,64.61,73.49
STU_01010,22,Male,University,3.67,1.22,5.45,0.37,64.91,98.87
STU_01011,24,Male,University,5.57,3.48,5.67,3.97,55.26,89.37
STU_01012,19,Female,College,1.3,3.29,7.33,1.76,67.61,75.46
STU_01013,20,Non-binary,College,1.14,2.41,8.02,0.27,81.25,98.98
STU_01014,14,Female,High School,5.29,4.52,5.82,1.62,68.72,98.94
STU_01015,25,Male,University,9.21,5.13,7.02,0.53,67.72,96.64
STU_01016,22,Female,University,2.89,1.46,6.95,0.5,81.38,86.25
STU_01017,23,Female,University,2.7,3.38,6.74,0.46,78.81,92.32
STU_01018,20,Male,College,3.65,2.63,8.38,0.12,77.65,74.11
STU_01019,15,Female,High School,1.19,1.69,4.68,1.78,82.44,91.63
STU_01020,19,Male,College,5.88,2.28,3.43,1,47.87,82.66
STU_01021,15,Non-binary,High School,6.76,0,7.54,0.26,55.81,90.42
STU_01022,19,Female,College,5.71,4.44,5.87,1.89,74.2,93.34
STU_01023,23,Female,University,4.08,3.92,7.05,1.53,75.95,95.14
STU_01024,24,Female,University,1.94,0,7.23,0.13,85.38,90.9
STU_01025,25,Male,University,9.66,2.17,6.4,0.43,62.58,78.84
STU_01026,14,Female,High School,2.36,3.11,7.66,1.68,71.86,95.38
STU_01027,22,Female,University,2.3,4.04,8.02,2.04,68.52,97.62
STU_01028,18,Female,College,0.02,2.03,7.81,0.3,86.75,87.54
STU_01029,15,Female,High School,0.95,2.06,8.53,0.24,77.28,88.96
STU_01030,15,Female,High School,5.37,3.16,5.75,0.26,81.46,93.78
STU_01031,21,Non-binary,College,3.43,1.27,7.38,2.44,86.22,98.87
STU_01032,19,Female,College,2.34,5.49,4.92,0.65,55.22,96.14
STU_01033,17,Female,High School,2.51,2.69,6.03,0,68.61,96.31
STU_01034,24,Male,University,3.22,2.85,7.57,2.37,78.63,98.55
STU_01035,22,Female,University,2.84,4.93,7.51,0,80.07,82.86
STU_01036,19,Male,College,8.01,2.46,5.83,0.34,66.17,90.86
STU_01037,21,Male,College,3.57,4.94,7.9,0,77.29,74.52
STU_01038,13,Male,High School,4.86,0,4.8,1.46,75.26,73.72
STU_01039,19,Female,College,4.65,4.58,7.57,0.93,69.69,93.51
STU_01040,18,Female,College,4.73,4.36,6.14,1.49,69.2,88.06
STU_01041,22,Female,University,3.57,0,4.71,0.29,85.76,89.14
STU_01042,24,Male,University,3.31,1.92,5.6,3.09,66.91,89.14
STU_01043,21,Female,College,6.11,3.23,5.68,0.63,64.17,94.28
STU_01044,13,Female,High School,5.05,3.96,5.1,1.91,67.07,97.89
STU_01045,25,Male,University,2.6,4.86,5.43,1.06,64.27,83.6
STU_01046,16,Male,High School,0,0,8.12,0.97,78.24,97.9
STU_01047,21,Male,College,2.98,2.64,6.11,1.49,84.74,85.51
STU_01048,16,Female,High School,1.1,0.81,4.61,3.87,80.2,91.55
STU_01049,22,Female,University,2.19,1.22,7.39,1.53,81.48,98.75
STU_01050,15,Male,High School,1.19,3.94,6.17,0.67,80.24,72.2
STU_01051,21,Non-binary,College,7.4,1.07,7.92,2.02,84.24,96.17
STU_01052,25,Male,University,7.38,2.51,5.24,0,49.12,64.71
STU_01053,14,Male,High School,6.4,1.7,4.28,4.05,83.8,97.99
STU_01054,16,Male,High School,3.67,4.31,6.21,1.8,81.38,80.68
STU_01055,18,Male,College,2.84,0,5.78,0.17,75.52,81.68
STU_01056,14,Male,High School,0.76,4.73,5.73,0.52,59.36,79.99
STU_01057,20,Male,College,6.79,5.18,5.59,1.2,75.13,85.27
STU_01058,20,Female,College,6.67,3.57,5.95,0,74.69,95.58
STU_01059,13,Male,High School,5.73,2.91,5.97,2.43,79.71,92.08
STU_01060,24,Female,University,1.73,0,6.97,2.5,80.37,97.62
STU_01061,15,Female,High School,3.66,3.66,7.3,2.06,73.01,97.87
STU_01062,22,Male,University,4.2,4.32,6.19,0.63,82.3,88.67
STU_01063,21,Female,College,0.08,2.68,7.51,4.97,87.96,99.89
STU_01064,17,Male,High School,8.07,1.32,7.13,0,69.65,97.4
STU_01065,18,Female,College,1.12,5.13,6.1,0.72,78.08,70.33
STU_01066,16,Female,High School,2.55,0.94,7.02,0,68.42,86.65
STU_01067,22,Male,University,0.07,4.53,7.14,1.62,82.59,96.26
STU_01068,14,Female,High School,3.99,3.45,4.88,0.45,76,84.58
STU_01069,23,Female,University,3.88,2.19,4.11,1.53,63.04,97.6
STU_01070,20,Female,College,6.78,6.72,5.68,2.83,62.75,74.25
STU_01071,23,Female,University,2.13,3.37,5.58,2.46,71.7,87.36
STU_01072,25,Male,University,1.79,3.55,8.81,0.77,80.04,85.58
STU_01073,18,Female,College,4.7,3.42,7.3,0.97,65.66,98.72
STU_01074,17,Male,High School,0,3.04,5.96,0.85,67.33,85.9
STU_01075,21,Male,College,7.83,2.33,3.93,1.86,56.6,87.34
STU_01076,13,Male,High School,1.2,3.86,5.44,0.06,74.58,76.08
STU_01077,17,Male,High School,9.04,2.68,6,2.72,75.45,92.02
STU_01078,18,Female,College,2.52,0,6.76,1.71,73.84,95.98
STU_01079,17,Female,High School,0.93,1.02,8.1,0,74.22,99.19
STU_01080,18,Female,College,5.96,4.57,4.87,0.71,51.07,66.5
STU_01081,18,Male,College,5.81,4.09,6.79,0,60.37,81.12
STU_01082,19,Female,College,5.87,0.63,6.95,1.01,71.49,79.55
STU_01083,16,Female,High School,4.75,1.52,8.15,0.56,86.52,85.6
STU_01084,23,Male,University,10.1,1.39,6.07,0,40.07,69.96
STU_01085,20,Male,College,1.13,5.12,5.77,2.95,78.74,98.89
STU_01086,19,Female,College,7.9,0,7.9,3.11,75.4,94
STU_01087,21,Female,College,0.48,1.4,6.96,1.2,75.82,77.04
STU_01088,19,Female,College,8.63,2.64,5.45,0.44,54.53,76.62
STU_01089,15,Female,High School,5.38,0,6.84,1.05,75.13,97.71
STU_01090,15,Female,High School,8.4,2.65,7.42,0.64,64.37,95.43
STU_01091,20,Male,College,6.73,0.62,7.7,0.41,63.23,71.98
STU_01092,17,Female,High School,0,0.99,8.09,3.22,85.76,92.77
STU_01093,16,Male,High School,3.66,1.56,7.86,1.55,71.49,94.38
STU_01094,20,Female,College,1.37,2.17,7.58,1.3,85.29,96.74
STU_01095,18,Female,College,8.23,1.48,5.01,1.64,63.73,79.45
STU_01096,14,Female,High School,6.5,2.67,7.39,1.25,82.01,93.43
STU_01097,16,Non-binary,High School,4.88,4.74,3.33,1.25,63.54,71.42
STU_01098,24,Male,University,3.47,4.06,6.54,0.21,83.82,83.63
STU_01099,23,Female,University,5.56,5.22,6.2,1.36,66.21,93.07
STU_01100,16,Female,High School,2.1,2.37,9.55,2.17,78.94,87.82
STU_01101,18,Non-binary,College,5.2,2.37,5.31,0.28,85.47,89.23
STU_01102,18,Female,College,4.19,2.87,7.78,2.23,78.43,93.7
STU_01103,13,Male,High School,2.46,0,7.39,1.84,74.96,89.44
STU_01104,20,Female,College,6.24,4.36,5.72,1.94,76.73,98.35
STU_01105,18,Female,College,9.21,1.83,3.69,0.47,49.86,65.94
STU_01106,15,Male,High School,0.93,2.42,7.37,0.39,79.96,85.05
STU_01107,21,Female,College,6.86,3.27,6.42,1.41,74.3,83.64
STU_01108,14,Female,High School,2.48,1.11,6.71,2.13,80.41,74.74
STU_01109,23,Female,University,5.96,1.17,8.46,3.34,77.68,97.94
STU_01110,20,Male,College,2.96,3.2,8.1,0,77.51,81.65
STU_01111,22,Female,University,3.75,3.29,6.4,1.37,77.59,81.99
STU_01112,15,Female,High School,4,6.62,7.57,1.96,62.16,79.25
STU_01113,25,Female,University,7.9,2.94,7.59,1.71,73.41,71.34
STU_01114,24,Male,University,4.27,3.46,5.73,0,73.13,99.31
STU_01115,17,Male,High School,3.65,6.69,5.05,2.08,72.77,91.02
STU_01116,18,Female,College,4.29,3.12,5.09,0,83.08,95.14
STU_01117,22,Female,University,9.24,3.28,7,0,63.13,84.44
STU_01118,18,Male,College,5.9,0,6.21,2.69,70.08,83.26
STU_01119,16,Male,High School,2.97,1.8,6.01,0.21,82.43,92.35
STU_01120,15,Male,High School,8.25,2.87,7.13,2.07,86.7,98.01
STU_01121,16,Female,High School,4.95,1.13,6.27,1.38,71.4,76.17
STU_01122,13,Male,High School,2.34,2.88,5.61,2.6,84.26,99.49
STU_01123,16,Male,High School,5.48,3.79,8.09,0.52,84.37,83.53
STU_01124,13,Male,High School,4.12,4.16,7.73,0.67,80.17,86.89
STU_01125,24,Female,University,0,2.3,6.5,2.11,71.81,92.24
STU_01126,13,Male,High School,5.33,0,5.79,2.64,79.8,88.78
STU_01127,22,Male,University,1.81,2.66,6.75,2.72,76.93,87.38
STU_01128,18,Female,College,1.32,1.74,7.92,0.6,67.84,95.89
STU_01129,17,Male,High School,0,1.12,8.75,3.91,78.42,97.68
STU_01130,23,Male,University,4.82,1.99,5.28,0,65.01,85.54
STU_01131,16,Female,High School,4.13,1.88,4.74,0.89,68.69,83.41
STU_01132,25,Male,University,6.87,2.11,6.01,2.28,76.9,79.6
STU_01133,23,Female,University,2.51,1.68,5.66,1.79,60.7,95.32
STU_01134,15,Male,High School,3.3,5.09,6.17,3.11,82.44,91.16
STU_01135,13,Female,High School,9.45,2.98,5.06,0.63,75.08,85.26
STU_01136,18,Male,College,0,2.99,5.25,2.56,81.9,99.9
STU_01137,14,Female,High School,7.54,3.25,8.08,0,64.06,76.02
STU_01138,20,Male,College,2.55,0.03,7.27,0.19,69.7,75.73
STU_01139,22,Male,University,11.81,4.16,6.03,0,46.86,82.86
STU_01140,17,Female,High School,6.31,8.35,3.08,0,56.11,62.35
STU_01141,19,Non-binary,College,2.93,0.77,6.1,0,81.28,92.09
STU_01142,22,Male,University,1.02,1.29,6.41,1.19,82.37,92.59
STU_01143,24,Female,University,5.52,1.51,7.72,1.21,66.87,99.01
STU_01144,14,Male,High School,0,3.04,9.24,1.58,76.35,93.27
STU_01145,25,Female,University,6.22,2.26,4.92,1.88,54.81,84.9
STU_01146,20,Male,College,1.02,1.57,7.38,1.24,68.77,87.93
STU_01147,14,Female,High School,2.08,3.55,8.38,0,84.56,73.53
STU_01148,16,Male,High School,0,3.2,6.36,1.02,84.02,93.07
STU_01149,13,Male,High School,4.83,4.7,5.38,1.89,78.51,97.81
STU_01150,17,Male,High School,5.2,2.76,7.06,1.34,57.84,98.88
STU_01151,21,Male,College,4.57,2.43,4.65,0,75.81,81.61
STU_01152,13,Female,High School,0.19,1.72,4.85,0.15,79.09,96.28
STU_01153,21,Non-binary,College,8.09,2.92,2.27,0.32,51.69,62.25
STU_01154,23,Female,University,4.09,0.62,7.65,2.04,82.68,94.7
STU_01155,20,Male,College,3.2,4.46,8.22,0.79,84.27,97.16
STU_01156,18,Male,College,6.51,3.63,6.17,1.61,65.61,97.71
STU_01157,19,Female,College,3.4,2.9,7.91,2.33,80.25,99.74
STU_01158,15,Non-binary,High School,5.6,1.78,3.9,1.73,70.72,78.8
STU_01159,13,Male,High School,2.55,5.45,7.29,1.79,73.09,88.39
STU_01160,17,Female,High School,6.54,1.51,6.54,0,64.49,92.96
STU_01161,24,Non-binary,University,6.48,0.97,5.39,0,63.66,90.27
STU_01162,24,Female,University,3.37,1.94,7.24,1.64,61.98,91.82
STU_01163,14,Male,High School,4.88,3.99,8.52,0.12,57.49,98.87
STU_01164,17,Male,High School,4.44,5.08,7.42,1,71.83,90.54
STU_01165,20,Female,College,4.19,4.41,5.7,2.68,69.69,87.64
STU_01166,23,Female,University,1.53,0.14,6.53,0.09,67.46,97.9
STU_01167,21,Male,College,1.88,2.39,7.48,1.66,80.62,85.88
STU_01168,14,Male,High School,3.54,1.63,7.52,2.8,79.57,88.04
STU_01169,24,Female,University,4.67,3.22,5.52,0,56.24,85.76
STU_01170,15,Male,High School,2.29,1.97,9.1,0.38,83.23,90.66
STU_01171,15,Male,High School,4.54,3.9,6.36,0.15,78.63,92.32
STU_01172,13,Female,High School,0,1.68,8.7,2.01,71.91,99.81
STU_01173,20,Female,College,4.51,0.98,6.32,0.79,57.14,98.9
STU_01174,18,Female,College,4.69,4.85,8.94,1.78,82.63,90.83
STU_01175,24,Male,University,6.55,2.44,6.71,0,61.27,70.45
STU_01176,25,Female,University,8.06,4.09,3.68,0.3,70.33,80.01
STU_01177,20,Female,College,6.21,0.43,5.5,0.41,79.37,92.14
STU_01178,23,Male,University,8.99,0.78,6.64,0.75,70.67,97.73
STU_01179,21,Female,College,4.43,0.22,8.64,1.35,73.21,98.45
STU_01180,17,Male,High School,4.62,1.11,6.9,0.33,79.27,82.7
STU_01181,24,Male,University,6.52,1.28,4.93,1.06,77.59,97.61
STU_01182,15,Male,High School,4.23,1.12,6.65,1.35,86.07,90.44
STU_01183,17,Male,High School,3.67,2.43,7.17,0,74.97,80.11
STU_01184,17,Male,High School,7.94,0.7,7.22,1.13,64.09,95.49
STU_01185,17,Female,High School,6.31,1.14,8.16,1.09,73.83,80
STU_01186,15,Male,High School,6.15,2.89,7.79,3.72,70.25,89.18
STU_01187,23,Non-binary,University,2.34,6.03,6.49,1.55,86.45,99.78
STU_01188,22,Female,University,6.86,3.36,4.17,0.73,77.91,77.93
STU_01189,16,Male,High School,4.71,3.19,7.61,2.73,78.88,97.39
STU_01190,21,Male,College,2.03,2.02,6.4,0.64,85.4,83.77
STU_01191,25,Female,University,6.24,0,8.5,0,73.45,83.4
STU_01192,22,Female,University,1.5,2.14,7.85,0.98,73.33,89.9
STU_01193,21,Male,College,0,0.66,7.18,2.14,79.45,89.87
STU_01194,14,Male,High School,0,4.34,9.61,3.88,81.32,98.19
STU_01195,20,Female,College,3.88,5.33,6.94,1.52,81.86,97.3
STU_01196,20,Male,College,8.35,0.86,7.63,0.48,53.81,65.4
STU_01197,19,Female,College,5.28,2.46,5.57,0.45,64.78,84.98
STU_01198,20,Female,College,4.24,0.05,5.69,0,79.9,77.8
STU_01199,15,Male,High School,7.8,3.99,3.32,0,63.78,91.39
STU_01200,25,Male,University,5.78,4.75,7.25,1.01,65.87,97.34
STU_01201,18,Male,College,7.06,3.53,5.72,0.02,71.2,97.75
STU_01202,13,Female,High School,6.93,3.08,8.95,0.95,73.88,95.21
STU_01203,19,Male,College,3.72,2.42,7.06,0.49,74.2,98.16
STU_01204,13,Male,High School,3.92,3.39,6.94,0.19,57.56,87.17
STU_01205,21,Female,College,2.42,2.01,8.59,0,71.06,95.34
STU_01206,13,Male,High School,6.58,1.83,6.09,0.1,74.57,70.37
STU_01207,13,Female,High School,1.43,4.76,6.23,3.89,84.18,98.01
STU_01208,19,Female,College,2.29,3.91,5.35,0.86,67.89,99.48
STU_01209,14,Male,High School,4.32,1.47,6.78,0.8,74.12,85.58
STU_01210,17,Female,High School,4.77,5.75,6.67,1,74.37,89.44
STU_01211,20,Female,College,5.97,1.25,5.86,2.08,79.51,99.76
STU_01212,20,Male,College,4.4,5.98,7.94,1.52,68.34,97.48
STU_01213,15,Male,High School,3.59,0.16,4.6,0.99,74.44,92.95
STU_01214,19,Male,College,6.31,2.24,7.28,0.73,73.73,88.21
STU_01215,15,Female,High School,6.79,3.32,4.89,0.48,65.57,80.24
STU_01216,18,Male,College,0.25,3.13,8.13,0,59.67,85.87
STU_01217,18,Non-binary,College,7.17,2.83,6.31,0.22,78.46,70.14
STU_01218,15,Female,High School,3.68,4.79,6.65,3.32,83.4,93.39
STU_01219,19,Male,College,8.5,3.3,6.57,2.53,80.1,89.75
STU_01220,15,Female,High School,2.87,3.43,7.67,0.01,55.01,86.55
STU_01221,20,Male,College,2.01,1.41,6.72,0.16,70.2,89.76
STU_01222,22,Female,University,6.12,3.98,6.63,3.26,85.1,93.35
STU_01223,16,Female,High School,9.83,1.7,6.72,0,63.47,89.42
STU_01224,25,Male,University,0.44,4.55,8.86,0,70.53,99.85
STU_01225,13,Male,High School,6.6,5.1,6.62,0,74.38,89.72
STU_01226,16,Female,High School,5.9,2.64,5.9,0.8,83.4,86.57
STU_01227,19,Female,College,4.42,3.44,8.75,1.77,80.51,84.15
STU_01228,23,Female,University,9.68,3.01,7.31,0,75.6,72.73
STU_01229,16,Male,High School,0,2.37,8.46,2.46,82.44,99.51
STU_01230,25,Male,University,7.28,2.1,6.54,0.12,61.75,98.85
STU_01231,18,Male,College,6.93,0.46,6.36,0.69,72.66,94.25
STU_01232,21,Female,College,7.49,1.31,4.4,2.67,65.56,93.67
STU_01233,13,Male,High School,7.18,2.67,7.61,3.1,69.2,97.57
STU_01234,25,Male,University,5.09,5.08,2.54,1.9,64.35,79.12
STU_01235,17,Female,High School,3.74,3.12,6.89,1.55,65.45,99.72
STU_01236,23,Female,University,2.97,4.55,6.26,0,65.64,85.84
STU_01237,19,Male,College,5.97,0,7.24,2.92,85.3,81.45
STU_01238,13,Male,High School,4.48,4.95,6.03,1.25,57.7,85.43
STU_01239,16,Female,High School,3.97,3.68,6.72,1.34,62.93,82.98
STU_01240,18,Male,College,3.12,4.37,5.97,1.15,81.4,98.82
STU_01241,14,Male,High School,3.48,0,7.14,1.07,81.67,98.31
STU_01242,22,Male,University,6.44,1.79,5.43,0,63.28,69.95
STU_01243,17,Female,High School,4.55,0.61,6.71,0.21,65.76,81.99
STU_01244,23,Female,University,7.52,3.78,5,0.5,81.29,61.19
STU_01245,22,Male,University,1.12,3.42,9.12,0.43,83.39,96.85
STU_01246,13,Male,High School,6.05,4.18,4.28,0.63,72.58,93.34
STU_01247,18,Female,College,1.98,1.82,5.9,0.02,68.67,81.39
STU_01248,18,Non-binary,College,7.52,3.98,5.52,0.7,45.25,74.1
STU_01249,25,Female,University,7.59,2.51,5.53,0.55,69.09,86.5
STU_01250,16,Non-binary,High School,0.97,4.61,7.89,1.5,75.54,98.56
STU_01251,25,Female,University,2.59,3.74,6.74,3.5,85.44,99.82
STU_01252,20,Female,College,2.69,1.19,6.06,2,65.41,92.75
STU_01253,16,Male,High School,7.66,3.02,5.61,0.39,61.42,75.79
STU_01254,20,Male,College,3.01,0.01,7.81,2.98,76.53,99.9
STU_01255,25,Male,University,6.23,4.65,3.46,0.06,74.01,73.68
STU_01256,20,Female,College,2.85,3.7,5.37,1.98,84.56,89.47
STU_01257,17,Female,High School,7.19,3.77,5.64,1.95,72.46,86.87
STU_01258,25,Female,University,7.44,4.15,6.23,0,56.96,84.28
STU_01259,16,Male,High School,8.67,2.9,5.86,0.8,65.65,92.07
STU_01260,24,Male,University,4.07,0,7.17,0.67,79.23,87.19
STU_01261,25,Male,University,4.51,4.24,6.24,1.83,78.71,92.89
STU_01262,14,Male,High School,4.15,1.18,7.62,0.91,72.05,73.51
STU_01263,23,Female,University,4.57,1.02,6.36,0.52,65.65,92.3
STU_01264,15,Female,High School,3.44,3.85,5.71,0,70.72,65.61
STU_01265,15,Male,High School,7.14,1.56,4.79,1.93,68.73,87.11
STU_01266,16,Male,High School,2.6,2.8,6.46,0.59,79.66,79.45
STU_01267,16,Female,High School,4.14,3.81,6.33,0,81.27,85.82
STU_01268,22,Male,University,4.98,3.75,5.96,0.55,82.64,91.28
STU_01269,23,Female,University,5.73,4.48,4.21,1.08,74.12,84.72
STU_01270,23,Male,University,1.52,1.51,7.44,0.97,73.87,97.02
STU_01271,17,Male,High School,3.89,1.95,6.69,0,80.05,76.38
STU_01272,16,Male,High School,4.56,3.13,7.2,1.11,66.85,85.94
STU_01273,23,Male,University,6.51,0.19,6.22,0,70.75,78.96
STU_01274,22,Female,University,3.97,1.06,5.57,0.1,70.79,93.35
STU_01275,20,Male,College,4.24,0.9,6.63,0.1,58.99,73.06
STU_01276,18,Male,College,4.84,0,9.02,2.81,78.32,94.24
STU_01277,18,Male,College,7.12,1.53,5.41,1.27,78.07,85.94
STU_01278,20,Male,College,0,2.52,6.88,1.48,64.36,97.13
STU_01279,19,Male,College,4.77,2.79,5.41,1.48,64.47,92.24
STU_01280,22,Female,University,7.42,1.67,6.11,1.8,74.11,94.83
STU_01281,23,Female,University,2.43,0.95,6,0,76.01,82.74
STU_01282,24,Female,University,2.62,2.28,6.53,0.98,67.87,84.93
STU_01283,22,Male,University,7.56,1.58,7.53,0.29,78.05,87.97
STU_01284,25,Male,University,3.63,0,7.81,0.39,85.57,97.57
STU_01285,20,Male,College,3.7,0.94,6.68,0.15,67.01,80.9
STU_01286,14,Male,High School,5.19,3.05,6.31,0,62.15,93.5
STU_01287,21,Female,College,0,2.48,8.18,0.84,70.52,98.4
STU_01288,13,Female,High School,0,2.84,4.86,1.56,74.11,96.86
STU_01289,20,Female,College,5.95,3.61,5.63,0.96,61.79,67.95
STU_01290,24,Male,University,3.89,2.99,8.31,0.28,60.94,89.32
STU_01291,23,Male,University,4.1,2.66,7.51,1.39,86.21,87.86
STU_01292,24,Female,University,2.86,1.77,6.6,1.65,78.66,90.27
STU_01293,24,Male,University,3.81,1.27,4.39,0.64,65.15,91.45
STU_01294,16,Female,High School,7.48,2.61,3.82,0.95,76.69,92.29
STU_01295,16,Female,High School,4.83,0.66,4.59,1.34,80.9,91.14
STU_01296,17,Female,High School,7.15,3.77,4.66,0.19,58.73,79.13
STU_01297,20,Female,College,4.11,0.79,5.68,1.56,66.94,81.81
STU_01298,17,Male,High School,4.55,5.02,7.49,0,83.67,81.96
STU_01299,20,Male,College,5.31,2.4,4.71,0,73.45,85.78
STU_01300,22,Male,University,5.82,4.55,5.2,0.8,74.98,74.76
STU_01301,13,Female,High School,2.38,0.57,7.72,2.51,78.26,97.32
STU_01302,24,Male,University,4.44,5.46,6.38,1.04,77.54,94.33
STU_01303,22,Female,University,2.81,0.55,7.48,0.98,81.79,96.55
STU_01304,21,Female,College,8.27,2.4,5.91,0,63.98,70.85
STU_01305,18,Female,College,0.19,0.15,8.8,2.58,80.63,96.3
STU_01306,15,Male,High School,5.97,2.54,7.06,1.91,78.35,76.4
STU_01307,25,Male,University,2.57,2.25,5.53,0,68.65,73.81
STU_01308,20,Female,College,1.66,0,6.43,2.63,70.97,99.42
STU_01309,21,Female,College,3.74,2.76,6.85,0.31,61.34,63.91
STU_01310,18,Female,College,7.73,3.44,6.03,0.93,60.53,98.81
STU_01311,23,Male,University,2.89,0.95,8.17,3.18,77.25,92.27
STU_01312,19,Female,College,0,1.99,8.69,0,75.23,80.19
STU_01313,13,Female,High School,2.14,2.1,8.2,1.26,78.26,99.65
STU_01314,17,Male,High School,4.81,5.48,6.07,0.1,56.6,87.34
STU_01315,17,Female,High School,0.46,2.86,8.42,0,74.51,96.43
STU_01316,22,Female,University,6.3,1.52,7.84,0.26,74.74,75.36
STU_01317,16,Male,High School,0.55,0.53,7.55,0,80.23,96.24
STU_01318,18,Male,College,3.29,0,5.02,1.18,71.22,93.11
STU_01319,19,Female,College,6.55,2.27,5.05,2.41,69.79,76.32
STU_01320,21,Male,College,3.24,2.71,6.12,1.1,72.47,72.08
STU_01321,13,Female,High School,1.14,0.32,6.76,0,76.12,90.68
STU_01322,18,Female,College,4.27,0,5.95,0,74.79,83.89
STU_01323,19,Female,College,3.27,3.35,6.2,1.82,75.49,94.22
STU_01324,15,Female,High School,7.53,4.26,6.54,2.3,73.67,93.78
STU_01325,20,Male,College,6.55,1.98,6.6,1.57,59.64,95.22
STU_01326,17,Male,High School,5.77,3.41,5.67,0,67.67,70.16
STU_01327,21,Female,College,4.55,2.31,7.17,0,60.19,98.91
STU_01328,17,Male,High School,3.95,7.18,6.84,1.57,67.66,99.64
STU_01329,21,Female,College,3.94,2.35,7.2,4.01,69.8,97.81
STU_01330,22,Female,University,0.23,4.98,7.03,0,80.94,84.44
STU_01331,16,Male,High School,4.51,3.52,6.84,2.12,79.21,84.03
STU_01332,21,Male,College,2.52,1.52,6.94,0.35,68.35,84.73
STU_01333,17,Female,High School,4.29,3.56,6.12,0.63,62.48,71.55
STU_01334,22,Female,University,4.63,2.4,7.33,0.93,65.86,94.27
STU_01335,21,Male,College,3.29,0.67,8.06,2.34,73.03,98.36
STU_01336,15,Female,High School,6.83,2.67,5.24,1.27,81.16,72.14
STU_01337,16,Female,High School,1.81,1.73,9.85,0.72,77.8,99.17
STU_01338,21,Non-binary,College,3.27,2.41,5.47,0.62,65.94,79.85
STU_01339,22,Male,University,3.68,2.37,6.64,1.27,76.98,82.17
STU_01340,23,Male,University,7.39,2.1,6.92,0.9,62.73,98.85
STU_01341,18,Female,College,4.58,0.78,7.06,0,68.5,84.96
STU_01342,14,Female,High School,4.46,4.7,5.19,2.2,68.85,82.65
STU_01343,19,Male,College,6.68,2.37,6.51,3.07,73.75,90.1
STU_01344,14,Female,High School,3.19,2.9,8.54,1.78,88.27,95.89
STU_01345,23,Female,University,6.69,2.14,6.03,1.21,62.75,84.88
STU_01346,14,Male,High School,5.49,1.77,4.79,2.5,69.58,98.34
STU_01347,23,Female,University,7.59,2.86,4.38,1.26,63.31,95.18
STU_01348,13,Female,High School,3.55,5.03,7.8,0.47,76.08,98.95
STU_01349,23,Male,University,3.76,0,6.51,3.53,76.05,92.12
STU_01350,23,Male,University,4.86,0.54,6.68,1.12,71.67,97.94
STU_01351,24,Female,University,4.35,1.91,7.03,1.33,70.1,85.21
STU_01352,23,Male,University,6.42,1.08,3.32,2.02,56.52,69.54
STU_01353,15,Male,High School,3.96,6.13,7.54,1.86,81.7,85.2
STU_01354,18,Female,College,1.85,1.87,9.2,0.3,76.71,98.43
STU_01355,20,Female,College,7.89,3.35,5.49,1.46,53.83,89.69
STU_01356,21,Female,College,9.29,1.99,5.77,1.05,63.26,82.57
STU_01357,19,Female,College,0.58,0,8.26,2.18,85.19,94.45
STU_01358,16,Male,High School,5.7,1.77,5.9,1.62,74.09,93.93
STU_01359,18,Male,College,6.37,0.39,7.81,0.38,82.81,86.17
STU_01360,17,Male,High School,5.11,3.1,7.04,2.09,71.48,97.83
STU_01361,20,Male,College,8.43,1.96,7.55,0.18,55.16,86.05
STU_01362,13,Female,High School,1.15,1.12,5.82,1.44,81.19,93.2
STU_01363,13,Female,High School,3.09,2.3,7.23,1.34,78.64,88.43
STU_01364,25,Female,University,4.77,1.73,7.11,0.36,67.4,80.75
STU_01365,23,Male,University,6.8,4.34,6.9,3.36,73.29,72.3
STU_01366,18,Male,College,7.52,3.51,5.87,0,63.31,84.36
STU_01367,22,Female,University,1.49,5.62,5.61,0,73.79,79.87
STU_01368,24,Male,University,0.06,3.8,5.34,2.58,68.32,97.74
STU_01369,14,Male,High School,6.45,3.38,5.54,0.47,70.01,70.81
STU_01370,17,Female,High School,4.79,3.57,5.66,2.74,69.21,98.85
STU_01371,13,Male,High School,4.91,3.82,5.87,0.81,83.75,84.82
STU_01372,19,Male,College,6.51,0,6.3,0.91,74.2,80.91
STU_01373,13,Female,High School,2.48,3.43,5.25,4.53,84.86,96.78
STU_01374,16,Male,High School,3.9,0,5.68,1.01,85.35,93.71
STU_01375,21,Female,College,5.81,0,6.08,1.11,73.81,82.39
STU_01376,13,Male,High School,2.12,0.5,7.61,2.55,69.84,98.84
STU_01377,16,Male,High School,3.14,2.96,5.96,1.41,85.71,97.37
STU_01378,18,Male,College,4.76,0.16,7.24,0.83,78.83,95.05
STU_01379,18,Female,College,5.81,3.42,8.36,0.57,69.61,97.9
STU_01380,24,Female,University,0.88,5.44,6.79,0.35,78.26,97.3
STU_01381,25,Non-binary,University,6.17,1.95,8.34,0.43,76.33,91.96
STU_01382,20,Female,College,5.59,2.87,7.8,1.95,79.91,98.83
STU_01383,13,Female,High School,2.39,1.24,7.66,2.45,80.31,84.87
STU_01384,19,Male,College,10.12,0.29,5.38,0,63.95,76.2
STU_01385,13,Male,High School,2.12,2.15,6.68,2.69,72.6,98.19
STU_01386,25,Male,University,6.34,1.1,7.53,1.89,77.54,97.41
STU_01387,19,Male,College,5.19,1.67,6.63,0.62,73.58,76.51
STU_01388,15,Male,High School,3.47,1.18,9.16,1.98,81.99,98.75
STU_01389,23,Male,University,4.73,0.09,6.4,2.69,74.39,93.51
STU_01390,20,Male,College,5.83,2.29,6.25,1.32,71.68,84.84
STU_01391,15,Male,High School,11.64,0,8.01,0.53,52.22,98.6
STU_01392,25,Male,University,0.88,3.41,5.82,0.37,80.71,83.66
STU_01393,13,Female,High School,0,0,9.97,1.05,78.35,94.8
STU_01394,25,Female,University,1.97,1.43,4.45,1.27,63.39,71.2
STU_01395,25,Male,University,4.42,4.6,5.36,0,71.9,76.38
STU_01396,20,Male,College,6.16,3.79,4.84,0,79.83,69.72
STU_01397,15,Male,High School,4.74,2.5,4.53,1.95,78.41,75.89
STU_01398,14,Female,High School,4.12,6.45,5.41,0.54,56.41,89.14
STU_01399,13,Male,High School,8.34,2.67,5.43,0,71.2,67.91
STU_01400,15,Female,High School,2.52,4.4,6.9,0.74,84.81,92.88
STU_01401,14,Male,High School,8.66,1.37,3.57,0.27,61.11,89.42
STU_01402,14,Male,High School,6.05,0,8.75,1.16,73.25,85.17
STU_01403,18,Male,College,8.25,2.91,5.3,1.24,63.69,90.73
STU_01404,24,Male,University,2.14,3.3,7.1,2.01,81.43,90.93
STU_01405,13,Female,High School,3.62,3.24,5.9,0.84,77.51,99.66
STU_01406,14,Female,High School,0.85,0,7.38,1.16,84.04,91.04
STU_01407,18,Female,College,5.25,7.86,6.24,0,79.93,75.21
STU_01408,15,Female,High School,5.3,0.51,7.47,0.45,75.93,97
STU_01409,16,Female,High School,9.52,2.68,3.7,0,75.35,65.56
STU_01410,13,Female,High School,4.7,2.95,8.66,1.78,76.81,82.68
STU_01411,20,Male,College,0.71,3.97,3.97,4.12,78.9,99.89
STU_01412,25,Male,University,6.86,1.26,6.64,1.41,72.6,96.56
STU_01413,19,Male,College,2.22,3.44,7.17,2.7,73.09,98.3
STU_01414,19,Female,College,1.33,5.41,5.91,2.27,60.72,96.65
STU_01415,15,Male,High School,6.25,1.67,6.25,0,59.49,84.3
STU_01416,22,Female,University,2.58,1.59,7.19,1.31,84.35,90.97
STU_01417,22,Male,University,3,0.68,5.94,0,85.23,68.95
STU_01418,15,Female,High School,8.01,2.94,2.75,0,62.2,70.03
STU_01419,14,Male,High School,5.78,0.9,5.97,2.23,79.5,87.66
STU_01420,24,Male,University,5.99,3.74,8.48,2.8,78.42,99.39
STU_01421,13,Female,High School,1.06,1.63,5.91,0,80.83,90.67
STU_01422,19,Male,College,6.26,2.07,5.68,0.25,51.8,66.7
STU_01423,19,Non-binary,College,3.81,0.71,6.26,1.39,79.02,87.83
STU_01424,24,Male,University,3.39,6.37,5.76,0.77,67.15,78.02
STU_01425,14,Male,High School,5.52,2.68,4.56,1.28,76.45,74.15
STU_01426,19,Female,College,4.52,0.42,7.77,1.31,67.09,75.67
STU_01427,25,Female,University,0.84,3,7.45,1.86,78.26,98.16
STU_01428,20,Male,College,6.88,0,6.09,1.93,70.98,81.63
STU_01429,13,Female,High School,7.12,1.31,4.87,1.6,67.15,85.07
STU_01430,21,Female,College,3.03,3.27,5.91,0.88,68.12,81.27
STU_01431,19,Female,College,6.02,3.44,6.83,2.18,70.83,72.37
STU_01432,15,Male,High School,6.78,4.11,6.53,0,83.66,80.88
STU_01433,20,Male,College,0,4.85,6.91,2.68,82.52,97.76
STU_01434,19,Female,College,3.21,2.18,7.41,1.06,83.03,99.86
STU_01435,23,Female,University,0,4.11,9.54,0.5,86.11,98.71
STU_01436,25,Female,University,6.09,3.95,7.51,0,76.69,84.64
STU_01437,20,Male,College,5.62,4.02,4.7,2.35,61.02,87.62
STU_01438,18,Male,College,2.86,0,9.1,0.94,78.12,86.15
STU_01439,21,Female,College,4.12,2.97,6.29,0,72.68,88.78
STU_01440,17,Male,High School,3.58,1.98,7.67,0.02,53.54,89.11
STU_01441,15,Male,High School,0,4.85,6.66,0.92,88.7,91.31
STU_01442,15,Male,High School,7.75,2.69,3.95,2.4,78.85,88.88
STU_01443,13,Female,High School,5.14,1.78,6.82,2.07,58.87,94.74
STU_01444,24,Male,University,4.14,1.94,8.3,1.6,73.93,88.46
STU_01445,20,Female,College,4.16,1.84,5.49,0.93,67,63.73
STU_01446,14,Female,High School,6.27,2.78,5.77,0,60.32,79.6
STU_01447,15,Female,High School,0.53,3.08,9.57,4.77,85.99,99.74
STU_01448,20,Male,College,2.31,2.14,8.48,0.68,78.42,79.95
STU_01449,20,Male,College,5.03,1.92,7.63,0.39,85.03,68.48
STU_01450,23,Female,University,7.29,0.78,7.14,0.97,85,84.69
STU_01451,16,Female,High School,0,5.1,7.34,3.48,87.49,97.1
STU_01452,16,Female,High School,6.99,2,5.19,1.03,68.22,80.91
STU_01453,17,Female,High School,2.73,2.93,6.17,0.93,65.61,88.05
STU_01454,18,Female,College,3.78,3.25,8.19,0,72.18,91.26
STU_01455,17,Female,High School,4.58,2.99,6.32,0.78,82.03,90.45
STU_01456,19,Male,College,1.74,1.67,4.94,1.39,48.76,92.46
STU_01457,14,Male,High School,1.4,3.57,7.06,0.47,86.4,70.48
STU_01458,19,Female,College,5.02,5.08,3.88,1.62,68.38,76.47
STU_01459,22,Male,University,9.24,3.71,4.9,0,76.94,97.77
STU_01460,19,Female,College,2.13,3.28,4.76,0.43,64.5,83.02
STU_01461,13,Male,High School,2.11,3.67,6.81,1.29,82.75,85.56
STU_01462,19,Female,College,1.44,2.62,7.32,0.57,78.17,94.36
STU_01463,17,Male,High School,3.94,2,8.49,0.92,58.68,89.27
STU_01464,15,Male,High School,2.04,5.95,7.29,1.61,83.33,89.51
STU_01465,25,Non-binary,University,2.1,5.26,6.07,0.6,87.01,98.94
STU_01466,15,Male,High School,5.03,1.63,5.49,1.7,64.05,99.1
STU_01467,16,Male,High School,0.89,4.54,7.45,0.15,75.51,99.9
STU_01468,25,Male,University,8.56,3.34,3.85,0,46.96,62.52
STU_01469,24,Female,University,1.56,2.73,8.81,0.65,79.94,94.23
STU_01470,14,Female,High School,7.33,5.21,6.39,1.22,76.3,67.3
STU_01471,14,Female,High School,9.43,2.71,4.41,0.41,60.78,88.04
STU_01472,13,Male,High School,7.5,2.96,5.1,0,62.25,99.2
STU_01473,17,Female,High School,7.18,3.38,5.45,0.47,53.28,96.84
STU_01474,16,Male,High School,6.49,0.28,6.39,0.74,70.32,94.8
STU_01475,23,Female,University,5.03,2.99,6.81,2.5,81,97.19
STU_01476,22,Female,University,7.45,0.01,6.06,1.7,71.78,82.59
STU_01477,14,Female,High School,3.85,3.55,6.96,0,81.41,78.62
STU_01478,15,Female,High School,6.66,3.48,5.59,2.19,61.51,96.27
STU_01479,19,Female,College,7.27,4.62,7.68,0,69.88,77.79
STU_01480,19,Female,College,5.77,3.63,7.19,2.14,75.94,84.38
STU_01481,24,Male,University,3.83,7.14,7.52,1.7,84.01,95.86
STU_01482,16,Female,High School,5.72,0,7.08,0.29,76.9,90.63
STU_01483,17,Male,High School,3.58,2.47,8.12,1.97,82.77,97.01
STU_01484,17,Male,High School,3.14,4.39,4.04,1.22,77.97,97.23
STU_01485,18,Male,College,6.47,4.56,6.05,0.94,66.12,87.37
STU_01486,21,Male,College,4.87,1.47,8.43,0.24,69.22,87.96
STU_01487,14,Male,High School,6.44,4.64,7.28,1.02,66.69,72.29
STU_01488,17,Female,High School,4.88,0,7.5,0,74.11,83.49
STU_01489,24,Male,University,5.77,1.05,5.7,0,63.5,67.83
STU_01490,15,Male,High School,8,3.24,6.8,1.49,75.1,95.3
STU_01491,16,Female,High School,4.09,3,7.16,1.25,80.19,93.81
STU_01492,22,Male,University,3.49,4.76,4.93,0.88,82.57,75.42
STU_01493,18,Female,College,5.57,4.11,7.51,1.53,81.24,88.38
STU_01494,24,Female,University,0,1.71,7.11,1.44,85.38,99.28
STU_01495,20,Female,College,6.27,4.77,4.9,1.63,73.08,77.79
STU_01496,13,Female,High School,2.34,3.49,5.33,2.22,78.61,89.87
STU_01497,22,Male,University,8.69,3.99,5.18,0,59.68,78.4
STU_01498,20,Male,College,6.47,3.94,6.45,0,57.92,82.75
STU_01499,23,Male,University,6.79,2.06,5.74,1.04,57.53,80.33
STU_01500,19,Female,College,6.85,4.28,4.97,1.11,56.36,67.96
STU_01501,13,Male,High School,3.35,3.12,5.86,1.07,84.29,97.63
STU_01502,14,Male,High School,3.85,4.13,6.73,0.17,81.38,80.24
STU_01503,15,Male,High School,0.27,5.18,8.09,0.35,78.17,98.65
STU_01504,13,Female,High School,8.24,2.33,6.11,0.6,68.51,72.45
STU_01505,21,Male,College,1.28,4.37,9,0.82,88.92,98.36
STU_01506,20,Non-binary,College,4.46,1.88,5.57,2.05,62.92,85.84
STU_01507,14,Male,High School,7.56,1.66,5.43,1.1,43.42,64.72
STU_01508,25,Male,University,8.34,2.49,6.67,0.78,56.66,80.11
STU_01509,21,Male,College,3.87,2.48,6.47,2.39,74.55,80.3
STU_01510,19,Female,College,0.23,3.34,8.5,2.2,81.03,96.87
STU_01511,21,Female,College,5.08,0.47,5.06,1.21,73.7,76.1
STU_01512,18,Male,College,5.33,3.51,6.7,0,69.17,68.38
STU_01513,18,Male,College,5.56,2.24,7.27,2.09,67.31,90.96
STU_01514,23,Female,University,3.74,0,4.76,1.91,78.26,99.42
STU_01515,16,Male,High School,4.15,3.22,4.98,0.63,57.38,86.6
STU_01516,22,Male,University,2.76,5.05,5.84,1.6,74.7,97.33
STU_01517,22,Male,University,4.9,4.42,4.7,0,58.6,79.06
STU_01518,25,Male,University,6.5,2.5,6.17,0,68.95,79.11
STU_01519,25,Male,University,5.16,1.73,7.37,1.94,74.42,80.41
STU_01520,14,Male,High School,4.39,4.07,5.79,0.65,80.82,79.2
STU_01521,19,Male,College,7.31,1.73,7.12,0,75.69,76.85
STU_01522,17,Female,High School,5.14,2.42,5.25,1.4,68.64,88.32
STU_01523,23,Male,University,4.58,7.13,5.15,0.31,68.33,94.79
STU_01524,18,Female,College,4.69,5.18,5.46,0.88,66.76,99.23
STU_01525,14,Male,High School,1.47,2.18,6.81,0,63.88,90.99
STU_01526,17,Female,High School,1.77,3.73,4.88,1.26,75.36,98.83
STU_01527,22,Male,University,4.19,5.37,4.59,2.24,70.47,92.13
STU_01528,16,Female,High School,2.66,3.34,4.84,0.73,67.92,85.34
STU_01529,21,Male,College,4.39,0.54,7.07,1.69,84.35,97.12
STU_01530,18,Female,College,6.64,3.12,6.6,2.02,82.85,85.68
STU_01531,14,Male,High School,6.26,2.09,2.62,1.28,81.38,85.8
STU_01532,13,Male,High School,5.48,2.13,8.44,1.82,75.61,99.51
STU_01533,17,Female,High School,6.61,1.3,4.03,0.03,64.81,77.33
STU_01534,21,Female,College,7.08,0.52,7.47,1.21,61.99,78.42
STU_01535,18,Male,College,6.99,1.48,7.57,0.21,88.38,76.68
STU_01536,22,Female,University,6.92,3.87,7.44,0.35,51.34,99.16
STU_01537,24,Male,University,1.5,4.29,6.07,0.91,63.33,94.09
STU_01538,19,Male,College,0,6.34,7,2.81,78.01,99.45
STU_01539,17,Non-binary,High School,2.55,1.64,6.73,2.13,79.82,99.66
STU_01540,22,Male,University,3.36,1.1,9.05,0,63.82,91.68
STU_01541,18,Female,College,6.82,4.11,5.75,2.26,79.05,81.65
STU_01542,17,Male,High School,4.26,0,8.53,2.84,81.81,75.74
STU_01543,23,Female,University,3.3,0,5.79,1.17,77.79,88.46
STU_01544,21,Female,College,4.91,4.03,5.61,1.32,79.21,92.34
STU_01545,18,Non-binary,College,5.84,0.86,6.18,1.73,64.53,97.29
STU_01546,23,Female,University,6.44,1.28,6.43,2.92,65.33,88.56
STU_01547,20,Male,College,3.47,3.66,6.55,0,75.22,83.92
STU_01548,14,Female,High School,2.11,2.65,6.21,1.41,82.2,86.58
STU_01549,24,Male,University,2.55,2.03,4.38,0.6,72.26,77.29
STU_01550,25,Female,University,4.8,0.18,5.25,2.84,77.76,97.87
STU_01551,21,Female,College,1.87,1.54,7.73,1.89,68.03,80.64
STU_01552,17,Female,High School,6.87,1.63,7.36,0,72.7,83.63
STU_01553,19,Female,College,1.89,1.78,6.7,2.43,85.6,92.04
STU_01554,22,Male,University,0.61,3.61,6.08,1.22,82.25,84.17
STU_01555,25,Female,University,4.89,3.1,4.44,2.02,47.42,86.51
STU_01556,13,Male,High School,3.81,2.13,8.38,0,82.06,92.22
STU_01557,22,Female,University,5.68,2.75,7.02,1.28,60.64,98.05
STU_01558,17,Male,High School,3.25,5.74,4.96,0.49,64.36,81.56
STU_01559,24,Female,University,5.51,3.17,6.76,3.89,66.9,93.87
STU_01560,22,Male,University,7.02,5.13,6.02,0,66.22,91
STU_01561,14,Female,High School,2.94,1.49,8.15,1.47,79.25,88.35
STU_01562,24,Male,University,5.78,2.15,6.62,0.88,54.8,73.22
STU_01563,18,Female,College,8.99,1.93,5.85,0,49.27,78.78
STU_01564,23,Male,University,6.43,3.21,6.95,0.47,70.05,75.54
STU_01565,13,Female,High School,2.52,3.38,7.96,1.07,85.62,84.82
STU_01566,15,Male,High School,5.34,3.5,6.36,0,65.21,90.19
STU_01567,17,Female,High School,1.25,0,5.97,1.17,89.59,80.63
STU_01568,16,Male,High School,1.61,0.91,7.86,0.78,62.14,90.68
STU_01569,15,Female,High School,8.23,2.97,6.72,1.12,64.27,79.44
STU_01570,22,Male,University,5.52,5.86,6.47,1.28,69.59,91.84
STU_01571,25,Female,University,8.35,1.59,6.59,1.16,51.3,75.43
STU_01572,17,Male,High School,5.57,6.52,5.4,0,61.9,87.18
STU_01573,23,Male,University,3.14,0.1,7.18,1.06,77.01,97.92
STU_01574,20,Female,College,4.61,2.94,7.67,0.92,82.96,90.6
STU_01575,23,Male,University,5.17,2.21,7.02,1.01,78.35,80.46
STU_01576,16,Male,High School,10.03,1.61,6.97,0.15,67.71,88.48
STU_01577,13,Female,High School,6.26,4.12,7.26,0,67.23,87.49
STU_01578,23,Non-binary,University,2.64,2.36,9.05,0.46,75.28,97.48
STU_01579,19,Female,College,4.02,0,8.27,1.66,83.22,96.99
STU_01580,20,Male,College,5.68,0,5.99,0,59.52,75.24
STU_01581,15,Male,High School,1.78,0.59,6.64,0.86,82.74,98.51
STU_01582,18,Female,College,4.46,3.64,4.27,2.58,62.3,82.76
STU_01583,14,Male,High School,3.99,2.14,5.73,1.32,62.54,98.84
STU_01584,19,Female,College,5.71,4.36,6.78,1.2,79.61,99.52
STU_01585,20,Male,College,4.25,2.23,7.73,0.66,79.25,93.99
STU_01586,18,Non-binary,College,1,3,5.93,1.26,61.85,92.44
STU_01587,18,Female,College,4.39,5.22,7.3,0,65.51,83.94
STU_01588,17,Female,High School,6.42,2.16,6.5,0,60.75,90.74
STU_01589,20,Male,College,8.11,6.03,7.05,0,67.06,82.67
STU_01590,13,Female,High School,6.91,3.72,7.51,2.12,86.21,98.55
STU_01591,22,Male,University,0.51,0.8,7.82,0,70.16,93.83
STU_01592,16,Female,High School,1.16,0.33,6.9,1.4,80.27,98.66
STU_01593,16,Female,High School,1.86,0,7.59,1.63,69.9,99.26
STU_01594,15,Male,High School,8.26,2.57,7.19,0,61.86,82.39
STU_01595,15,Male,High School,5.74,0,8.13,1.21,65.24,91.72
STU_01596,16,Female,High School,11.1,5.68,4.93,0,34.39,81.32
STU_01597,23,Male,University,7.59,6.43,7.15,0.83,70.29,76.04
STU_01598,13,Female,High School,4.74,0,6.62,1.88,69.27,91.61
STU_01599,23,Male,University,3.36,2.95,9.88,0,76.42,84.73
STU_01600,25,Male,University,5.44,0,6.08,2.15,79.29,99.75
STU_01601,23,Female,University,6.6,3.78,5.11,0.95,64.44,78.92
STU_01602,14,Female,High School,7.53,4.2,7.03,1.04,71.43,76.97
STU_01603,21,Male,College,3.78,2.5,7.62,1.57,70.49,97.42
STU_01604,22,Female,University,9.98,3.04,4.29,0,65.76,64.58
STU_01605,14,Female,High School,4.39,1.31,6.63,0.65,81.7,99.37
STU_01606,17,Female,High School,7.46,2.58,6.84,0,47.44,75
STU_01607,21,Male,College,5.34,3.78,6.37,0.48,45.5,88.32
STU_01608,21,Male,College,3.61,2.16,7.88,0,76.58,99.63
STU_01609,20,Female,College,0,4.7,7.53,1.18,81.77,81.43
STU_01610,13,Female,High School,1.4,1.26,8.17,0.78,83.05,99.01
STU_01611,13,Male,High School,7.44,1.93,6.5,0.46,75.62,83.99
STU_01612,21,Female,College,6.38,0,7.76,1.08,78.34,99.9
STU_01613,25,Male,University,5.98,6.68,7.17,1.31,44.48,98.77
STU_01614,23,Male,University,8.39,0,6.47,1.65,62.48,98.48
STU_01615,20,Female,College,2.05,4.5,6.72,0,71.46,94.52
STU_01616,22,Female,University,3.32,3.27,6.26,0,72.2,88.66
STU_01617,21,Male,College,3.49,2.49,6.41,0.58,83.14,97.67
STU_01618,19,Female,College,1.15,0.9,7.62,3.69,83.54,97.5
STU_01619,15,Female,High School,2.5,1.67,7.84,1.87,78.87,99.23
STU_01620,15,Female,High School,1.82,1.8,8.45,2.78,79.13,97.66
STU_01621,14,Female,High School,0.58,1.56,5.22,0,63.14,74.4
STU_01622,17,Male,High School,2.26,0,4.41,0,74.69,67.39
STU_01623,24,Male,University,4.34,3.55,6.32,2.72,84.79,93.32
STU_01624,24,Male,University,8.97,3.68,5.95,2.32,80.83,94.94
STU_01625,15,Female,High School,1.95,1.87,4.68,2.54,86.01,86.45
STU_01626,18,Female,College,7.18,2.42,6.45,1.1,63.88,93.97
STU_01627,14,Male,High School,5.05,3.54,5.05,0.64,62.6,88.93
STU_01628,24,Male,University,5.59,0.01,6.82,1.39,80.7,75.78
STU_01629,15,Male,High School,4.86,0,4.47,0.78,76.83,83.94
STU_01630,17,Male,High School,0,2.52,6.58,1.91,69.88,94.78
STU_01631,24,Female,University,1.87,1.91,7.34,1.67,80.81,99.93
STU_01632,23,Female,University,5.93,1.73,7.13,1.77,76.4,94.33
STU_01633,23,Male,University,4.62,3.59,6.58,0,55.65,89.95
STU_01634,13,Female,High School,0.39,1.79,5.96,2.38,59.07,99.3
STU_01635,25,Female,University,3.96,3.3,7.04,0,70.01,77.56
STU_01636,13,Female,High School,5.98,5.69,5.01,3.25,82.68,84.59
STU_01637,22,Male,University,1.37,6.28,7.22,0.91,60.45,94.07
STU_01638,21,Male,College,3.51,4.06,8.58,0.02,80.22,94.26
STU_01639,19,Male,College,8.3,0,5.88,1.82,69.17,99.68
STU_01640,13,Female,High School,5.97,3.64,8.74,1.45,71.17,98.83
STU_01641,24,Female,University,8.47,5.3,6.44,0,76.78,81.84
STU_01642,20,Female,College,3.56,2.98,6.38,0.6,55.35,88.73
STU_01643,15,Male,High School,7.2,1.3,8.57,0.53,77.34,96.95
STU_01644,20,Male,College,1.92,1.76,7.04,0,81.51,81.72
STU_01645,17,Male,High School,6.58,4.71,4.99,0.46,62.7,83.39
STU_01646,13,Non-binary,High School,2.71,1.54,6.2,0,69.59,84.34
STU_01647,19,Male,College,5.64,0.79,6.67,1.38,78.43,81.42
STU_01648,17,Male,High School,5.77,1.32,5.67,0.47,70.99,77.22
STU_01649,18,Non-binary,College,6.22,2.6,5.87,0,66.52,97.17
STU_01650,18,Female,College,1.98,2.1,6.27,0,69.51,82.12
STU_01651,20,Female,College,5.29,0,7.39,0.99,68.19,89.96
STU_01652,21,Male,College,4.56,1.73,9.02,0.96,80.14,86.94
STU_01653,14,Female,High School,7.64,5.91,5.61,0.82,56.04,99.71
STU_01654,21,Male,College,2.9,2.84,5.71,0,72.85,73.34
STU_01655,24,Female,University,1.23,3.6,6.87,0,80.43,71.92
STU_01656,23,Male,University,0.39,0,6.27,1.79,63.72,98.61
STU_01657,22,Male,University,3.79,3.7,10.32,2.01,84.41,95.32
STU_01658,21,Female,College,3.43,5.21,7.77,3.63,74.15,87.19
STU_01659,25,Female,University,3.75,3.07,8.49,2.36,69.7,98.04
STU_01660,22,Female,University,3.76,0.33,7.91,2.94,74.14,98.46
STU_01661,22,Male,University,7.99,3.65,4.51,0,60.25,72.88
STU_01662,19,Male,College,4.13,3.96,6.98,1.6,70.84,89.69
STU_01663,13,Female,High School,7.33,1.24,6.78,0.54,46.61,80.26
STU_01664,19,Female,College,5.46,4.42,7.55,2.08,64.68,99.89
STU_01665,22,Non-binary,University,2.22,3.31,7.27,0.64,87.78,89.59
STU_01666,17,Female,High School,4.52,0,5.83,3.33,68.08,99.69
STU_01667,18,Female,College,8.36,1.44,8.57,0.6,77.37,87.12
STU_01668,22,Female,University,7.04,1.89,7.28,1.96,59.63,91.12
STU_01669,19,Male,College,7.51,2.4,5.75,0,65.71,68.46
STU_01670,17,Male,High School,5.76,2.49,6.39,1.34,61.66,93.54
STU_01671,19,Male,College,3.31,3.92,7.22,0,61.09,87.53
STU_01672,21,Male,College,8.6,3.98,5.42,1.12,67.94,97.21
STU_01673,15,Female,High School,5.9,5.41,6.23,0.38,79.88,80.6
STU_01674,20,Female,College,6.83,3.11,6.57,2.4,55.13,82.98
STU_01675,14,Female,High School,4.77,5.16,6.06,3.38,82.23,99.51
STU_01676,23,Male,University,1.92,4.18,7.67,0.13,67.28,97.76
STU_01677,19,Male,College,5.49,4.71,5.84,0.76,65.44,97.87
STU_01678,25,Male,University,8.73,5.37,4.92,0.12,54.45,75.95
STU_01679,14,Female,High School,6.52,1.89,7.53,1.07,76.53,98.82
STU_01680,16,Male,High School,5.88,2.35,7.15,0,55.85,68.28
STU_01681,19,Female,College,2.35,0,7.12,0,77.74,92.36
STU_01682,15,Male,High School,8.31,4.49,5.03,1.69,70.03,81.25
STU_01683,14,Male,High School,7.87,4.34,6.92,0,71.86,87.94
STU_01684,23,Female,University,0.04,2.76,7.16,0.66,74.67,84.51
STU_01685,22,Female,University,6.82,3.93,5.81,0,45.42,91.43
STU_01686,19,Male,College,3.88,4.42,5.79,0.01,68.11,92.84
STU_01687,13,Female,High School,5.23,2.53,5.04,0,64.9,81.07
STU_01688,20,Non-binary,College,2.46,3.27,8.02,0.27,62.78,81.42
STU_01689,15,Non-binary,High School,4.8,2.47,5.49,0.53,75.94,71.97
STU_01690,24,Female,University,1.75,2.32,5.36,2.22,81.01,99.5
STU_01691,24,Female,University,2.49,1.28,6.89,1.9,81.48,87.39
STU_01692,25,Male,University,5.79,0,6.98,0,68.56,99.6
STU_01693,14,Female,High School,2.61,0.19,8.91,2.72,82.59,98.29
STU_01694,15,Male,High School,5.57,2.37,6.8,0.87,72.29,80.97
STU_01695,17,Non-binary,High School,4.77,0.48,4.31,2.39,85.22,91.05
STU_01696,23,Male,University,10.45,0.8,4.68,0,64.86,74.08
STU_01697,20,Male,College,2.88,1.03,8.79,3.98,83.81,93.35
STU_01698,22,Female,University,3.66,1.99,6.72,0.7,72.55,73.67
STU_01699,19,Male,College,2.71,4.54,5.36,0.47,76.18,84.32
STU_01700,19,Male,College,8.07,0,4.68,1,49.87,81.9
STU_01701,24,Female,University,4.77,2.59,7.24,2.56,76.7,99.39
STU_01702,19,Female,College,4.1,0.84,5.7,1.56,75.81,82.29
STU_01703,20,Female,College,6.43,2.42,6.18,0.11,59.29,79.59
STU_01704,13,Male,High School,2.32,1.38,6.55,0,76.17,92.79
STU_01705,16,Female,High School,1.14,2.17,9.23,0.68,80.01,87.7
STU_01706,25,Male,University,5.21,0,5.42,0.34,82.86,99.62
STU_01707,18,Male,College,4.91,3.24,8.11,2.39,85.16,95.46
STU_01708,21,Female,College,2.66,2.61,9.53,0.31,70.48,87.93
STU_01709,25,Female,University,5.39,2.78,5.15,3.4,81.12,98.68
STU_01710,14,Female,High School,9.12,4.24,3.99,0.54,69.04,73.49
STU_01711,13,Female,High School,5.62,0,7.03,1.19,70.47,96.75
STU_01712,25,Male,University,0,0.54,7.53,1.76,82.97,87.39
STU_01713,22,Female,University,8.04,5.49,7.37,1.09,70.31,87.21
STU_01714,24,Male,University,9.47,3.48,4.3,0,57.84,76.29
STU_01715,14,Female,High School,5.82,0,6.9,0.69,78.02,95.27
STU_01716,19,Female,College,4.93,2.18,7.08,0.93,77.04,95.85
STU_01717,15,Female,High School,0.63,4.42,7.1,2.92,77.1,92.79
STU_01718,22,Female,University,2.34,6.25,6.04,2.82,78.69,98.39
STU_01719,14,Female,High School,3.73,5.3,6.35,1,81.49,92.02
STU_01720,23,Female,University,2.66,1.68,10.65,1.5,76.3,99.22
STU_01721,19,Male,College,3.23,2.27,4.75,1.5,76.23,71.88
STU_01722,25,Male,University,4.81,0,9.52,1.46,74.67,99.84
STU_01723,25,Female,University,2.79,2.69,6.22,2.56,64.47,90.35
STU_01724,14,Female,High School,8.3,2.87,4.6,0.59,81.54,81.14
STU_01725,15,Male,High School,4.69,4.13,5.09,0.91,65.39,90.14
STU_01726,23,Male,University,5.76,0,6.47,1.15,76.71,86.68
STU_01727,19,Male,College,5.77,0.84,6.71,1.61,72.62,98.73
STU_01728,16,Female,High School,5.46,2.09,6.57,0.16,75.39,83.31
STU_01729,25,Male,University,4.62,4.08,5.93,1.04,84.28,81.74
STU_01730,13,Male,High School,7,1.78,8.21,0.3,57.52,88.01
STU_01731,25,Female,University,7.52,6.74,4.33,1.22,72.74,87.1
STU_01732,17,Female,High School,0,0.56,7.01,0.79,81.76,99.16
STU_01733,24,Male,University,0.91,1.61,7.17,2.43,83.21,98.81
STU_01734,21,Male,College,3.14,0.54,6.92,0,65.64,94.72
STU_01735,20,Female,College,1.71,2.13,5.7,0.91,78.59,96.25
STU_01736,24,Male,University,2.66,3.35,6.88,0,81.66,84.12
STU_01737,21,Non-binary,College,3.37,2.83,7.18,1.01,82.59,85.34
STU_01738,22,Female,University,3.86,0.95,7.32,2.01,77.37,87.8
STU_01739,21,Male,College,0.77,4.7,7.44,1.09,69.98,87.8
STU_01740,19,Female,College,3.46,4.99,5.59,0.19,63.46,90.22
STU_01741,16,Male,High School,8.06,1.24,4.83,0,61.85,73.8
STU_01742,17,Male,High School,3.87,8.06,5.03,0,82.79,79.65
STU_01743,13,Female,High School,5.98,0.51,5.59,0.21,69.14,67.07
STU_01744,13,Female,High School,4.33,2.57,3.78,1.61,69.51,99.74
STU_01745,15,Male,High School,4.79,2.57,6.27,0,76.52,84.39
STU_01746,25,Male,University,4.21,0.48,6.66,0.85,76.68,73.05
STU_01747,20,Male,College,6.36,2.86,5.03,0,58.21,65.25
STU_01748,14,Male,High School,2.45,2.28,7.5,1.05,83.01,94.65
STU_01749,16,Female,High School,4.93,3.26,6.15,1.48,80.59,91.98
STU_01750,14,Male,High School,3.06,2.5,7.36,0,64.39,84.45
STU_01751,17,Non-binary,High School,6.18,3.94,5.52,0,60.19,98.69
STU_01752,21,Male,College,1.73,3.59,6.23,0.77,83.98,84.95
STU_01753,13,Female,High School,6.13,0.72,7.48,2.32,68.49,99.14
STU_01754,17,Female,High School,5.02,1.96,4.73,1.56,79.29,80.71
STU_01755,21,Female,College,1.34,1.03,7.18,1.87,82.71,88.54
STU_01756,13,Male,High School,8.87,5.5,6.12,1.25,56.12,77.32
STU_01757,21,Male,College,5.89,4.22,7.53,1.57,82.93,78.74
STU_01758,20,Male,College,1.79,3.09,7.31,0,77.35,64.94
STU_01759,16,Non-binary,High School,4.89,3.46,5.2,0,71.93,84.38
STU_01760,24,Female,University,0.4,2.29,6.58,0,76.62,84.85
STU_01761,23,Female,University,0.21,2.78,4.99,0.71,47.13,97.13
STU_01762,22,Female,University,7.49,1.15,5.46,1.36,78.09,81.4
STU_01763,17,Male,High School,1.5,1.31,8.43,1.4,78.4,77.48
STU_01764,25,Female,University,6.47,3.61,7.75,0,58.4,75.15
STU_01765,17,Non-binary,High School,7.42,0.56,6,1.1,80.33,80.86
STU_01766,23,Male,University,2.04,1.23,9.24,0,79.4,96.71
STU_01767,24,Male,University,9.7,2.09,5.07,1.12,82.22,80.34
STU_01768,18,Female,College,4.73,0,7.02,0.36,79.51,84.94
STU_01769,19,Male,College,4.62,4.3,3.87,3.58,74.06,95.62
STU_01770,20,Male,College,2,3.68,6.73,0.12,64.5,83.78
STU_01771,20,Female,College,2.05,3.27,6.94,0,80.64,75.15
STU_01772,23,Female,University,0,1.8,6.54,2.94,79.21,99.68
STU_01773,25,Male,University,2.56,4.61,8.02,0,75.07,82.76
STU_01774,14,Male,High School,7.42,3.24,3.95,0.8,58.48,70.4
STU_01775,21,Female,College,1.95,4.28,4.63,1.19,68.7,80.92
STU_01776,19,Female,College,2.17,4.38,6.86,2.12,63.72,89.66
STU_01777,16,Male,High School,1.28,1.64,4.48,0.46,64.68,86.67
STU_01778,16,Female,High School,1.1,0.91,8.12,1.06,76.46,82.9
STU_01779,23,Female,University,6.72,0.69,6.18,1.65,66.71,88.72
STU_01780,20,Female,College,1.46,2.61,7.85,0,83.39,98.84
STU_01781,16,Male,High School,4.17,0,6.97,1.82,82.05,76.22
STU_01782,25,Male,University,3.61,0.57,7.28,1.97,83.34,98.78
STU_01783,18,Female,College,6.89,1.25,6.23,1.49,72.47,96.02
STU_01784,17,Male,High School,2.41,1.38,8.44,1.54,84.99,93.07
STU_01785,15,Female,High School,3.42,3.57,7.91,0.28,79.28,68.6
STU_01786,25,Male,University,1.77,0,7.69,0.44,77.65,94.24
STU_01787,22,Male,University,2.9,0,7.42,1.34,86.49,93.72
STU_01788,23,Male,University,2.25,0,8.01,1.15,57.58,99.1
STU_01789,14,Male,High School,4.14,3.45,6.36,0.4,60.82,84
STU_01790,21,Female,College,8.5,1.45,6.5,1.78,77.4,84.97
STU_01791,22,Male,University,3.99,1.39,5.94,1.99,74.53,93.2
STU_01792,21,Female,College,7.44,5.64,4.25,2.03,74.9,92.08
STU_01793,13,Female,High School,6.86,3.29,6.01,3.65,73.11,93.38
STU_01794,22,Male,University,4.39,1.19,7.93,3.22,73.41,99.44
STU_01795,15,Female,High School,6.9,0,7.29,0.34,76.41,89.43
STU_01796,20,Male,College,5.08,5.89,4.85,0.84,76.02,89
STU_01797,18,Female,College,0.93,2.93,6.23,0.37,80.13,96.16
STU_01798,17,Female,High School,4.4,1.72,6.2,2.67,75.63,82.81
STU_01799,17,Male,High School,5.01,2.85,4.77,0.67,53.03,71.74
STU_01800,18,Male,College,8.91,1.75,5.09,0.49,59.12,62.14
STU_01801,19,Female,College,2.17,3.42,5.32,1.31,75.54,95.18
STU_01802,13,Female,High School,5.64,0,6.23,0.94,63.34,99.86
STU_01803,21,Male,College,1.42,1.78,6.52,0,85.58,91.61
STU_01804,15,Female,High School,8.36,0.6,7.18,2.63,54.78,87.54
STU_01805,16,Male,High School,7.56,2.36,6.46,3.1,85.74,97.72
STU_01806,22,Female,University,1.5,0.78,8.48,0.64,63.71,91.17
STU_01807,13,Male,High School,8.85,1.42,3.47,2.48,58.75,89.09
STU_01808,25,Female,University,7.19,1.51,4.97,0.36,68.43,77.48
STU_01809,23,Male,University,7.66,2.96,6.47,2.55,62.29,97.82
STU_01810,22,Female,University,8.42,1.81,6.38,2.2,75.81,84.19
STU_01811,15,Female,High School,7.32,0.67,5.94,0,70.21,64.8
STU_01812,14,Female,High School,3.66,3.24,7.78,1.55,78.48,97.85
STU_01813,14,Female,High School,8.26,6.25,5.58,1.85,48.62,96.49
STU_01814,13,Female,High School,2.27,1.86,9.71,3.34,79.06,98.18
STU_01815,20,Female,College,2.56,4.84,6.75,3.56,58.85,99.76
STU_01816,15,Female,High School,3.36,0,6.24,2.94,82.87,93.11
STU_01817,15,Female,High School,5.33,1.13,8.47,1.03,75.85,98.38
STU_01818,18,Female,College,2.21,4.83,6.71,1.64,85.13,95.76
STU_01819,25,Female,University,1.51,2.89,7.72,1.42,79.78,94.17
STU_01820,20,Male,College,2.21,1.21,5.9,0.15,58.4,80.87
STU_01821,25,Female,University,3.59,4,6.99,1.64,75.26,98.32
STU_01822,21,Male,College,4.68,0.64,6.67,0.64,71.74,74.76
STU_01823,21,Female,College,2.6,2.62,7.66,0.77,72.79,73.84
STU_01824,16,Female,High School,1.47,4.19,6.44,0.01,63.45,99.43
STU_01825,17,Non-binary,High School,5.47,3.16,4.37,0.76,78.17,86.58
STU_01826,14,Male,High School,8.88,6.92,6.21,0,35.22,92.08
STU_01827,23,Male,University,3.46,1.48,6.82,3.25,74.94,96.31
STU_01828,21,Female,College,6.73,3.75,5.32,0.83,76.09,86.41
STU_01829,20,Male,College,4.51,4.08,6.58,1.94,80.55,99.76
STU_01830,15,Male,High School,6.09,2.11,6.57,0,62.43,99.02
STU_01831,23,Female,University,6.54,0.82,6.96,0.85,76.15,97.83
STU_01832,24,Female,University,4.51,4.59,6.85,0,70.61,80.18
STU_01833,25,Male,University,2.04,1.59,8.71,2.99,83.38,99.9
STU_01834,21,Female,College,1.42,3.66,6.54,1.32,76.81,99.68
STU_01835,15,Male,High School,7.38,3.27,7.28,1.64,73,85.98
STU_01836,21,Female,College,6.08,2.73,5.85,0.28,74.19,81.66
STU_01837,14,Male,High School,6.95,4.93,4.12,1.51,62.56,83.22
STU_01838,24,Female,University,6.19,3.11,7.8,3.12,67.28,99.04
STU_01839,22,Male,University,7.18,3.63,5.05,1.39,61.66,99.19
STU_01840,21,Female,College,5.05,3.23,7.39,0.75,70.19,89.69
STU_01841,20,Male,College,0.7,2.64,7.23,0.98,81.7,87.38
STU_01842,21,Female,College,5.2,1.81,6.81,0,60.58,77.59
STU_01843,17,Male,High School,8.98,2.46,7.25,0.78,45.67,76.6
STU_01844,23,Male,University,5.38,3.61,3.71,1.23,68.57,94.35
STU_01845,23,Female,University,1.43,3.35,7.93,2.23,80.07,96.46
STU_01846,14,Female,High School,6.34,3.57,6.97,1.76,65.99,97.8
STU_01847,20,Male,College,9.28,8.7,3.74,0.27,54.12,60
STU_01848,24,Male,University,3.1,1.6,6.89,2.2,70.46,85.95
STU_01849,18,Male,College,5.32,0,7.75,2.83,80.75,94.63
STU_01850,20,Male,College,5.69,1.76,5.19,3.05,63.5,97.95
STU_01851,23,Male,University,5.01,1.86,6.33,0.51,73.87,81.52
STU_01852,17,Male,High School,6.49,3.29,7.51,1.07,63.93,98.21
STU_01853,22,Female,University,3.49,2.05,5.08,2.18,70.81,91.31
STU_01854,14,Female,High School,6.07,3.82,6.53,0,73.12,72.24
STU_01855,18,Male,College,7.42,1.12,6.61,1.02,80.74,77.83
STU_01856,17,Non-binary,High School,3.91,3.54,6.81,0.7,68.54,78.35
STU_01857,24,Female,University,6.51,0,5.03,1.84,75.79,91.88
STU_01858,25,Male,University,3.55,2.49,6.65,0.72,55.79,91.78
STU_01859,24,Male,University,1.06,1.04,7.25,1.23,79.41,99.65
STU_01860,17,Female,High School,1.05,1.85,6.95,0.53,85.83,92.47
STU_01861,25,Male,University,5.65,0,7.61,0,64.94,73.23
STU_01862,13,Male,High School,0,4.04,7.09,0.73,72.3,97.37
STU_01863,14,Female,High School,4.73,1.81,6.87,2.53,64.08,76.28
STU_01864,20,Female,College,2.52,2.3,5.23,0,78.8,68.16
STU_01865,25,Male,University,0,3.25,6.09,1.8,81.44,99.43
STU_01866,25,Female,University,6.21,1.18,5.65,1.12,79.98,87.69
STU_01867,15,Female,High School,0.99,1.61,6.49,0.64,81.26,93.94
STU_01868,22,Female,University,10.27,0,5.98,1.75,76.29,78.88
STU_01869,15,Female,High School,8.59,1.92,4.96,0.5,57.65,61.65
STU_01870,20,Male,College,4.33,5.28,4.84,0.91,68.6,82.07
STU_01871,20,Female,College,0,2.99,7.33,3.22,83.19,96.88
STU_01872,14,Male,High School,5.24,0,6.64,0,54.83,96.93
STU_01873,20,Male,College,9.09,3.26,6.17,0,65.81,71.7
STU_01874,23,Male,University,6.75,4.54,8.04,2.67,69.89,96.63
STU_01875,25,Male,University,7.31,0.68,4.81,2.29,64.86,76.14
STU_01876,25,Male,University,8.36,2.11,6.07,2.05,63.77,97.67
STU_01877,13,Male,High School,1.37,2.17,7.02,4.83,87.33,97.51
STU_01878,18,Male,College,7.22,2.72,6.27,1.92,63.02,92.69
STU_01879,20,Female,College,9.35,2.71,8.36,1.04,71.6,81.86
STU_01880,15,Male,High School,2.95,3.64,3.57,0,71.29,65.86
STU_01881,20,Female,College,3.49,2.27,6.28,1.37,65.41,93.85
STU_01882,24,Male,University,8.38,4.72,5.76,0,56.5,69.3
STU_01883,13,Male,High School,7.99,0,6.92,0.67,64.25,96.34
STU_01884,23,Male,University,2.32,0.43,7.94,0,77.14,84.83
STU_01885,23,Male,University,1.26,5.18,4.71,0,66.2,71.41
STU_01886,21,Female,College,4.21,1.64,6.48,0.77,79.45,75.97
STU_01887,25,Male,University,0.82,3.5,5.88,1.74,58.16,85.98
STU_01888,23,Non-binary,University,2.35,2.26,7.35,0.43,75.69,99.76
STU_01889,25,Non-binary,University,2.79,4.2,6.84,1.13,68.57,95.92
STU_01890,21,Male,College,7.31,3.24,5.37,0.02,77.9,97.81
STU_01891,17,Female,High School,7.66,6.95,7.39,0,77.1,89.07
STU_01892,22,Male,University,7.32,2.46,5.8,1.78,55.46,77.85
STU_01893,16,Female,High School,2.44,1.75,6.56,0.19,85.62,98.28
STU_01894,23,Female,University,4.29,4.8,5.29,0,60.61,63.83
STU_01895,18,Male,College,3.37,3.72,3.03,3.96,66.75,98.14
STU_01896,24,Male,University,5.03,1.04,6.71,1.49,62.2,91.13
STU_01897,19,Male,College,6.38,4.07,5.07,1.26,72.14,89.59
STU_01898,17,Male,High School,3.31,2.86,6.94,0.53,69.96,82.57
STU_01899,23,Female,University,1.96,2.66,10.5,2.25,86.24,97.5
STU_01900,25,Male,University,8.43,3.29,6.15,0.82,60.74,92.88
STU_01901,22,Male,University,7.18,3.96,6.25,0,66.38,74.11
STU_01902,21,Male,College,5.35,2.84,7.6,3.1,85.79,99.93
STU_01903,15,Female,High School,1.84,2.03,8.63,0,83.83,80.87
STU_01904,19,Male,College,6.67,6.26,6.12,1.63,62.99,96.77
STU_01905,22,Female,University,4.08,2.43,6.87,0,65.96,88.68
STU_01906,22,Female,University,0,4.91,6.35,2.16,84.07,95.92
STU_01907,23,Female,University,3.18,1.49,7.54,3.11,82.78,99.36
STU_01908,17,Female,High School,5.65,0.98,7.27,0,63.28,98.57
STU_01909,19,Male,College,3.96,4.25,6.53,2.91,86.08,87.52
STU_01910,14,Male,High School,5.77,2.04,4.99,0.57,67.88,73.14
STU_01911,16,Female,High School,5.67,0,6.88,1.16,69.15,91.76
STU_01912,14,Female,High School,1.77,2.13,7.95,0,78.49,97.6
STU_01913,25,Female,University,6.21,3.41,5.08,1.71,70.78,72.66
STU_01914,25,Male,University,6.44,1.25,6.72,0,58.99,63.98
STU_01915,24,Male,University,4.42,1.03,7.64,0.73,79.09,56.06
STU_01916,19,Non-binary,College,4.54,2.85,6.92,2.27,75.04,95.79
STU_01917,14,Male,High School,4.53,0.45,8.95,0.61,59.3,93.5
STU_01918,25,Male,University,8.28,3.05,5.11,0,56.91,70.03
STU_01919,23,Male,University,5.46,4.36,5,2.71,82.01,96.63
STU_01920,13,Non-binary,High School,4.81,4.84,5.19,0.69,78.64,91.6
STU_01921,21,Male,College,5.68,1.33,5.83,0.64,71.71,88.93
STU_01922,13,Male,High School,5.62,5.7,5.25,1.85,65.88,67.8
STU_01923,20,Female,College,4.25,3.56,7.48,2.08,83.34,91.03
STU_01924,14,Male,High School,1.16,1.29,4.91,3.89,84.49,99.69
STU_01925,24,Female,University,4.77,1.74,5.75,0.48,72.76,86.84
STU_01926,20,Female,College,5.98,1.24,7.62,0,66.09,78.41
STU_01927,25,Male,University,5.23,0,6.49,1.44,72.3,98.74
STU_01928,15,Female,High School,3.25,5.06,5.01,2.04,69.17,80.5
STU_01929,18,Female,College,4.01,2.89,6.02,1.19,79.72,91.71
STU_01930,15,Male,High School,6.98,3.67,7.64,1.03,67.61,89.49
STU_01931,19,Male,College,0.29,2.68,6.96,1.78,84.2,86.04
STU_01932,22,Female,University,2.64,0,7.47,1.05,86.53,87.12
STU_01933,21,Male,College,4.83,3.12,6.22,0.3,85.4,88.78
STU_01934,14,Female,High School,7.1,4.22,7.94,0,73.43,75.35
STU_01935,24,Female,University,9.04,4.21,5.34,0,75.41,86.87
STU_01936,24,Male,University,6.72,4.47,5.36,1.4,68.99,84.08
STU_01937,17,Female,High School,3.02,2.59,7.65,0,70.78,85.82
STU_01938,25,Male,University,0.1,0,8.19,2.53,83.54,98.48
STU_01939,18,Female,College,9.17,3.72,5.55,2.22,62.23,80.58
STU_01940,16,Male,High School,2.4,2.63,7.11,1.92,80.17,98.24
STU_01941,16,Female,High School,4.86,6.09,6.99,0,58.43,87.21
STU_01942,16,Female,High School,4.21,5.91,5.6,0,63.05,98.95
STU_01943,14,Female,High School,4.33,4.48,7.36,0,72.81,82.82
STU_01944,16,Female,High School,1.58,0.02,7.37,0,70.1,80.54
STU_01945,23,Female,University,8.99,0.5,6.45,0.36,67.73,76.92
STU_01946,13,Male,High School,2.31,3.44,6.12,3.02,83.15,97.1
STU_01947,24,Female,University,4.9,0.4,6.71,2.3,71.72,88.04
STU_01948,18,Female,College,3.39,4.09,5.54,2.29,86.86,88.19
STU_01949,13,Female,High School,6.03,4.17,5.53,0,61.4,69.21
STU_01950,22,Female,University,3.98,5.31,7.73,3.29,71.76,98.02
STU_01951,18,Male,College,3.72,4.47,5.22,3.03,72.75,95.89
STU_01952,13,Male,High School,7.22,1.8,5.53,0,70.21,77.83
STU_01953,18,Male,College,3.69,2.38,5.7,0,64.81,92.66
STU_01954,22,Female,University,8.03,0.98,6.66,1.01,56.43,90.48
STU_01955,20,Male,College,1.42,2.98,8.68,3.89,82.47,98.26
STU_01956,23,Female,University,3.88,0,6.63,1.71,59.77,98.6
STU_01957,14,Male,High School,2.35,1.97,4.56,0.92,81.92,81.83
STU_01958,14,Male,High School,4.58,3.76,7.28,1.17,80.1,89.14
STU_01959,25,Male,University,1.07,3.61,6.85,2.37,73.14,98.46
STU_01960,24,Male,University,6.05,4.06,6.73,0.07,54.52,87.92
STU_01961,16,Female,High School,6.3,0.59,7.32,1.63,71.38,97.68
STU_01962,23,Male,University,8.27,0.19,5.51,2.52,75.81,94.77
STU_01963,15,Male,High School,6.62,3.57,4.8,0,61.65,89.64
STU_01964,16,Male,High School,6.59,0.78,5.02,1.45,77.83,89.51
STU_01965,25,Female,University,6.2,0.39,8.74,2.48,73.06,95.49
STU_01966,24,Female,University,3.95,2.89,5.99,0,81.41,83.48
STU_01967,19,Male,College,8.55,2.45,5.43,0.56,74.05,81.23
STU_01968,25,Female,University,5.89,6.8,6.62,0,73.97,66.47
STU_01969,23,Male,University,10.68,3.17,5.5,0,56.74,78.31
STU_01970,13,Male,High School,8.88,2.81,3.16,2.67,61.95,76.39
STU_01971,18,Female,College,5.37,1.5,5.26,2.2,75.62,90.33
STU_01972,15,Male,High School,5.49,3.99,6.51,2.56,84.37,90.32
STU_01973,23,Female,University,6.58,2.45,5.12,2.2,84.6,81.62
STU_01974,22,Male,University,8.46,1.57,7.96,1.15,73.5,93.37
STU_01975,19,Female,College,0.66,2.12,5.67,2.14,67.72,97.6
STU_01976,22,Male,University,7.78,1.9,4.8,2.34,73.26,96.49
STU_01977,14,Female,High School,5.43,2.36,5.19,0.93,63.35,91.8
STU_01978,14,Female,High School,7.2,6.56,6.37,1.85,75.95,95.03
STU_01979,25,Male,University,2.7,3.66,5.26,3.84,71,99.08
STU_01980,16,Female,High School,2.59,2.17,8.76,2.32,75.42,97.31
STU_01981,13,Male,High School,5.35,2.4,7.97,0.73,81.53,99.54
STU_01982,15,Female,High School,6.94,0,7.55,0.63,77.36,85.66
STU_01983,25,Male,University,1.42,0,5.29,0.6,80.75,87.55
STU_01984,21,Male,College,3.5,3.84,6.9,0,78.99,99.38
STU_01985,19,Female,College,1.51,3.81,4.29,0,78.91,66.47
STU_01986,19,Male,College,5.55,3.23,8.05,0,70.28,92.46
STU_01987,25,Female,University,9.48,5.18,5.93,0.26,73.42,72.7
STU_01988,25,Male,University,3.66,2.89,7.26,1.59,77.51,98.09
STU_01989,23,Male,University,6.46,3.97,5.61,1.6,53.73,79.43
STU_01990,16,Female,High School,4.8,2.37,6.68,0.93,80.27,79.87
STU_01991,14,Female,High School,5.42,0,6.72,0.6,73.09,93.77
STU_01992,16,Male,High School,3.01,4.6,6.84,3.02,66.1,89.36
STU_01993,18,Male,College,6.14,0.75,7.2,0,73.16,96.22
STU_01994,23,Male,University,4,2.97,4.78,4.16,80.59,98.49
STU_01995,23,Male,University,8.98,1.23,6.22,0,71.76,71.27
STU_01996,15,Male,High School,3.22,2.98,8.31,0.87,87.78,98.66
STU_01997,13,Male,High School,6.95,5.51,5.38,0.32,50.54,90.5
STU_01998,24,Female,University,9.43,3.58,7.42,0,63.58,85.18
STU_01999,20,Female,College,7.47,3.97,4.1,0,55.9,73.28
STU_02000,24,Male,University,2.24,2.18,9.12,0.46,80.02,95.49
STU_02001,25,Male,University,2.01,1.99,5.48,3.56,64.05,87.57
STU_02002,17,Male,High School,5.63,1.96,6.59,2.8,77.09,95.92
STU_02003,17,Female,High School,4.65,3.88,6.76,1.29,74.79,99.83
STU_02004,23,Female,University,5.79,2.55,6.45,0.56,84,79.48
STU_02005,16,Female,High School,7.49,3.74,5.1,3.81,42.07,99.9
STU_02006,18,Female,College,4.72,2.18,7.9,0,61.45,85.53
STU_02007,15,Female,High School,2.93,4.33,5.59,0.79,73.56,94.52
STU_02008,21,Male,College,5.02,3.75,9.49,0,69.69,99.57
STU_02009,17,Male,High School,8.3,2.7,4.79,2.88,72,82.28
STU_02010,15,Female,High School,4.59,3.73,7.68,2.18,71.91,95.69
STU_02011,23,Male,University,9.88,4.36,3.88,1.16,53.08,90.54
STU_02012,13,Female,High School,6.71,5.84,5.04,0.29,61.79,90.74
STU_02013,22,Female,University,6.47,1.24,2.64,3,64.38,86.17
STU_02014,24,Female,University,3.14,4.09,8.13,1.87,84.25,99.63
STU_02015,18,Male,College,4.19,3.74,7.21,1.12,55.92,83.91
STU_02016,14,Female,High School,5.81,4.17,3.67,3.4,72.81,92.28
STU_02017,25,Female,University,4.43,1.66,5.19,2.51,81.73,91.88
STU_02018,15,Female,High School,7.65,2.69,3.7,0,51.59,52.75
STU_02019,13,Female,High School,5.03,1.65,6.19,1.99,69.41,93.1
STU_02020,21,Non-binary,College,3.03,3.13,6.3,0,78.83,89.25
STU_02021,20,Male,College,5.38,0.95,7.86,2.76,81.32,98.64
STU_02022,24,Male,University,3.7,4.95,6.29,3.28,70.48,96.34
STU_02023,14,Male,High School,6.31,2.75,8.35,0,68.05,91.31
STU_02024,24,Male,University,3.32,5.61,4.91,1.54,70.71,87.69
STU_02025,23,Female,University,9.25,1.31,5.57,0.18,71.58,82.63
STU_02026,20,Non-binary,College,0.9,2.86,6.35,0,67.5,71.86
STU_02027,24,Male,University,3.81,2.69,5.96,3.05,79.68,96.76
STU_02028,21,Male,College,5.11,3.7,7.3,0,67.73,81.79
STU_02029,13,Male,High School,3.45,3.86,7.35,0.13,63.54,76.82
STU_02030,25,Female,University,0,0.11,5.72,0.66,82.51,97.36
STU_02031,17,Male,High School,9.51,4.64,5.47,0,61.97,79.07
STU_02032,20,Male,College,6.58,4.11,6.31,1.61,67.86,88.97
STU_02033,23,Male,University,1.62,0,8.91,0.39,86.25,88.21
STU_02034,14,Male,High School,1.98,5.09,8.68,1.45,79.96,96.54
STU_02035,16,Female,High School,1.08,0.23,7.83,0.95,79.19,97.09
STU_02036,19,Male,College,4.4,3,6.73,2.47,75.39,98.17
STU_02037,15,Male,High School,8.43,1.97,6.6,1.83,61.93,95.48
STU_02038,25,Male,University,4.03,2.18,5.47,1.29,79.62,73.99
STU_02039,24,Female,University,3.61,1.88,6.1,0.5,72.18,87.67
STU_02040,17,Female,High School,7.17,3.44,4.93,0,55.75,74.82
STU_02041,20,Male,College,5.56,0.9,7.92,0,58.83,81.41
STU_02042,24,Male,University,4.61,4.19,5.95,0.57,71.33,76.73
STU_02043,22,Female,University,6.6,3.46,5.87,0,65.27,82.04
STU_02044,15,Male,High School,0.35,2.21,7.45,1.03,79.18,99.9
STU_02045,16,Female,High School,5.94,4.08,6.77,1.79,71.9,81.58
STU_02046,21,Male,College,7.97,1.59,8.36,0.34,71.83,89.47
STU_02047,19,Male,College,1.67,2.43,7.13,0,79.28,95.82
STU_02048,13,Female,High School,3.84,0,6.78,0.87,60.17,96.04
STU_02049,24,Female,University,0,1.5,8.81,2.16,84.27,99.34
STU_02050,16,Female,High School,3.69,0.92,6.78,2.04,69.35,99.43
STU_02051,16,Male,High School,3.16,0,5.87,0,69.49,85.98
STU_02052,21,Male,College,9.03,2.22,3.29,1.76,73.26,84.86
STU_02053,18,Male,College,3.62,2.3,7.17,2.05,73.58,84.45
STU_02054,21,Female,College,5.51,3.03,6.21,0.55,72.08,80.8
STU_02055,24,Female,University,8.13,3.54,7.86,1.61,58.65,73.54
STU_02056,18,Male,College,0,2.09,7.02,0,82.48,94.64
STU_02057,18,Female,College,5.09,3.4,5.15,0,62.25,84.25
STU_02058,17,Female,High School,2,4.11,7.71,0.41,68.54,98.49
STU_02059,17,Male,High School,2.06,4.48,6.85,1.19,67.59,76.99
STU_02060,14,Female,High School,2.61,3.54,7.77,1.35,76.98,65.62
STU_02061,20,Male,College,3.53,3.38,6.9,0,69.5,83.85
STU_02062,20,Male,College,2.18,0.73,7.39,1.2,77.08,99
STU_02063,23,Non-binary,University,3.72,3.96,6.73,0.66,63.15,73.88
STU_02064,25,Male,University,7.17,0.71,5.66,2.78,83.09,78.54
STU_02065,13,Male,High School,5.97,3.08,6.39,1.33,71.86,90.06
STU_02066,20,Female,College,11.55,3.69,5.47,0.97,47.95,85
STU_02067,17,Non-binary,High School,5.22,3.28,8.38,1.66,72.59,95.87
STU_02068,14,Non-binary,High School,6.25,0,6.61,3.06,79.38,98.82
STU_02069,14,Female,High School,7.89,3.95,5.58,1.44,81.03,74.78
STU_02070,18,Male,College,1.79,5.22,8,2.95,84.31,99.9
STU_02071,23,Female,University,7.84,0,5.26,0,71.43,81.61
STU_02072,25,Female,University,2.3,2.82,7.51,3.44,74.26,98.07
STU_02073,21,Male,College,5.82,2.16,5.03,0.29,57.42,91.13
STU_02074,13,Female,High School,7.03,2.58,4.03,0.05,59.57,73.38
STU_02075,24,Male,University,0,4.81,8.38,1.87,85.25,97.71
STU_02076,18,Male,College,3.71,2.93,6.23,0.94,85.74,75.93
STU_02077,21,Female,College,4.45,0.74,4.17,0.85,79.45,97.24
STU_02078,20,Female,College,1.83,1.3,6.13,2.04,82.9,88.69
STU_02079,23,Male,University,5.46,1.11,6.35,0.22,86.7,92.34
STU_02080,18,Male,College,8.87,0,9.01,1.25,79.1,83.59
STU_02081,15,Female,High School,2.2,1.51,4.14,0,76.08,76.8
STU_02082,20,Male,College,7.59,3.72,7.02,1.55,60.67,87.87
STU_02083,21,Male,College,5.85,3.1,5.67,1.47,72.32,85.97
STU_02084,13,Female,High School,1.24,2.81,6.98,0.81,82.72,96.77
STU_02085,24,Female,University,3.58,1.98,5.88,0,79.35,90.25
STU_02086,21,Female,College,5.27,2.37,7.67,0.06,57.75,84.09
STU_02087,18,Female,College,8.59,3.47,6.17,0,65.26,98.81
STU_02088,18,Female,College,6.63,4.03,5.03,0.02,59.54,75.96
STU_02089,24,Female,University,2.91,3.04,7.84,1.24,79.6,99.8
STU_02090,16,Male,High School,5.61,0.55,8.32,1.37,67.99,93.03
STU_02091,13,Female,High School,0,1.73,8.7,1.91,73.59,96.02
STU_02092,22,Male,University,6.88,3.29,9.03,0,74.39,81.85
STU_02093,20,Male,College,2.71,1.3,8.29,1.74,79.91,98.39
STU_02094,14,Male,High School,1.99,1.39,7.21,0,75.42,99.51
STU_02095,24,Female,University,3.84,3.76,5.84,0,71.88,98.5
STU_02096,13,Male,High School,1.51,3.92,8,2.32,81.75,96.87
STU_02097,14,Male,High School,4.13,0.77,6.01,0,70.13,77.34
STU_02098,13,Female,High School,7.26,0.06,7.87,0,62.6,69.06
STU_02099,13,Female,High School,0,0.32,7.24,0,85.7,95.53
STU_02100,21,Female,College,4.44,3.7,6.91,1.51,55.55,86.74
STU_02101,25,Male,University,4.23,0.98,5.36,1.38,84.54,91.95
STU_02102,13,Male,High School,5.92,1.53,6.16,1.48,66.82,98.33
STU_02103,25,Female,University,4.16,0.28,5.67,1.47,82.27,78.4
STU_02104,16,Male,High School,7.01,2.53,8.22,0.14,81.57,88.03
STU_02105,22,Female,University,8.05,2.08,5.74,0.13,59.3,67.58
STU_02106,18,Male,College,7.22,3.3,6.01,0,64.37,96.21
STU_02107,19,Female,College,2.81,3.12,5.48,2.12,88.21,89.08
STU_02108,14,Male,High School,9.49,0,4.24,1.04,59.47,77.44
STU_02109,18,Male,College,1.76,3.13,5.88,0.13,73.34,95.91
STU_02110,19,Female,College,6.43,2.34,5.27,2.85,78.12,98.8
STU_02111,22,Male,University,7.53,4.72,4.84,0,55.2,76.55
STU_02112,22,Male,University,9.85,1.02,4.83,1.05,65.46,94.68
STU_02113,14,Female,High School,7.17,3.49,6.97,0,55.72,85.12
STU_02114,14,Male,High School,2.76,2.66,6.27,0,84.64,86.06
STU_02115,22,Male,University,6.95,0.96,7.06,0,65.56,74.73
STU_02116,19,Male,College,4.32,4.42,5.84,2.1,82.57,67.89
STU_02117,24,Male,University,7.41,3.22,6.36,3.73,77.7,97.88
STU_02118,13,Male,High School,5.14,1.88,7.34,0,66.38,88.4
STU_02119,20,Female,College,8.23,0.94,5.31,0,69.67,69.23
STU_02120,23,Female,University,4.73,4.58,7.81,4.01,82.73,98.39
STU_02121,25,Male,University,7.01,4.05,6.12,0,62.7,90.28
STU_02122,15,Male,High School,3.11,2.52,5.36,3.08,75.35,94.88
STU_02123,23,Female,University,7.62,2.47,5.33,1.81,54.72,80.96
STU_02124,18,Non-binary,College,0,0.48,7.02,2.35,84.69,97.97
STU_02125,21,Male,College,6.42,4.97,5.48,3.26,67.22,94.56
STU_02126,18,Female,College,5.58,0.49,3.69,1.86,67.8,80.73
STU_02127,21,Female,College,5.04,4.13,4.96,0,75.38,77.66
STU_02128,19,Male,College,0,6.14,7.68,0.39,74.11,88.87
STU_02129,21,Male,College,3.43,1.12,6.6,0,65.39,70.97
STU_02130,14,Male,High School,7.67,1.6,6.51,0,62.83,77.72
STU_02131,24,Female,University,2.56,1.08,7.28,2.62,84.54,98.41
STU_02132,20,Female,College,0.99,4.73,6.59,0.34,75.66,87.02
STU_02133,20,Female,College,1.98,2.73,6.03,1.75,82.23,90.19
STU_02134,14,Male,High School,7.64,0,5.64,0.23,82.28,92.45
STU_02135,24,Female,University,5.81,0.56,6.76,1.62,63.05,78.99
STU_02136,16,Female,High School,8.22,3.69,4.59,0,57.3,75.57
STU_02137,23,Female,University,6.41,1.18,6.9,2.9,81.04,99.03
STU_02138,19,Male,College,2.49,0,8.79,3.29,82.67,98.92
STU_02139,23,Female,University,9.23,3.51,3.05,0,45.68,70.53
STU_02140,16,Male,High School,3.14,3.16,7.35,0.7,65.15,89.14
STU_02141,16,Female,High School,2.6,1.13,6.76,0.5,69.05,99.2
STU_02142,18,Female,College,5.29,1.87,7.13,1.97,65.22,85.26
STU_02143,22,Male,University,5.7,1.9,5.77,1.46,72.81,75.84
STU_02144,18,Female,College,6.75,2.15,7.93,0.22,74.14,81.03
STU_02145,22,Male,University,3.81,4.96,6.2,0.23,65.33,85.39
STU_02146,15,Female,High School,8.18,3.83,6.1,2.3,78.83,99.98
STU_02147,21,Male,College,3.03,3.55,7.18,1.99,76.84,86.89
STU_02148,24,Female,University,1.92,2.34,7.14,1.92,80.71,98.4
STU_02149,22,Female,University,0,1.13,7.6,3.06,80.34,89.97
STU_02150,23,Male,University,4.07,5.09,6.72,1.07,70.27,70.56
STU_02151,14,Female,High School,6.74,2.47,5.65,2.62,74.86,81.61
STU_02152,18,Male,College,6.44,0.78,6.11,1.01,79.99,73.43
STU_02153,24,Male,University,5.42,7.93,7.13,0.25,77.88,82.85
STU_02154,19,Female,College,3.45,2.91,4.84,1.12,75.56,83.73
STU_02155,24,Female,University,7.74,0.45,5.32,0.03,71.15,86.49
STU_02156,25,Female,University,4.83,4.09,4.31,0,60.96,92.41
STU_02157,21,Female,College,5.61,4.24,4.2,0,70.05,79.73
STU_02158,25,Female,University,1.69,1.78,5.87,0,73.18,71.42
STU_02159,15,Female,High School,0,0.89,7.14,1.47,70.31,99.04
STU_02160,22,Female,University,6.78,2.03,6.92,1.49,70.46,90.72
STU_02161,15,Female,High School,10.92,3.73,5.95,0,59.18,84.19
STU_02162,19,Male,College,5.73,3.93,6.98,0,60.97,87.16
STU_02163,16,Male,High School,6.79,1.4,5.59,0.64,83.4,87.5
STU_02164,25,Female,University,6.7,5.01,8.26,2.02,74.13,97.16
STU_02165,20,Female,College,4.81,0,6.74,0.28,53,93.96
STU_02166,25,Female,University,0.74,1.42,8.87,2.39,78.82,97.6
STU_02167,19,Male,College,6.46,2.28,5.81,3.16,70.7,97.41
STU_02168,17,Non-binary,High School,8.45,1.94,5.21,0,65.11,86.11
STU_02169,19,Male,College,5.99,1.57,6.78,3.37,84.04,90.65
STU_02170,15,Female,High School,4.11,4.78,4.87,3.07,53.32,96.47
STU_02171,24,Male,University,5.74,2.25,4.86,1.13,63.65,79.39
STU_02172,14,Male,High School,4.54,3.18,7.97,3.18,84.3,96.92
STU_02173,18,Female,College,7.99,3.09,6.12,1.25,75.95,87.81
STU_02174,14,Non-binary,High School,5.26,3.16,6.03,0,69.98,67.12
STU_02175,15,Male,High School,6.54,2.2,7.91,0,70.17,82.19
STU_02176,18,Male,College,7.57,0,5.49,0,65.36,72.06
STU_02177,17,Male,High School,6.53,4.11,9.24,2.11,79,99.81
STU_02178,20,Male,College,4.91,2.35,6.33,2.36,65.73,92.72
STU_02179,21,Male,College,0.97,1.66,6.27,2.96,72.68,97.08
STU_02180,23,Female,University,5.85,1.66,7.67,0.08,67.78,72.04
STU_02181,15,Female,High School,7.08,3.05,5.28,3.05,76.14,87.28
STU_02182,24,Male,University,0.74,1.6,7.31,1.33,57.55,99.7
STU_02183,22,Female,University,5.8,2.11,8.85,3.07,76.75,98.12
STU_02184,15,Male,High School,4.78,3.75,5.99,1.52,69.87,77.79
STU_02185,15,Male,High School,0,2.87,7.21,0.6,77.52,76.21
STU_02186,25,Male,University,5.59,0.92,6.8,2.18,76.32,98.69
STU_02187,25,Female,University,8.21,3.49,7.38,0.96,76.73,67.11
STU_02188,18,Male,College,4.82,1.96,6.29,0,73.85,80.99
STU_02189,13,Male,High School,0,4.02,9.02,1.24,80.89,96.1
STU_02190,19,Male,College,5.65,1.81,6.19,0,65.59,84.7
STU_02191,24,Male,University,7.49,2.77,7.07,1.12,66.61,87.87
STU_02192,13,Male,High School,2.62,3.58,6.07,2.11,68.97,75.78
STU_02193,17,Female,High School,4.15,0.94,7.02,0.23,70.52,93.67
STU_02194,22,Female,University,3.83,3.79,7.22,0.93,68.42,86.07
STU_02195,25,Female,University,4.97,5.56,6.2,1.46,68.98,90.1
STU_02196,20,Male,College,3.75,3.35,5.55,0.4,69.26,84.86
STU_02197,16,Male,High School,8.05,2.87,5.57,0.82,66.65,80.4
STU_02198,17,Male,High School,7.98,4.11,7.04,0,77.61,90.82
STU_02199,16,Male,High School,3.16,4,6.1,0.38,86.03,96.19
STU_02200,24,Female,University,8.04,2.75,8.52,1.54,74.49,98.05
STU_02201,24,Male,University,0.55,0.81,7.51,1.22,85.88,89.23
STU_02202,16,Male,High School,2.64,1.33,7.15,0.46,61.36,99.17
STU_02203,24,Female,University,6.23,1.85,6.75,1.05,80.46,87.33
STU_02204,20,Male,College,4.89,0.21,6.91,0,79.27,99.52
STU_02205,14,Non-binary,High School,5.04,5,8.3,0,79.7,85.28
STU_02206,13,Male,High School,5.62,0.82,6.16,1.21,59.02,79.6
STU_02207,15,Female,High School,3.47,2.41,7.27,0.76,77.22,90.45
STU_02208,21,Male,College,7.81,0.89,7.53,0.71,74.09,79.26
STU_02209,16,Non-binary,High School,6.42,3.56,8.2,1.8,79.97,95.41
STU_02210,22,Male,University,4.43,4.28,6.87,1.59,74.38,89.7
STU_02211,17,Female,High School,7,0.14,4.87,0,69.73,74.62
STU_02212,14,Male,High School,5.83,3.69,4.55,0,66.52,69.51
STU_02213,16,Female,High School,4.08,0.35,7.37,2.07,82.87,86.1
STU_02214,14,Male,High School,3.97,1.78,7.34,1.65,56.61,87.19
STU_02215,14,Male,High School,1.81,7.27,6.64,1.6,83.85,88.29
STU_02216,16,Female,High School,3.16,3.01,6.42,2.38,81.85,99.11
STU_02217,18,Non-binary,College,4.22,4.12,6.38,3.22,85.45,98.92
STU_02218,19,Male,College,4.9,3.07,6.36,2.73,83.03,99.36
STU_02219,22,Female,University,2.41,2.22,6.77,5,77.63,98.28
STU_02220,15,Male,High School,4.79,1.39,7.12,2.13,83.17,93.6
STU_02221,15,Female,High School,3.33,5.17,6.52,1.19,79.31,83.84
STU_02222,22,Female,University,2.9,5.96,5.64,0.4,72.59,82.82
STU_02223,18,Female,College,5.98,2.6,5.93,1.51,66.13,90.93
STU_02224,25,Female,University,5.12,4.68,4.62,2.75,88.92,98.08
STU_02225,24,Female,University,4.35,4.07,3.91,1.3,45.46,72.89
STU_02226,15,Male,High School,5.96,2.16,6.45,0,61.83,74.88
STU_02227,25,Female,University,1.48,2.6,7.34,1.66,85.6,91.9
STU_02228,14,Male,High School,1.68,1.71,5.7,2.3,63.21,97.47
STU_02229,20,Female,College,3.67,6.18,6.91,0.96,81.46,95.09
STU_02230,17,Female,High School,4.24,3.96,6.81,2.96,53.76,97.99
STU_02231,13,Male,High School,6.41,2.56,5.48,0,80.47,91.53
STU_02232,15,Female,High School,2.93,1.63,6.79,0.52,80.93,98.72
STU_02233,22,Female,University,2.98,3.43,5.12,1.82,63.67,77.17
STU_02234,20,Female,College,7.22,0.16,7.09,1.87,71.38,84.27
STU_02235,16,Male,High School,1.79,1.14,4.72,1.61,62.74,92.69
STU_02236,19,Male,College,7.04,2.14,6,0,45.73,70.9
STU_02237,22,Female,University,4.52,1.74,8.16,1.81,72.67,94.64
STU_02238,24,Male,University,2.55,2.12,6.86,3.36,88.01,97.29
STU_02239,14,Male,High School,1.76,3.72,6.27,2.33,88.48,78.24
STU_02240,19,Female,College,4.03,5.99,4.66,2.96,65.56,86.33
STU_02241,17,Male,High School,6.13,3.79,8.77,0,78.85,76.83
STU_02242,17,Female,High School,4.47,2.22,5.02,3.48,70.07,98.38
STU_02243,18,Female,College,6.79,4.31,7.54,1.47,76.05,93.38
STU_02244,25,Female,University,6.72,2.59,5.74,0.4,60.86,85.23
STU_02245,21,Male,College,6.51,0,6.73,0.42,82.7,92.72
STU_02246,18,Male,College,6.62,4.66,5.87,2.28,63.06,80.47
STU_02247,24,Male,University,3.17,0.37,5.52,3.3,67.39,93.27
STU_02248,25,Female,University,6.45,2.74,5.3,0.71,67.12,73.5
STU_02249,20,Male,College,9.83,1.06,7.45,2.5,73.27,88.17
STU_02250,19,Non-binary,College,6.94,0.45,3.84,2.03,82.86,68.42
STU_02251,21,Female,College,3.53,1.7,6.6,1.26,63.11,72.53
STU_02252,16,Female,High School,3.05,0,9.12,1.1,82.45,94.17
STU_02253,14,Male,High School,4.78,1.25,7.21,3.03,82.01,77.65
STU_02254,19,Male,College,6.43,3.25,6.76,1.36,60.4,91.26
STU_02255,18,Female,College,4.95,3.16,7.03,3.62,71.62,99.77
STU_02256,13,Male,High School,1.73,0,7.17,0,86.46,77.82
STU_02257,23,Male,University,6.4,4.25,5.61,0.1,63.18,77.22
STU_02258,21,Male,College,6.71,6.63,7.04,1.63,66.65,90.26
STU_02259,21,Female,College,2.31,5.61,5.2,0.92,75.49,84.22
STU_02260,24,Female,University,6.9,1.55,6.92,0.22,66.35,87.37
STU_02261,14,Female,High School,4.8,1.31,5.54,0.95,68.08,90.68
STU_02262,15,Female,High School,5.72,0.89,5.78,1.37,75.25,70.19
STU_02263,17,Male,High School,5.76,5.79,7.44,2.24,82.42,90.06
STU_02264,17,Female,High School,5.22,1.57,6.18,1.65,76.8,96.73
STU_02265,13,Male,High School,3.5,1.22,6.1,0.98,83.73,85.62
STU_02266,20,Female,College,5.75,4.01,8.26,0,79.78,86.46
STU_02267,24,Male,University,4.62,4.54,5.15,2.37,67.9,98.18
STU_02268,20,Male,College,5.32,4.25,8.62,0.28,84.09,89.71
STU_02269,16,Female,High School,3.82,0.6,7.16,0.57,81.88,89.19
STU_02270,25,Male,University,5.49,3.39,7.73,1.87,73.74,88.85
STU_02271,19,Female,College,4.5,5.13,5.4,0.91,78.94,79.24
STU_02272,23,Male,University,1.99,2.5,8.1,1.9,81.07,96.3
STU_02273,22,Male,University,5.84,3.03,7.39,2.68,72.15,97.52
STU_02274,15,Male,High School,7.2,2.87,5.44,1.3,71.2,83.2
STU_02275,18,Female,College,5.53,2.01,6.01,0,79.74,72.06
STU_02276,22,Male,University,4.07,3.32,4.73,1.86,77.62,85.12
STU_02277,25,Female,University,5.52,4.1,4.97,0.33,55.22,65.61
STU_02278,22,Male,University,2.85,4.84,7.55,1.31,74.85,83.55
STU_02279,24,Male,University,6.51,2.4,6.09,0.56,58.84,71.38
STU_02280,21,Male,College,6.74,2.62,4.61,1.1,69.75,90.56
STU_02281,13,Female,High School,4.44,1.59,7.23,1.13,77.61,75.85
STU_02282,17,Female,High School,4.84,5.34,7.87,0.28,67.3,87.43
STU_02283,16,Male,High School,2,1.72,8.29,0.46,68.7,79.09
STU_02284,20,Female,College,5.99,2.32,7.72,3.12,65.13,77.21
STU_02285,23,Female,University,3.97,2.64,4.34,3.79,69.22,98.7
STU_02286,24,Male,University,0,2.88,7.77,0.19,81.78,94.73
STU_02287,13,Female,High School,4.83,0,4.53,2.52,83.49,98.46
STU_02288,21,Male,College,4.27,3.48,5.04,1.44,66.69,83.84
STU_02289,18,Female,College,2.02,3.3,8.01,2.13,84.34,77.93
STU_02290,16,Female,High School,6.98,2.78,6.63,2.55,76.33,89.25
STU_02291,24,Male,University,3.47,3.15,8.29,1.14,74.41,98.63
STU_02292,21,Male,College,2.72,2.4,6.65,1.36,84.41,97.93
STU_02293,23,Non-binary,University,7.31,0,7.9,2.67,68.11,97.06
STU_02294,17,Female,High School,5.56,4.47,6.57,0.88,78.91,90.64
STU_02295,17,Female,High School,2.11,0,6.09,0.86,71.22,89.05
STU_02296,24,Male,University,4.52,0.93,7.89,0,60.26,98.56
STU_02297,17,Male,High School,2.59,4.66,6.64,0.34,71.43,69.41
STU_02298,13,Male,High School,1.41,0.07,7.6,1.3,81.61,99.9
STU_02299,13,Male,High School,1.22,2.22,8.43,1.41,76.79,99.06
STU_02300,20,Female,College,6.26,5.76,8.79,0.48,76.48,87.88
STU_02301,24,Female,University,2.56,2.63,6.44,0,65.41,77.24
STU_02302,20,Female,College,2.09,0.02,7.9,0,88.37,95.97
STU_02303,24,Male,University,3.98,3.85,6.38,0,66.25,86.08
STU_02304,18,Female,College,10.97,3.31,4.71,0,55.43,75.86
STU_02305,24,Female,University,5.72,2.72,6.23,3.13,72.29,78.94
STU_02306,23,Female,University,6.6,0,7.48,0,66.45,75.15
STU_02307,25,Female,University,2.18,4.85,7.62,0.94,75.67,90.18
STU_02308,16,Non-binary,High School,5.62,5.69,4.34,1.59,69.89,82.8
STU_02309,14,Female,High School,4.54,2.46,6.26,3.53,85.62,98.66
STU_02310,14,Male,High School,2.79,1.31,8.98,1.14,76.61,99.7
STU_02311,21,Male,College,4.01,3.46,4.74,1.12,78.01,73.96
STU_02312,17,Non-binary,High School,2.94,3.48,5.11,2.93,64.75,99.52
STU_02313,16,Female,High School,4.88,3.64,7.79,2.3,53.96,97.73
STU_02314,22,Male,University,4.01,2.52,6.33,1.44,82.65,80.49
STU_02315,25,Male,University,2.95,3.48,4.34,0.73,69.5,86.82
STU_02316,13,Female,High School,3.93,3.85,6.3,2.71,75.33,91.65
STU_02317,19,Non-binary,College,6.72,7.12,5.09,1.04,67.74,87.34
STU_02318,15,Male,High School,1.66,3.29,5.91,0.68,79.16,93.04
STU_02319,18,Female,College,3.17,2.82,9.49,0,79.11,99.26
STU_02320,17,Female,High School,5.36,0,4.55,1.1,70.94,85.99
STU_02321,17,Male,High School,3.03,0,6.26,3.85,84.82,97.99
STU_02322,23,Male,University,7.66,2.73,6.3,1.58,62.34,80.91
STU_02323,17,Female,High School,7.39,2.36,4.26,1.41,65.76,80.84
STU_02324,13,Female,High School,7.52,0.78,7.74,1.06,61.42,98.3
STU_02325,13,Female,High School,6.14,0.72,5.52,1.04,63.74,92.4
STU_02326,15,Female,High School,6.94,3.59,4.67,1.04,51.87,79.5
STU_02327,24,Male,University,4.56,1.46,7.42,2.26,88.26,95.01
STU_02328,22,Female,University,3.09,1.12,7.63,0,60.74,74.5
STU_02329,16,Male,High School,3.23,0.61,6.94,2.96,69.17,98.81
STU_02330,17,Male,High School,0.62,1.03,6.15,1.78,78.73,96.87
STU_02331,14,Male,High School,3.63,1.82,6.19,1.64,67.22,89.81
STU_02332,20,Male,College,3.78,2.46,6.72,2.33,74.57,95.78
STU_02333,23,Female,University,4.07,2.92,5.57,2.56,63.7,99.06
STU_02334,23,Female,University,10.81,1.74,7.38,0.7,71.67,91.71
STU_02335,14,Female,High School,2.69,0,9.29,0,83.36,87.02
STU_02336,21,Male,College,3.95,0.48,5.23,0,75.12,91.36
STU_02337,14,Female,High School,9.89,1.58,7.84,0.54,63.48,91.18
STU_02338,25,Female,University,2.78,4.36,6.4,1.25,70.27,90
STU_02339,21,Female,College,1.93,2.32,5.31,2.1,77.29,80.53
STU_02340,19,Female,College,4.02,3.27,7.15,0,84.56,96.98
STU_02341,20,Male,College,2.77,5.02,6.2,2.51,78.04,93.79
STU_02342,23,Male,University,7.23,2.2,6.69,3.29,70.03,84.42
STU_02343,14,Male,High School,4.88,2.48,7.62,0.56,84.07,79.98
STU_02344,19,Female,College,1.77,2.57,7.78,2.66,78.9,92.9
STU_02345,24,Non-binary,University,5.3,2.61,5.57,2.55,66.92,99.17
STU_02346,18,Male,College,4.98,0.62,8.79,2.73,85.31,93.96
STU_02347,16,Male,High School,1.07,3.4,6.57,2.95,74.75,98.21
STU_02348,19,Male,College,5.62,2.68,7.33,2.46,85.87,99.91
STU_02349,25,Female,University,5.75,1.01,7.43,1.58,71.74,97.66
STU_02350,16,Male,High School,1.13,2.19,7.55,2.91,81.79,98.5
STU_02351,14,Male,High School,1.47,0,7.8,1.15,79.36,85.26
STU_02352,22,Male,University,3.62,0,5.79,2.43,87.54,94.21
STU_02353,24,Female,University,2.94,4.09,6.23,3.7,69.96,86.95
STU_02354,19,Female,College,5.99,2.11,5.17,0,48.68,65.09
STU_02355,20,Female,College,3.42,4.89,7.62,0,69.9,77.02
STU_02356,14,Male,High School,4.06,2.61,6.04,0.84,83.25,86.6
STU_02357,17,Male,High School,1.85,2.9,6.44,2.17,76.25,99.48
STU_02358,13,Male,High School,6.87,2.46,5.57,0.24,85.91,88.39
STU_02359,19,Male,College,2.6,0.68,6.44,1.77,82.95,93.28
STU_02360,20,Male,College,1.92,3.24,6.72,1.6,84.26,97.27
STU_02361,25,Male,University,4.63,1.29,6.24,1.42,71.77,91.45
STU_02362,18,Female,College,7.18,3.07,6.34,0,73.18,81.12
STU_02363,17,Male,High School,5.63,1,6.32,3.8,83.61,97.73
STU_02364,18,Male,College,3.09,3.84,5.04,1.91,76.04,95.43
STU_02365,14,Female,High School,3.49,3.28,7.59,2.09,88.26,96.29
STU_02366,13,Female,High School,1.13,4.7,7.2,2.54,81.5,97.81
STU_02367,19,Female,College,9.31,3.8,6.6,1.94,63.55,91.11
STU_02368,19,Female,College,8.38,2.4,6.06,0.49,66.15,82.35
STU_02369,22,Male,University,5.22,5.27,6.75,2.46,69.52,90.45
STU_02370,23,Female,University,4.47,3.19,5.09,1.22,69.42,70.08
STU_02371,22,Female,University,1.68,0,6.7,3.01,76.18,97.89
STU_02372,14,Male,High School,4.14,1.4,7.44,0.57,78.87,70.82
STU_02373,14,Male,High School,6.73,2.23,5.72,0.64,65.96,70.88
STU_02374,13,Female,High School,6.32,4.85,7.66,1.57,62.32,92.64
STU_02375,22,Male,University,3.37,1.72,8.57,0.3,75.82,77.17
STU_02376,20,Male,College,6.5,1.26,6.73,0,80.9,77.82
STU_02377,20,Male,College,7.39,0,6.47,0.17,68.22,79.69
STU_02378,13,Male,High School,4.59,4.83,8.78,2.32,80.25,84.1
STU_02379,24,Male,University,6.95,5.09,2.89,2.22,69.85,79.11
STU_02380,23,Male,University,8.63,0.45,6.59,1.14,64.95,89.01
STU_02381,20,Male,College,9.29,0,7.33,0,79.96,70.7
STU_02382,21,Male,College,3,4.37,4.55,0.74,57.24,78.51
STU_02383,16,Female,High School,5.61,4.83,5.16,1.18,57.2,96.63
STU_02384,13,Male,High School,6.26,1.2,7.59,0.13,80.45,87.71
STU_02385,13,Female,High School,4.45,2.08,6.44,2.32,76.32,98.58
STU_02386,15,Female,High School,7.61,3.5,6.61,1.23,83.38,82.54
STU_02387,17,Female,High School,4.64,0.66,4.37,2.45,61.65,91.09
STU_02388,17,Female,High School,4.12,0.87,5.04,1.08,79.46,90.17
STU_02389,21,Male,College,1.21,1.89,6.53,4.49,82.22,96.42
STU_02390,22,Male,University,0.27,0.71,8.88,1.97,77.53,83.37
STU_02391,24,Female,University,3.62,7.74,7.02,0,82.08,79.5
STU_02392,14,Male,High School,0,4.74,5.88,1.92,72.97,97.09
STU_02393,14,Female,High School,7.61,1.95,5.15,0.11,57.9,89.75
STU_02394,18,Female,College,6.72,2.73,6.95,3.29,80.98,82.68
STU_02395,21,Male,College,6.22,0,6.69,0.01,43.92,83.84
STU_02396,13,Female,High School,7.28,3.22,6.57,2.83,73.29,99.76
STU_02397,21,Female,College,3.81,3.83,6.02,0,79.02,88.72
STU_02398,21,Male,College,5.05,1.3,5.96,0.47,76.83,88.92
STU_02399,25,Male,University,3.57,1.69,6.74,0,72.82,79.36
STU_02400,21,Female,College,7.27,0.86,5.41,1.29,67.93,75.2
STU_02401,17,Female,High School,0,4.99,6.09,3.18,71.18,98.72
STU_02402,25,Male,University,7.27,4.9,3.75,0,51.07,85.67
STU_02403,21,Male,College,0,3.2,6.55,0,81.57,91.88
STU_02404,23,Female,University,3.98,2.74,5.2,1.9,59,82.39
STU_02405,16,Female,High School,1.88,0.25,6.39,1.02,62.93,88.83
STU_02406,14,Female,High School,4.16,1.21,6.57,0.23,70.01,76.23
STU_02407,25,Non-binary,University,3.12,1.98,7.77,0.9,81.8,85.09
STU_02408,18,Male,College,3.54,1.29,6.52,2.12,84.32,92
STU_02409,16,Male,High School,5.87,3.52,6.36,2.36,85.47,85.66
STU_02410,18,Female,College,5.06,0,6.26,0.24,47.2,93.62
STU_02411,15,Female,High School,7,0.18,6.61,1.71,71.74,85.67
STU_02412,18,Male,College,5.55,1.37,6.4,0.58,76.94,94.94
STU_02413,14,Male,High School,0.53,0,4.97,1.25,84.24,82.63
STU_02414,14,Female,High School,10.38,4.3,5.27,0.32,57.31,83.53
STU_02415,25,Male,University,0,4.55,6.91,0.66,70.51,98.29
STU_02416,21,Female,College,5.29,0,7.05,2.89,71,84.52
STU_02417,19,Male,College,6.34,3.02,5.28,0,60.54,94.05
STU_02418,15,Male,High School,5.23,1.77,6.06,1.55,78.76,86.83
STU_02419,25,Male,University,4,2.48,7.51,2.68,64.26,99.07
STU_02420,23,Female,University,8.22,3.46,5.01,0,70.1,94.75
STU_02421,13,Female,High School,7.31,0,5.68,1.2,56.02,86.5
STU_02422,20,Female,College,4.45,4.42,8.05,1.36,69.03,77.79
STU_02423,18,Female,College,3.38,3.44,5.47,2.82,86.71,99.64
STU_02424,19,Male,College,2.46,4.46,4.5,0,74.67,82.92
STU_02425,21,Male,College,2.66,0,8.12,3.88,78.39,99.9
STU_02426,17,Female,High School,4.35,2.44,4.73,1.12,72.82,78.23
STU_02427,13,Female,High School,0.36,3.47,6.83,3.22,81.53,98.42
STU_02428,24,Female,University,4.48,3.28,6.9,2.91,74.86,97.65
STU_02429,22,Female,University,6.51,4.04,7.13,0,69.57,80.4
STU_02430,19,Male,College,3.09,3.32,7.38,0.6,70.67,69.3
STU_02431,17,Male,High School,4.44,0,5.62,2.56,85.96,96.12
STU_02432,15,Female,High School,5.27,4.57,8.09,0.75,71.31,99.51
STU_02433,24,Male,University,5.71,1.63,6.06,2.12,76.74,99.17
STU_02434,25,Male,University,4,2.86,5.58,0.71,78.88,79.12
STU_02435,21,Female,College,8.9,5.3,6.74,1.03,68.07,86.68
STU_02436,13,Male,High School,4.51,2.48,5.43,0,84.14,76.33
STU_02437,13,Female,High School,1.18,1.87,7.57,1.24,64.61,94.83
STU_02438,13,Male,High School,3.54,0.41,6.47,0.06,83.54,90.27
STU_02439,15,Female,High School,7.75,0.1,5.88,0.98,77.38,72.7
STU_02440,24,Female,University,7.55,0.33,9.22,1.27,62.57,88.67
STU_02441,18,Female,College,0.2,2.43,7.37,3.97,80.93,99.67
STU_02442,22,Male,University,3.76,6.44,3.59,1.21,65.61,78.38
STU_02443,23,Male,University,3.18,1.95,4.94,0,75.77,79.2
STU_02444,15,Male,High School,6.45,2.45,6.58,1.6,51.78,94.06
STU_02445,20,Male,College,1.65,3.75,5.15,0,62.82,80.44
STU_02446,22,Female,University,8.4,1.24,5.35,0.29,49.12,80.53
STU_02447,14,Male,High School,0.83,4.97,7.84,1.71,84.33,89.01
STU_02448,21,Male,College,4.15,1.62,6.5,0,78.32,91.17
STU_02449,15,Male,High School,1.49,4.71,7.66,0.67,77.54,89.86
STU_02450,17,Female,High School,6.14,3.58,7.69,0.31,74.01,77.27
STU_02451,22,Male,University,0,2.65,8.06,0,70.86,97.16
STU_02452,20,Female,College,4.07,1.4,5.62,3.2,83.14,99.13
STU_02453,14,Female,High School,4.02,4.2,7.46,0.59,71.83,97.92
STU_02454,18,Female,College,2.26,2.3,7.88,0,75.78,97.91
STU_02455,24,Female,University,7.55,1.59,6.13,3.09,52.87,99.36
STU_02456,17,Male,High School,8.76,5.36,4.55,2.56,74.01,76.23
STU_02457,25,Female,University,3.49,0,7,1.16,88.19,98.42
STU_02458,22,Female,University,4.82,5.22,6.42,0,61.16,82.83
STU_02459,21,Female,College,2.96,6.15,5.02,3.09,80.85,99.13
STU_02460,24,Female,University,1.34,0.9,8.25,1.02,78.37,91.29
STU_02461,17,Male,High School,1.71,1.32,6.64,0.66,84.24,78.74
STU_02462,14,Male,High School,1.77,0.49,7.14,0.57,80.24,88.48
STU_02463,17,Female,High School,7.62,4.07,6.39,1.48,65.75,94.62
STU_02464,24,Female,University,5.58,1.35,6.76,0.19,80.98,86.55
STU_02465,16,Male,High School,2.12,2.28,6.82,0.82,72.35,99.15
STU_02466,23,Male,University,2.34,3.65,5.6,0,59.24,76.54
STU_02467,19,Male,College,2.01,0,8.97,0,81.35,95.65
STU_02468,18,Female,College,0,0,9.15,2.6,79.66,98.42
STU_02469,14,Female,High School,5.8,3.1,7.61,0.85,71.57,97.97
STU_02470,24,Female,University,4.18,1.81,6.69,0,78.56,80.33
STU_02471,23,Male,University,8.77,0.71,6.77,0.3,75.39,77.61
STU_02472,23,Male,University,0,2.5,5.95,1.03,76.18,94.83
STU_02473,25,Male,University,6.62,2.28,6.24,0,64.22,86.97
STU_02474,17,Male,High School,6.84,0.86,4.32,0.4,43.95,81.17
STU_02475,19,Female,College,7.17,2.79,5.43,0.61,62.24,90.76
STU_02476,23,Male,University,5.11,0.71,7.31,0,82.5,77.04
STU_02477,19,Female,College,6.81,3.79,7.3,0.71,81.1,91.93
STU_02478,17,Female,High School,5.26,2.15,5.37,0.54,63.09,60.41
STU_02479,24,Female,University,2.63,5.81,5.56,0.98,53.74,75.18
STU_02480,21,Male,College,3.5,0.15,7.42,1.81,74.25,93.51
STU_02481,16,Male,High School,3.43,1.44,4.66,2.03,73.45,97.34
STU_02482,23,Male,University,7.41,4.18,7.69,0,64.9,92.32
STU_02483,15,Female,High School,7.7,0.61,5.2,1.58,77.07,74.54
STU_02484,16,Female,High School,6.54,2.56,6.05,0.52,79.75,77.46
STU_02485,17,Male,High School,4.65,0,7.58,2.94,80.46,99.42
STU_02486,25,Male,University,0,0.57,7.17,2.37,77.71,98.67
STU_02487,18,Female,College,6.56,0.82,5.97,0.95,70.18,92.89
STU_02488,15,Female,High School,6.45,2.19,6.86,0.6,58.03,80.82
STU_02489,14,Non-binary,High School,5.21,4.28,5.65,0.19,57.52,77.97
STU_02490,25,Male,University,5.7,2.01,6.76,0.47,70.77,92.17
STU_02491,16,Male,High School,2.47,1.92,6.89,0,79.34,91.23
STU_02492,17,Male,High School,3.64,1.05,5.36,1.39,75.32,98.93
STU_02493,16,Male,High School,2.45,0.44,8.56,0.33,75.89,78.41
STU_02494,23,Female,University,4.11,4.33,5.98,1.27,80.01,83.89
STU_02495,25,Male,University,6.69,2.82,6.75,0,64.83,74.65
STU_02496,24,Male,University,5.6,1.92,5.46,1.48,82.86,84.62
STU_02497,15,Female,High School,1.89,5.39,4.35,1.98,73.8,89.31
STU_02498,20,Male,College,9.08,0,7.41,1.19,72.18,88.83
STU_02499,22,Female,University,4.93,4.34,6.31,1.39,77.67,78.64
STU_02500,16,Male,High School,2.81,0,7.27,0,78.92,95.25
STU_02501,14,Female,High School,3.75,2.74,6.71,1.29,69.45,97.67
STU_02502,14,Male,High School,3.11,4.24,9.13,0.39,81.69,88.05
STU_02503,13,Female,High School,5.07,0,7.65,0.93,83.65,73.49
STU_02504,25,Male,University,1.19,4.72,7.6,0.9,75.33,99.58
STU_02505,16,Male,High School,5.24,2.25,5.78,0.09,66.2,80.52
STU_02506,22,Female,University,6.6,1.05,6.18,0.28,75.17,83.79
STU_02507,21,Male,College,6.15,2.9,6.28,1.38,69.63,95.93
STU_02508,23,Male,University,5.16,3.44,7.1,2.36,78.78,96.63
STU_02509,19,Female,College,5.94,6.77,5.58,0.92,55.71,66.15
STU_02510,24,Female,University,5.48,2.15,6.04,3.5,74.55,97.2
STU_02511,22,Male,University,7.12,4.02,6.98,0.08,75.74,82.35
STU_02512,19,Male,College,3.9,2.72,8.54,2.81,67.91,98.75
STU_02513,25,Male,University,2.22,3.14,4.24,0.34,67.96,65.58
STU_02514,19,Male,College,5.41,2.05,7.51,0.93,78.23,80.1
STU_02515,20,Non-binary,College,7.21,1.13,5.98,0.1,57.36,71.17
STU_02516,13,Female,High School,3.52,3.19,7.37,0.84,72.8,85.63
STU_02517,22,Male,University,8.49,0.71,5.97,1.68,76.96,81.93
STU_02518,25,Non-binary,University,5.45,0,6.22,1.03,70.14,99.56
STU_02519,22,Female,University,6.82,2.69,6.31,0.63,72.24,98.25
STU_02520,20,Female,College,1.6,1.02,5.44,2.96,83.16,97.31
STU_02521,16,Male,High School,6.48,1.98,5.08,0,69.42,59.42
STU_02522,16,Male,High School,5.67,0,6.08,0,77.78,83.83
STU_02523,16,Female,High School,9.78,4.22,5.65,0,48.85,78.28
STU_02524,18,Male,College,5.79,0,8.1,0.83,68.16,99.76
STU_02525,19,Male,College,6.13,3.27,7.19,0.89,74.57,83.49
STU_02526,18,Male,College,2.45,3.45,6.52,0,70.93,79.78
STU_02527,13,Male,High School,5.29,2.86,5.05,0,58.87,78.58
STU_02528,24,Female,University,7.36,4.35,5.99,0.45,47.34,67.21
STU_02529,20,Female,College,3.63,0.38,7.46,2.4,90.65,98.57
STU_02530,25,Male,University,2.72,6.03,5.9,3.6,71.14,94.74
STU_02531,22,Male,University,9.52,0.88,5.65,1.99,83.96,90.66
STU_02532,23,Female,University,3.81,3.69,7.96,4.15,71.82,97.07
STU_02533,25,Male,University,6.76,5.78,6.1,0.11,79.9,78.98
STU_02534,19,Female,College,3.31,2.12,6.8,1.81,64.13,77.17
STU_02535,18,Female,College,3.41,1.2,6.81,1.93,78.1,86.19
STU_02536,18,Male,College,4.19,3.93,8.04,0.1,68.05,75
STU_02537,17,Female,High School,5.93,1.47,4.2,1.5,84.72,90.24
STU_02538,18,Female,College,7.42,0.95,6.79,0.13,68.4,97.68
STU_02539,24,Male,University,3.1,3.75,4.41,0.37,57.29,88.7
STU_02540,21,Male,College,7.3,3.86,5.44,0,50.78,70.67
STU_02541,22,Non-binary,University,4.85,2.45,4.48,0.8,77.46,68.17
STU_02542,21,Male,College,4.06,2.62,7.09,1.84,76.64,91.74
STU_02543,22,Female,University,5.9,2.8,3.81,0,79.16,74.01
STU_02544,20,Female,College,8.07,2.15,4.22,0.32,68.06,75.61
STU_02545,22,Male,University,5.79,2,6.36,0.38,56.65,94.1
STU_02546,21,Male,College,2.68,0.06,7.11,1.42,66.24,80.4
STU_02547,25,Female,University,4.87,1.18,8.53,0.48,65.54,93.07
STU_02548,22,Male,University,5.91,2.49,8.36,0,74.29,98.38
STU_02549,20,Female,College,3.02,6.29,4.71,1.61,83.82,79.03
STU_02550,20,Female,College,5.2,0.44,5.95,0.53,82.58,85.14
STU_02551,13,Female,High School,2.7,1.61,6.39,1.36,71.93,94.66
STU_02552,22,Male,University,6.09,0.17,7.75,1.74,68.13,91.5
STU_02553,23,Female,University,8.16,0,5.82,1.36,63.97,99.02
STU_02554,17,Female,High School,4.3,4.99,4.05,0.07,70.78,74.85
STU_02555,16,Female,High School,6.36,3.45,7.15,0.94,76.32,99.64
STU_02556,14,Male,High School,7.06,4.94,5.31,0.09,60.75,89.83
STU_02557,20,Female,College,3.43,0,8.85,1.78,78.02,86.09
STU_02558,15,Female,High School,5.56,3.64,6.78,1.51,75.18,94.74
STU_02559,16,Male,High School,7.35,6.35,6.73,0,60.45,86.83
STU_02560,24,Non-binary,University,8.59,4.23,6.61,0,72.82,91.55
STU_02561,19,Male,College,3.8,3.52,5.36,0.24,75.08,74.97
STU_02562,22,Male,University,1.68,1.12,4.62,1.87,69.83,92.55
STU_02563,21,Female,College,5.96,5.12,8.05,2.04,78.09,99.41
STU_02564,14,Male,High School,5.07,1.34,7.41,2.22,84.17,89.51
STU_02565,15,Female,High School,4.58,3.41,5.2,0.02,69.4,90.75
STU_02566,16,Female,High School,3.2,0.63,3.83,0,78.73,58.85
STU_02567,22,Male,University,6.71,2.33,7.97,0.41,74.3,82.74
STU_02568,13,Male,High School,3.03,4.26,6.87,1.95,83.13,83.33
STU_02569,19,Female,College,2.81,4.13,8.11,0,85.03,79.01
STU_02570,14,Female,High School,4.17,2.53,7.15,2.08,78.98,98.32
STU_02571,17,Female,High School,6.82,6.37,5.06,0,73.65,97.45
STU_02572,13,Female,High School,1.11,2.12,6.37,2.91,83.93,98.63
STU_02573,15,Male,High School,1.96,4.56,6.64,1.3,69.06,82.59
STU_02574,24,Male,University,2.45,1.49,6.89,2.63,81.56,85.99
STU_02575,14,Female,High School,9.46,0.26,4.78,0.97,39.29,78.45
STU_02576,13,Female,High School,5.21,2.14,6.35,0.84,68.88,88.45
STU_02577,19,Male,College,1.89,0,8.19,1.79,86.31,91.95
STU_02578,17,Female,High School,4.17,3.08,6.57,3.04,81.44,97.87
STU_02579,13,Female,High School,6.43,2.69,7.01,0,70.52,99.08
STU_02580,18,Female,College,9.5,3.61,6.09,1.55,58.43,80.56
STU_02581,17,Male,High School,0.65,2.47,8.56,2.42,77.08,96.69
STU_02582,15,Female,High School,1.81,1.96,7.6,1.16,82.86,92.15
STU_02583,24,Female,University,3.65,2.64,5.55,0.28,67.37,71.6
STU_02584,19,Female,College,3.74,4.53,4.74,0.12,64.03,74.72
STU_02585,23,Female,University,3.7,4.35,8.72,0,81.29,92
STU_02586,22,Female,University,4.22,4.8,5.24,0.41,70.27,72.58
STU_02587,21,Female,College,9.57,0,5.75,0.76,55.43,88.85
STU_02588,25,Non-binary,University,1.34,4.43,6.79,0.64,74.97,98.53
STU_02589,25,Male,University,4.9,3.75,5.65,0.79,70.31,76.52
STU_02590,21,Male,College,5.9,6.18,7.32,0,69.11,93
STU_02591,21,Female,College,0.87,1.55,7.25,2.26,76.34,95.91
STU_02592,14,Male,High School,8.09,1.96,4.22,1.3,47.15,99.9
STU_02593,15,Male,High School,4.11,2.98,6.95,0,74.62,86.99
STU_02594,19,Male,College,1.79,0,7.03,1.95,85.56,83.2
STU_02595,17,Male,High School,8.37,0,6.88,1.83,59.81,80.2
STU_02596,14,Male,High School,6.2,3.06,8.58,1,68.15,84.78
STU_02597,15,Male,High School,3.14,0.41,6.09,1.41,86.35,87.28
STU_02598,22,Non-binary,University,6.31,0.09,5,0.23,75.78,82.47
STU_02599,18,Female,College,5.47,3.48,9.84,2.16,71.77,92.99
STU_02600,25,Female,University,0.66,0,6.02,1.03,82.17,98.74
STU_02601,19,Male,College,0.9,3.76,9.26,0.63,80.01,96.45
STU_02602,21,Female,College,5.34,0.94,9.06,0,66.69,99.69
STU_02603,13,Female,High School,0.07,0.87,6.99,1.43,82.83,88.47
STU_02604,23,Female,University,7.01,3.15,7.55,0.52,67.78,95.93
STU_02605,19,Male,College,1.05,0.27,6.05,0.01,79.67,94.79
STU_02606,20,Male,College,6.8,5.62,6.58,1.57,74.99,84.8
STU_02607,24,Female,University,8.06,2.31,7.22,2.45,64.31,97.42
STU_02608,15,Female,High School,5.72,2.47,5.15,1.93,79.73,98.13
STU_02609,16,Female,High School,0,3.64,8.67,2.23,81.32,96.69
STU_02610,22,Female,University,7.3,4.43,7.09,0.04,79.45,76.84
STU_02611,18,Male,College,3.41,1.56,8.92,0.76,68.41,78.24
STU_02612,22,Female,University,4.36,3.75,6.75,0.13,76.76,73.88
STU_02613,19,Male,College,2.64,3.85,3.89,1.98,64.59,93.52
STU_02614,25,Female,University,8.71,5.14,5.97,0.02,63.51,74.09
STU_02615,16,Non-binary,High School,4.94,1.66,6.44,2.52,73.96,85.86
STU_02616,20,Female,College,3.48,3.85,7.95,0.48,58.32,99.94
STU_02617,17,Male,High School,7.85,3.53,4.47,1.39,61.77,64.43
STU_02618,13,Male,High School,6.53,3.19,8.86,3.42,69.67,98.9
STU_02619,16,Female,High School,1.67,0,7.51,3.86,70.65,97.86
STU_02620,15,Female,High School,5.34,4.76,8.04,0.37,75.32,79.45
STU_02621,21,Female,College,5.05,4.37,4.29,2.95,65.41,99.22
STU_02622,20,Female,College,0.82,3.69,6.76,1.38,85.58,91.8
STU_02623,13,Male,High School,6.57,1.4,8.64,0.76,74.86,99.8
STU_02624,23,Female,University,4.43,5.47,5.32,1.39,76.07,94.78
STU_02625,18,Female,College,9.88,2.4,4.2,0.81,69.13,65.67
STU_02626,21,Non-binary,College,8.02,3.38,6,0,63.48,88.22
STU_02627,19,Male,College,5.06,0.44,7.92,0.64,67.13,94.61
STU_02628,16,Female,High School,4.28,1.94,6.24,0.29,70.25,94.37
STU_02629,25,Male,University,0,2.62,7.08,1.43,80.6,95.16
STU_02630,13,Female,High School,6.61,0.91,6.54,0,65.36,72.15
STU_02631,24,Female,University,4.33,1.31,6.36,0.84,86.03,86.68
STU_02632,14,Male,High School,3.33,3.46,7.35,1.23,81.47,89.6
STU_02633,24,Male,University,4.55,4.38,4.79,1.16,61.2,89.53
STU_02634,17,Female,High School,8.38,0,4.78,1.27,57.32,99.07
STU_02635,24,Female,University,7.74,6.49,5.96,1.82,73.48,74.27
STU_02636,23,Male,University,7.9,0.94,5.54,0,64.31,76.96
STU_02637,17,Male,High School,1.9,0.64,8.43,0.65,76.08,91.04
STU_02638,20,Female,College,8.45,5.26,5.21,0.44,52.38,70.09
STU_02639,18,Female,College,3.27,3.74,7.26,2.04,77.81,99.45
STU_02640,20,Male,College,6.37,4.25,6.81,0.41,74.39,79.08
STU_02641,14,Female,High School,6.07,0.98,5.96,0.39,77.56,79.33
STU_02642,15,Male,High School,4.15,3.31,6.49,0,77.8,75.65
STU_02643,18,Male,College,5.04,7.1,6.13,2.38,80.92,84.44
STU_02644,24,Male,University,0.39,0.96,6.15,1.64,78.66,76.71
STU_02645,25,Female,University,4.65,3.82,7.7,0.32,63.03,90.98
STU_02646,22,Male,University,3.91,1.11,6.26,2.91,85.97,89.91
STU_02647,15,Female,High School,9.99,0.62,4.86,1.77,74.6,91.47
STU_02648,18,Male,College,4.57,2.05,6.78,2.3,80.64,73.34
STU_02649,18,Non-binary,College,2.71,2.44,8.43,0,83.79,91.81
STU_02650,14,Female,High School,4.79,2.2,6.46,1.62,62.38,85.58
STU_02651,19,Female,College,2.82,2.37,6.65,0.12,80.15,77.39
STU_02652,24,Female,University,0.95,6.46,6.92,1.45,84.27,98.87
STU_02653,14,Female,High School,5.53,5.57,5.83,0,69.22,63.5
STU_02654,18,Female,College,4.52,2.81,5.55,1.08,63.26,84.15
STU_02655,13,Male,High School,6.98,2.67,6.34,0.77,58.61,87.61
STU_02656,15,Male,High School,8.14,5.11,5.46,1.65,62.09,84.66
STU_02657,14,Female,High School,9.22,3.82,4.08,0.24,55.5,75.41
STU_02658,19,Male,College,5.07,2.98,6.15,0.89,79.44,84.08
STU_02659,16,Male,High School,6.23,6.54,5.56,0.27,66.34,70.76
STU_02660,20,Female,College,5.2,0.95,6.39,1.02,78.3,74.11
STU_02661,18,Male,College,0,2.48,5.81,1.34,65.23,69.42
STU_02662,24,Female,University,7.59,2.25,6.88,2.4,73.23,99.46
STU_02663,22,Male,University,5.86,3.34,7.65,0.36,62.56,82.1
STU_02664,16,Non-binary,High School,5.9,0.6,6.48,2.47,85.8,89.11
STU_02665,17,Female,High School,3.22,3.35,6.33,0.64,76.93,86.7
STU_02666,25,Female,University,2.89,2.01,7.19,2.97,63.26,97.75
STU_02667,25,Male,University,4.33,4.37,6.72,2.61,80.42,96.93
STU_02668,21,Female,College,5.89,1.94,5.65,2.2,79.3,97.85
STU_02669,19,Female,College,0,1.47,8.13,0.79,73.01,74.12
STU_02670,22,Female,University,5.01,3.74,5.58,1.26,73.7,97.42
STU_02671,21,Female,College,8.72,2.7,4.52,2.31,61.99,85.14
STU_02672,19,Male,College,4.17,2.03,6.41,0.44,73.38,95.46
STU_02673,24,Female,University,0,2.15,7.52,1.76,83.37,98.3
STU_02674,13,Female,High School,4.03,1.63,6.45,1.88,82.05,99.04
STU_02675,24,Male,University,5.24,6.21,6.94,0.6,78.74,98.95
STU_02676,20,Female,College,5.44,3.49,6.24,0.05,67.56,82.05
STU_02677,16,Female,High School,4.89,3.88,7.9,0,80.11,97.91
STU_02678,15,Female,High School,9.23,3.4,6.75,2.63,70.05,88.59
STU_02679,25,Male,University,4.85,3.01,4.57,2.65,68.15,89.65
STU_02680,19,Female,College,4.98,1.75,6.03,2.31,64.38,86.71
STU_02681,24,Non-binary,University,3.08,1.26,5.93,2.84,78.4,97.36
STU_02682,15,Female,High School,6.86,1.74,6.95,1.6,77.65,85.26
STU_02683,20,Female,College,8.74,3.69,6.69,0.33,83.24,69.35
STU_02684,18,Female,College,2.93,1.72,7.7,0.95,74.98,98.82
STU_02685,17,Female,High School,4.23,4.83,4.76,0.02,62.5,82.34
STU_02686,16,Female,High School,0,5.55,6.63,2.45,84.52,98.63
STU_02687,20,Male,College,2.41,0,8.34,0.44,84.02,85.8
STU_02688,20,Male,College,9.42,5.38,5.99,0.7,57.72,80.48
STU_02689,24,Male,University,3.76,0.5,3.97,1.42,68.28,83.06
STU_02690,13,Male,High School,5.07,2.03,8.75,1.17,77.53,99.35
STU_02691,21,Male,College,2.68,2.77,6.86,2.34,71.07,99.25
STU_02692,17,Male,High School,5.62,0,7.13,2.82,74.11,94.84
STU_02693,16,Female,High School,4.06,1.26,6.77,1.2,74.78,79.83
STU_02694,18,Male,College,5.53,2.81,5.75,2.04,73.19,98.29
STU_02695,18,Male,College,4.76,0.3,4.62,1.27,85,97.54
STU_02696,14,Male,High School,8.11,0.23,5.7,0.94,57.53,59.08
STU_02697,20,Female,College,4.92,5.84,6.75,1.57,58.9,87.45
STU_02698,19,Male,College,2.41,2.74,6.62,3.91,84.36,99.12
STU_02699,13,Male,High School,2.91,4.32,7.08,3.01,82.5,98.59
STU_02700,17,Male,High School,0,5.97,6.28,2.02,82.04,98.24
STU_02701,24,Female,University,4.81,3.96,6.07,0.94,59.76,99.05
STU_02702,18,Female,College,4.34,1.6,7.21,0.7,77.07,71.35
STU_02703,16,Female,High School,8.28,1.43,5.89,0.61,62.37,92.4
STU_02704,14,Male,High School,1.57,3.46,6.41,2.3,69.43,95.92
STU_02705,25,Female,University,2.76,3.75,7.43,1.3,72.97,99.17
STU_02706,16,Female,High School,2.78,2.98,6.68,1.04,84.37,94.63
STU_02707,13,Male,High School,3.87,3.89,5.5,1.46,73.72,92.54
STU_02708,19,Male,College,1.35,2.29,6.89,1.3,79.2,89.15
STU_02709,14,Male,High School,3.8,2.53,6.2,0.95,63.84,98.19
STU_02710,25,Female,University,4.55,1.74,5.5,2.71,70.67,87.69
STU_02711,14,Male,High School,4.62,0.94,9.08,0.56,76.63,91.25
STU_02712,21,Male,College,7.68,0.9,5.44,0,67.72,88.33
STU_02713,17,Female,High School,4.43,1.84,6.97,1.37,82.52,89.28
STU_02714,14,Female,High School,4.37,3.83,6.16,0.37,81.89,94.31
STU_02715,23,Female,University,7.36,2.56,7.58,0.68,76.8,58.77
STU_02716,21,Female,College,4.49,1.74,8.19,2.43,80.18,93.59
STU_02717,21,Female,College,1.46,2.03,7.67,2.25,71.15,98.59
STU_02718,13,Female,High School,1.81,0,8.17,1.32,83.92,86.68
STU_02719,23,Male,University,1.83,1.54,5.11,0.59,82.1,98.13
STU_02720,15,Male,High School,1.45,3.87,8.36,1.02,80.04,97.04
STU_02721,16,Female,High School,9.5,0.42,6.86,5,76.93,99.87
STU_02722,19,Non-binary,College,1.82,0,6.41,3.52,84.8,96.36
STU_02723,22,Female,University,4.4,0.29,6.08,0.93,79.87,77.76
STU_02724,16,Male,High School,4.64,1.61,6.45,1.6,69.26,98.39
STU_02725,14,Male,High School,4.06,2.39,9.2,0,73.58,78.91
STU_02726,19,Male,College,2.55,2.92,6.5,0.88,68.11,98.84
STU_02727,18,Female,College,5.64,3.77,5.43,2.01,66.54,95.05
STU_02728,15,Female,High School,0.69,2.06,6.35,1.1,77.15,97.6
STU_02729,18,Female,College,1.84,3.81,4.55,1.49,56.53,78.11
STU_02730,23,Female,University,7.3,0.35,7.26,0.99,74.21,61.86
STU_02731,18,Male,College,1.76,4.66,7.7,2.45,82.8,92.8
STU_02732,24,Male,University,7.74,3.15,2.52,0,56.37,59.5
STU_02733,17,Male,High School,7.96,0,8.07,0,76.03,70.78
STU_02734,16,Female,High School,8.01,2.69,5.81,1.38,59.36,84.72
STU_02735,22,Male,University,6.61,6.67,5.08,0.03,76.67,94.86
STU_02736,24,Female,University,1.05,6.19,4.83,2.88,62.61,96.98
STU_02737,13,Female,High School,0.65,2.47,5.59,1.17,80.92,72.15
STU_02738,22,Male,University,1.7,3.58,7.38,0,58.64,89.19
STU_02739,18,Male,College,2.12,0.5,8.24,0.8,82.75,97.85
STU_02740,14,Male,High School,1.25,0.2,6.01,3.05,85.72,97.01
STU_02741,25,Female,University,2.79,2.16,4.63,0,70.7,88.59
STU_02742,15,Male,High School,6.42,1.62,6.07,1.31,67.08,98.51
STU_02743,20,Male,College,6.13,2.77,5.06,1.49,64.87,71.15
STU_02744,22,Female,University,5.24,3.63,6.44,0.88,63.9,77.39
STU_02745,18,Female,College,3.96,3.57,7.67,0.76,72.81,85.58
STU_02746,15,Female,High School,4.33,4.34,5.19,1.05,49.8,98.9
STU_02747,19,Female,College,5.25,3.41,6.9,0.87,78.24,97.44
STU_02748,16,Female,High School,3.32,4.53,7.93,2.14,85.74,90.42
STU_02749,21,Female,College,6.94,4.35,6.22,1.03,69.52,97.46
STU_02750,17,Male,High School,1.21,2.15,7.67,3.09,65.01,97.67
STU_02751,15,Male,High School,2.56,0,6.22,1.5,82.32,94.77
STU_02752,14,Female,High School,2.19,0.3,8.7,1.51,80.83,97.34
STU_02753,23,Female,University,5.64,3.56,6.88,2.09,70.23,99.43
STU_02754,14,Female,High School,1.5,2.8,5.79,0,68.56,80.24
STU_02755,15,Female,High School,2.21,6.18,8.69,1.15,78.84,88.38
STU_02756,14,Female,High School,5.56,0,3.97,0.64,59.37,84.88
STU_02757,16,Male,High School,2.33,4.11,8.07,0.39,71.85,97.84
STU_02758,14,Male,High School,6.6,2.47,4.81,0.68,78.24,92.97
STU_02759,22,Male,University,6.54,1.05,6.47,3.3,65.43,96.83
STU_02760,21,Female,College,3.16,5.69,7.91,0.2,66.02,99.02
STU_02761,14,Male,High School,4.82,0.53,5.09,0.6,61.37,89.6
STU_02762,21,Male,College,9.55,3.08,6.12,3.26,57.29,78.55
STU_02763,25,Male,University,6.68,4.75,3.65,1.25,43.41,74.76
STU_02764,18,Male,College,5.74,1,6.2,2.57,68.59,92.82
STU_02765,13,Male,High School,8.38,0,7.97,1.9,73.64,87.25
STU_02766,16,Male,High School,2.09,3.61,6.57,1.18,64.15,98.85
STU_02767,13,Female,High School,7.64,4.55,7.01,2.07,81.16,76.18
STU_02768,18,Male,College,5.39,1.59,7.51,1.99,81.81,98.21
STU_02769,25,Male,University,8.14,0,4.73,2.85,73.18,76.16
STU_02770,16,Female,High School,3.19,2.94,4.95,1.01,74.61,78.41
STU_02771,15,Female,High School,7.98,1.97,6.88,0,70.69,75.23
STU_02772,15,Male,High School,0.14,0,7.99,1.96,81.93,88.74
STU_02773,21,Male,College,3.56,3.54,5.48,1.39,72.85,83.47
STU_02774,18,Female,College,5.18,1.21,6.22,0.15,69.68,72.55
STU_02775,21,Male,College,6.14,3.6,6.49,1.86,85.96,79.79
STU_02776,25,Male,University,0,6.64,6.02,2.13,86.92,97.58
STU_02777,17,Male,High School,1.39,2.44,8.17,1.03,77.3,89.3
STU_02778,14,Male,High School,1.79,2.65,6.96,2.08,73.03,97.47
STU_02779,20,Female,College,2.16,2.72,6.66,1.58,79.17,90.98
STU_02780,17,Female,High School,2.62,2.32,6.4,0.88,82.38,84.21
STU_02781,14,Female,High School,4.91,0.4,7.29,1.86,85.83,94.12
STU_02782,16,Female,High School,8.19,3.06,5.83,0.72,69.18,80.7
STU_02783,21,Male,College,3.56,1.48,4.56,1.87,76.87,68.03
STU_02784,16,Female,High School,8.36,1.69,8.24,2.43,80.36,99.21
STU_02785,25,Male,University,4.71,1.18,4.05,0.2,77.25,74.16
STU_02786,24,Male,University,3.96,3.32,8.25,2.28,72.24,98.18
STU_02787,24,Female,University,7.11,1.09,5.27,0.92,76.23,75.25
STU_02788,24,Female,University,4.11,3.19,5.88,1.08,82.41,76.17
STU_02789,25,Male,University,2.54,3.39,9.02,2.53,88.58,97.74
STU_02790,16,Female,High School,7.82,2.61,3.2,1.38,79.62,81.8
STU_02791,14,Male,High School,4.4,0,6.71,0.15,69.17,90.39
STU_02792,25,Male,University,8.98,1.41,7.59,1.31,61.5,89.13
STU_02793,24,Male,University,3.61,2.35,5.98,1.52,81.93,86.86
STU_02794,18,Female,College,1.17,0.13,7.74,1.9,84.1,93.24
STU_02795,25,Female,University,2.58,3.06,8.18,1.17,66.3,93.19
STU_02796,23,Female,University,2.82,5.08,6.42,0.99,74.53,98.54
STU_02797,14,Male,High School,4.26,3.41,8.17,0.87,73.36,77.45
STU_02798,24,Male,University,2.51,0.28,7.05,0,80.92,73.44
STU_02799,19,Female,College,1.37,6.87,5.93,2.34,82.26,98.01
STU_02800,15,Male,High School,3.69,1.56,7.34,0.56,68.81,82.86
STU_02801,15,Male,High School,4.73,2.95,7.87,0.75,65.74,83.46
STU_02802,17,Non-binary,High School,5.53,1.28,5.66,1.04,74.42,83.79
STU_02803,15,Female,High School,4.46,2.88,6.23,2.87,88.59,97.12
STU_02804,14,Male,High School,7.92,4.98,4.41,0,64.41,63.92
STU_02805,22,Male,University,4.65,0.57,6.28,0.29,81.14,84.86
STU_02806,21,Male,College,0,1.66,6.7,1.83,80.8,96.97
STU_02807,14,Female,High School,5.13,2.8,6.76,0,61.65,87.25
STU_02808,23,Female,University,4.52,0,4.65,1.01,76.6,92.51
STU_02809,14,Female,High School,6.34,3.98,5.9,0.48,82.34,71.27
STU_02810,25,Male,University,1.7,1.2,8.04,0.84,76.92,85.43
STU_02811,20,Male,College,7.15,2.59,6.72,0.84,69.84,99.89
STU_02812,21,Non-binary,College,5.17,0.51,7.66,1.55,81.34,77.27
STU_02813,19,Non-binary,College,4.84,0.45,7.57,0,66.17,90.06
STU_02814,15,Female,High School,6.85,2.48,7.13,1.63,63.07,87.31
STU_02815,21,Male,College,7.4,5.3,4.62,0.54,65.52,58.37
STU_02816,15,Female,High School,7.16,0.78,5.42,2.6,77.73,88.61
STU_02817,17,Female,High School,0,4.15,8.09,2.61,81.12,99.87
STU_02818,21,Female,College,0.94,4.86,4.4,1.18,74.98,69.77
STU_02819,24,Female,University,3.4,4.26,4.4,2.29,72.33,80.61
STU_02820,15,Male,High School,1.53,2.19,6.68,0,63.89,89.17
STU_02821,19,Male,College,2.76,2.93,6.71,0,80.57,81.43
STU_02822,24,Male,University,4.37,5.25,5.61,2.83,76.2,99.69
STU_02823,13,Female,High School,3.32,4.21,4.34,0.7,73.7,99.65
STU_02824,16,Female,High School,4.44,2.54,7.94,2.3,84.43,94.64
STU_02825,16,Female,High School,7.9,0.39,5.48,0.47,79.64,72.35
STU_02826,19,Male,College,8.95,5.81,3.83,1.5,67.72,84.31
STU_02827,20,Female,College,5.43,2.71,3.16,0.51,66.36,76.16
STU_02828,13,Female,High School,7.84,1.52,7.18,0,72.87,79.91
STU_02829,17,Male,High School,3.5,3.45,6.52,2.15,78.57,98.13
STU_02830,19,Female,College,2.94,0,5.99,3,79.94,94.76
STU_02831,24,Male,University,4.31,3.75,7.47,0,73.19,95.5
STU_02832,16,Male,High School,3.72,3.6,7.27,1.41,59.99,85.81
STU_02833,25,Male,University,6.19,3.13,6.43,0.82,64.13,90.66
STU_02834,16,Female,High School,4.54,4.19,6.38,2.2,79.13,71.93
STU_02835,16,Female,High School,8.27,3.01,5.44,1.45,80.53,95.45
STU_02836,24,Male,University,4.8,3.58,7.05,1.44,79.25,78.99
STU_02837,18,Female,College,2.73,3.73,4.52,0,72.68,86.52
STU_02838,19,Female,College,3.32,4.38,6.1,1.95,72.31,98.24
STU_02839,14,Female,High School,3.01,1.91,5.06,0.98,74,85.57
STU_02840,17,Male,High School,6.33,3.29,6.55,0.1,67.32,88.05
STU_02841,16,Female,High School,4.24,1.67,7.73,1.57,82.8,96.47
STU_02842,25,Female,University,4.8,3.06,6.52,0.73,66.65,84.83
STU_02843,15,Male,High School,5.55,2.47,6.14,2.41,80.47,93.48
STU_02844,19,Male,College,5.85,0.88,4.71,0.92,75.77,85.89
STU_02845,23,Female,University,7.14,3.51,6.47,1.87,79.43,84.09
STU_02846,24,Male,University,5.34,0,7.7,2.19,82.12,87.17
STU_02847,18,Female,College,2.1,0.53,6.98,1.84,77.02,84.96
STU_02848,19,Male,College,3.28,3.78,5.9,0,69.24,81.71
STU_02849,17,Female,High School,3.28,1.3,5.76,0.82,64.28,98.65
STU_02850,25,Male,University,2.68,3.46,8.16,0,86.69,79.97
STU_02851,18,Male,College,7.09,6.63,8,0,73.23,98.86
STU_02852,17,Male,High School,4.13,0,6.8,0,59.67,85.53
STU_02853,19,Female,College,4.95,3.02,6.37,0.02,73.04,70.93
STU_02854,14,Female,High School,5.34,5.83,6.37,0.96,69.95,73.66
STU_02855,23,Male,University,5.02,2.95,7.48,1.27,67.87,98.56
STU_02856,17,Male,High School,5.27,2.51,7.47,1.33,65.28,97.97
STU_02857,18,Female,College,10.52,1.78,7.35,1.37,62.6,76.83
STU_02858,18,Male,College,6.19,1.07,6.68,0.9,58.67,74.62
STU_02859,17,Female,High School,2.2,0,9.85,0.5,79.85,99.41
STU_02860,22,Male,University,5.29,1.64,7.31,1.15,73.47,84.36
STU_02861,19,Female,College,4.76,2.61,6.42,0,86.42,71.87
STU_02862,22,Female,University,1.03,2.77,8.57,1.09,81.26,97.52
STU_02863,20,Non-binary,College,0,4.17,10.1,2.8,84.16,97.79
STU_02864,19,Female,College,4.85,4.07,5.63,0,68.27,69.25
STU_02865,17,Male,High School,3.8,2.9,6.28,0.77,73.9,84.06
STU_02866,13,Male,High School,1.63,3.09,7.24,1.06,77.48,99.65
STU_02867,25,Female,University,3.15,2.39,5.89,2.27,85.76,82.25
STU_02868,17,Female,High School,3.85,1.14,8,0.9,71.83,97.59
STU_02869,22,Female,University,3.04,4.19,6.17,3.12,76.37,95.26
STU_02870,14,Female,High School,5.18,2.21,5.94,1.67,72.39,89.95
STU_02871,25,Female,University,4.94,2.98,7.12,1.8,61.77,90.43
STU_02872,17,Male,High School,6.45,7.1,7.85,0.6,77.32,90.37
STU_02873,17,Male,High School,7.39,4.14,4.63,0,61.95,67.5
STU_02874,14,Male,High School,6.11,2.13,4.94,2,74.93,97.12
STU_02875,17,Male,High School,2.8,0,7.19,0.03,76.74,81.72
STU_02876,25,Female,University,4.92,4.5,4.55,3.18,66.04,97.48
STU_02877,16,Male,High School,0.49,0,6.68,2.57,83.36,98.52
STU_02878,13,Male,High School,3.31,1.74,6.65,0.31,82.82,91.1
STU_02879,15,Male,High School,0,0,8.67,1.87,83.78,94.56
STU_02880,13,Male,High School,3.62,1.62,5.2,0.32,76.5,74.25
STU_02881,24,Male,University,3.16,1.6,6.58,3.16,80.18,92.56
STU_02882,23,Female,University,6.23,2.77,5.43,4.58,61.06,96.43
STU_02883,17,Male,High School,2.08,2.13,5.88,0,84.06,90.36
STU_02884,16,Female,High School,4.93,4.2,6.55,0.04,85.13,83.2
STU_02885,19,Female,College,3.55,3.65,7.16,2.37,73.68,97.68
STU_02886,17,Non-binary,High School,3.44,4.01,6.43,1.93,64.82,78.11
STU_02887,22,Male,University,2.58,0,7.59,0.06,71.06,89.67
STU_02888,16,Male,High School,5.25,2.26,5.16,0.69,70.59,72.69
STU_02889,14,Male,High School,4.1,3.63,7.11,1.24,80.08,88.27
STU_02890,16,Male,High School,2.11,2.66,7.64,0.92,63.14,88.99
STU_02891,24,Female,University,4.83,1.44,7.4,0.48,55.8,94.15
STU_02892,14,Female,High School,5.27,1.14,4.07,0,75.83,63.39
STU_02893,20,Female,College,7.77,5.45,6.09,2.69,67.91,95.73
STU_02894,15,Male,High School,3.05,3.35,7.27,1.78,79.77,94.43
STU_02895,21,Female,College,3.53,0,8.42,3.27,84.46,99.5
STU_02896,25,Male,University,1.27,0.25,5.9,0.62,78.68,82.49
STU_02897,16,Female,High School,3.38,0,7.39,0.94,75.01,79.98
STU_02898,25,Female,University,1.85,0,6.78,1.88,85.05,81.75
STU_02899,18,Male,College,7.26,0.38,4.29,0,59.79,74.05
STU_02900,22,Male,University,5.79,4.69,6.27,2.34,76.49,85.04
STU_02901,17,Female,High School,1.81,3.46,4.66,0.4,72.83,93.44
STU_02902,22,Male,University,2.06,0.97,6.77,1.89,78.61,99.9
STU_02903,25,Male,University,3.12,1.07,6.73,1.26,73.65,90.57
STU_02904,13,Male,High School,7.75,1.41,5.42,1.01,64.79,92.21
STU_02905,21,Male,College,2.97,0.89,7.25,2.34,84.04,81.81
STU_02906,13,Female,High School,4.06,1.99,5,0,78.68,62.15
STU_02907,20,Female,College,8.33,1,5.09,0,69.86,71.93
STU_02908,21,Female,College,5.54,2.06,8.48,1.24,74.41,97.9
STU_02909,21,Male,College,0.88,0.13,6.67,1.66,79.8,84.75
STU_02910,13,Female,High School,0,2.38,6.6,0.72,84.58,95.24
STU_02911,14,Female,High School,4.74,2.9,5.48,0.91,74.6,93.42
STU_02912,24,Male,University,10.25,0.64,7.13,0,65.72,67.94
STU_02913,25,Male,University,7.89,1.22,6.66,1.78,69.9,99.7
STU_02914,13,Female,High School,5.44,2.16,5.19,2.35,74.04,85.64
STU_02915,22,Male,University,6.46,4.06,6.42,1.16,76.23,97.52
STU_02916,14,Male,High School,6.65,4.55,7.31,0.02,68.01,81.05
STU_02917,22,Male,University,0.41,2.32,7.94,1.64,84.5,98.11
STU_02918,24,Male,University,5.02,3.01,7.48,1.4,68.11,95.07
STU_02919,20,Male,College,7.78,2.24,8.1,0,82.64,79.93
STU_02920,17,Male,High School,9.73,4.69,4.05,2.35,59.27,92.85
STU_02921,24,Female,University,5.76,5.5,6.68,3.16,69.49,98.16
STU_02922,23,Male,University,1.1,3.96,6.02,2.16,76.87,89.52
STU_02923,19,Female,College,5.93,3.28,5.31,0,66.37,80.51
STU_02924,14,Male,High School,5.89,3.3,6.48,1.07,70.71,82.38
STU_02925,20,Non-binary,College,6.67,2.74,4.95,1.17,80.12,97.89
STU_02926,23,Female,University,5.52,1.13,6.35,3.48,67.96,96.85
STU_02927,18,Female,College,9.15,1.54,7.53,0.99,60.38,95.41
STU_02928,20,Female,College,4.98,2.95,7.42,0,83.07,91.04
STU_02929,13,Female,High School,4.65,1.59,5.06,0.48,63.32,75.16
STU_02930,13,Female,High School,3.84,0.06,5.04,0.96,52.47,74.58
STU_02931,24,Male,University,4.74,2.14,6.29,1.72,63.44,84.1
STU_02932,19,Male,College,5.2,0,5.97,1.05,76.4,95.95
STU_02933,20,Female,College,4.81,5.92,6.86,0.67,72.16,95.24
STU_02934,25,Male,University,6.46,1.48,5.12,0,77.72,86.93
STU_02935,15,Female,High School,0,2.45,7.54,0.66,83.46,89.73
STU_02936,17,Female,High School,4.16,4.65,6.88,0.79,81.82,98.35
STU_02937,24,Male,University,5.79,6.93,5.82,0.82,74.33,84.51
STU_02938,13,Female,High School,5.2,2.15,6.57,3.03,81.67,84.06
STU_02939,19,Male,College,1.32,1.07,9.53,2.2,86.59,98.14
STU_02940,17,Male,High School,5.83,3.66,6.07,0,48.71,77.04
STU_02941,20,Female,College,4.62,2.43,7.57,1.83,77.31,98.23
STU_02942,25,Male,University,6.41,2.25,4.96,0,65.06,87.32
STU_02943,20,Female,College,5.94,2.84,5.59,0,71.06,77.5
STU_02944,21,Female,College,5.31,3.29,5.37,0.24,72.26,63
STU_02945,19,Male,College,4.51,6.14,7.34,1.04,66.82,81.86
STU_02946,23,Female,University,5.22,0.09,7.26,1.95,86.08,98.05
STU_02947,13,Female,High School,5.22,5.98,7.08,1.63,70.83,96.22
STU_02948,25,Male,University,7.82,2.11,6.01,1.6,84.23,98.91
STU_02949,15,Male,High School,11.98,4.11,3.38,1.85,58.92,72.92
STU_02950,20,Female,College,1.81,2.77,7.55,2.42,88.85,98.52
STU_02951,15,Female,High School,0,2.54,7.63,0.88,78.44,91.33
STU_02952,20,Male,College,3.18,2.85,8.08,0.44,80.72,92.79
STU_02953,13,Male,High School,2.15,1.07,7.74,2.14,80.93,96.33
STU_02954,17,Female,High School,6.6,5.39,6.18,2.32,68.57,90.23
STU_02955,16,Female,High School,8.23,3.51,6.42,1.54,66.45,89.92
STU_02956,17,Male,High School,6.54,3.19,7.28,2.14,70.53,95.57
STU_02957,20,Female,College,3.71,1.94,7.77,1.68,84.77,92.35
STU_02958,22,Male,University,6.33,0.01,6.02,2.66,80.75,99.59
STU_02959,16,Female,High School,7.54,3.72,4.3,0.24,60.33,85.79
STU_02960,23,Male,University,6.16,3.83,7.05,2.19,77.24,87.67
STU_02961,16,Male,High School,5.88,3.57,6.27,0.92,82.12,84.8
STU_02962,15,Male,High School,4.21,2.66,6.35,0,85.18,82.63
STU_02963,19,Female,College,1.45,2.1,8.36,1.04,62.24,97.36
STU_02964,15,Female,High School,7.24,4.73,5.67,1.65,77.46,75.58
STU_02965,24,Female,University,8.74,3.35,6.36,2.43,78.32,83.59
STU_02966,15,Female,High School,1.06,3.01,8.67,1.5,70.04,97.89
STU_02967,23,Male,University,6.42,0,7.1,0.52,75.32,64.52
STU_02968,22,Female,University,2.49,0,6.26,2.09,81.15,97.28
STU_02969,17,Male,High School,5.67,6.68,5.59,0,57.06,71.52
STU_02970,17,Female,High School,1,3.99,7.03,1.61,68.46,94.98
STU_02971,18,Male,College,6.45,4.83,6.82,0,74.48,89.94
STU_02972,20,Male,College,5.57,0,7.27,0,52.82,97.17
STU_02973,22,Female,University,6.57,4.29,5.34,0,60.56,65.87
STU_02974,18,Female,College,6.12,1.99,7.01,1.5,77.9,91.67
STU_02975,24,Female,University,4.97,2.7,10.56,0.63,79.41,89.61
STU_02976,13,Female,High School,6.47,3.47,6.56,0,74.31,76.5
STU_02977,20,Male,College,3.39,2.82,6.05,2.14,72.23,88.6
STU_02978,20,Female,College,5.94,2.81,7.84,0.03,64.62,96.89
STU_02979,21,Male,College,3.12,0.91,6.1,1.64,76.92,77.42
STU_02980,21,Female,College,6.06,3.6,7.9,1.14,81.59,77.61
STU_02981,14,Female,High School,4.02,0.9,6.6,0.75,71.51,88.46
STU_02982,14,Male,High School,5.72,1.01,7.27,0.95,76.53,88.65
STU_02983,15,Male,High School,3.78,2.69,5.96,2.14,52.22,98.11
STU_02984,13,Male,High School,3.83,0.23,7.45,0,81.59,87.86
STU_02985,16,Male,High School,3.94,4.62,6.87,3.46,81.84,99.23
STU_02986,16,Male,High School,1.17,4.63,8.09,0.95,78.99,99.63
STU_02987,21,Male,College,6.66,1.73,5.91,1.4,65.59,66.8
STU_02988,21,Male,College,4.62,2.05,8.16,0,89.78,76.2
STU_02989,21,Female,College,1.28,2.56,7.59,4.1,71.96,98.27
STU_02990,22,Female,University,3.14,0,4.5,0,82.26,75.36
STU_02991,19,Male,College,3,0,7.42,1.37,76.59,82.64
STU_02992,14,Male,High School,5.5,3.8,3.39,2.29,66.96,91.96
STU_02993,22,Male,University,3.98,3.2,4.97,2.23,74.47,98.75
STU_02994,17,Female,High School,6.77,1.85,5.93,1.99,65.58,88.73
STU_02995,16,Female,High School,1.51,1.71,4.97,1.12,72.75,90.27
STU_02996,24,Female,University,5.58,3.78,5.34,3.58,52.89,85.64
STU_02997,23,Female,University,5.39,0,6.56,0.36,54.03,83.28
STU_02998,20,Female,College,3.45,5.89,6.27,1.29,62.84,85.64
STU_02999,14,Female,High School,5.14,4.16,5.18,0.66,68.11,78.48
STU_03000,18,Male,College,4.41,1.78,6.81,0.43,73.59,78.42
STU_03001,25,Female,University,7.52,3.19,7.68,2.27,71.59,87.27
STU_03002,17,Female,High School,4.71,4.98,6.17,2.54,80.14,97.55
STU_03003,24,Female,University,7.34,0.61,5.69,1.25,79.66,82.13
STU_03004,14,Female,High School,6.59,4.81,6.48,2.12,78.94,97.51
STU_03005,23,Male,University,1.39,2.47,5.8,0.32,67.63,96.86
STU_03006,22,Female,University,4.29,3.73,7.77,0.2,68.19,83.25
STU_03007,13,Male,High School,6.58,4.08,7.54,0,74.19,78.28
STU_03008,20,Male,College,5.11,2.8,8.77,0,54.49,87.9
STU_03009,14,Male,High School,4.7,4.47,6.95,2.98,79.78,99.42
STU_03010,19,Non-binary,College,4.86,1.74,5.33,1.09,81.52,99.14
STU_03011,21,Female,College,6.02,2.46,7.57,2.04,77.6,93.81
STU_03012,21,Female,College,3.53,1.11,4.96,1.58,74.68,73.51
STU_03013,20,Female,College,3.78,1.26,8.26,2.31,75.24,99.44
STU_03014,23,Male,University,6.6,2.84,6.4,1.87,76.41,88.57
STU_03015,24,Female,University,5.02,4.03,5.75,0,70.39,87.33
STU_03016,22,Non-binary,University,4.06,0.18,6.38,2.52,73.79,83.31
STU_03017,21,Female,College,4.59,3.21,6.28,1.85,82.64,81.5
STU_03018,14,Male,High School,5.78,4.61,7.54,0,76.75,77.8
STU_03019,18,Female,College,4.46,4.87,4.13,1.8,61.74,91.94
STU_03020,16,Non-binary,High School,4.9,2.29,7.03,0,72.27,93.56
STU_03021,16,Female,High School,0.21,0.6,8.37,3.22,84.76,99.06
STU_03022,17,Female,High School,5.11,3.7,5.06,1.99,79.54,98.36
STU_03023,24,Female,University,4.18,3.3,8.64,1.35,82.72,97.8
STU_03024,15,Female,High School,6.8,2.5,7.68,1.28,78.11,95.01
STU_03025,13,Female,High School,4.37,1.99,5.81,0,61.27,76.71
STU_03026,20,Female,College,8.21,3.11,6.23,1.59,55.79,85.59
STU_03027,17,Male,High School,6.03,3.26,5.12,0.67,62.78,70.72
STU_03028,15,Female,High School,2.64,1.76,6.47,0.28,77.38,78.38
STU_03029,22,Female,University,1.41,2.11,5.21,0.57,71.49,86.42
STU_03030,19,Female,College,4.29,0,6.92,0,66.63,73.38
STU_03031,19,Female,College,4.57,3.05,5,3.58,78.55,90.64
STU_03032,13,Male,High School,0.26,3.25,5.95,2.52,85.7,87.7
STU_03033,24,Male,University,4.37,0.29,7.34,2.46,71.99,92.64
STU_03034,21,Female,College,3.68,2.31,7.1,0,61.92,81.69
STU_03035,14,Female,High School,5,1.56,5.51,0,71.45,96.59
STU_03036,17,Male,High School,9.54,4.55,3.84,0.46,59.96,58.6
STU_03037,25,Male,University,0.33,0.22,8.12,1.22,75.13,96.04
STU_03038,17,Male,High School,6.86,4.52,6.85,1.23,64.74,90.38
STU_03039,20,Male,College,5.71,4.79,7.4,3.56,70.17,97.47
STU_03040,20,Male,College,3.26,0,8.25,0.18,79.94,75.32
STU_03041,19,Male,College,4.56,3.66,6.87,0,74.48,99.48
STU_03042,19,Male,College,6.78,3.41,5.94,0,63.78,77.77
STU_03043,24,Male,University,4.78,0,6.11,1.39,82.18,86.78
STU_03044,23,Male,University,0,1.92,8.03,3.5,83.38,98.72
STU_03045,18,Female,College,5.41,1.72,5.39,1.9,68.25,82.46
STU_03046,18,Male,College,6.3,0.8,7.01,0,48.21,73.01
STU_03047,23,Male,University,3.47,1.35,4.83,3.25,87.71,82.48
STU_03048,21,Male,College,6.66,4.03,6.84,0.18,65.99,89.5
STU_03049,18,Male,College,6.86,2.65,6.48,0,82.5,99.45
STU_03050,24,Male,University,7.76,1.43,5.15,1.02,66.41,77.06
STU_03051,25,Male,University,7.01,0.43,6.31,0.65,70.89,84.86
STU_03052,25,Female,University,10.33,3.82,5.07,2.78,74.94,92.52
STU_03053,14,Female,High School,7.41,5.55,7.86,0,46.69,74.01
STU_03054,14,Female,High School,4.92,2.11,6.24,3.05,85.55,98.69
STU_03055,25,Female,University,6.5,2.34,6.64,0.06,76.4,71.35
STU_03056,17,Male,High School,4.83,7.1,6.67,0.32,74.02,83.15
STU_03057,16,Female,High School,3.88,4.01,6.2,0.42,69.43,79.7
STU_03058,23,Male,University,1.9,4.49,8.59,3.05,79.67,99.4
STU_03059,14,Female,High School,4.2,1.47,6.87,0,62.78,98.39
STU_03060,15,Male,High School,6.74,0.98,3.72,0.01,74.39,68.21
STU_03061,19,Female,College,2.5,4.82,6.69,1.37,73.04,98.84
STU_03062,20,Female,College,5.55,3.32,8.97,1.44,74.95,99.86
STU_03063,24,Male,University,3.66,2.85,6.07,2.09,79.74,98.06
STU_03064,25,Female,University,4.63,3.25,6.99,0.65,68.45,86.75
STU_03065,18,Male,College,4.49,5.6,5.48,2.29,57.03,98.3
STU_03066,23,Female,University,5.12,1.18,6.42,0,76.88,68.69
STU_03067,17,Female,High School,10.3,2.79,7.06,1.09,60.35,93.75
STU_03068,25,Male,University,3.34,1.27,7.8,1.85,78.58,99.85
STU_03069,13,Male,High School,4.55,3,6.91,0.11,75.2,68.61
STU_03070,20,Male,College,4.11,3.94,6.63,1.94,70.8,96.18
STU_03071,15,Female,High School,0.9,3.07,6.89,0.38,58.94,89.64
STU_03072,18,Male,College,6.8,5.62,6.23,0.81,65.24,72.86
STU_03073,15,Female,High School,2.57,1.57,8.33,0,87.64,89.68
STU_03074,19,Female,College,8.08,3.48,5.95,1.37,65.14,88.59
STU_03075,25,Male,University,2.69,4.8,6.99,2.37,78.98,98.67
STU_03076,19,Non-binary,College,5.61,1.82,5.12,0.36,43.48,91.95
STU_03077,24,Female,University,8.98,1.66,4.98,0.77,66.14,95.76
STU_03078,21,Male,College,5.78,2.23,8.09,1.08,81.85,98.4
STU_03079,17,Male,High School,3.18,0,8.03,0.79,69.38,89.23
STU_03080,20,Female,College,2.41,4.54,7.29,1.67,58.34,78.68
STU_03081,22,Male,University,0,2.79,8.55,4.56,87.64,98.15
STU_03082,22,Male,University,3.71,0,7.33,2.93,82.09,96.47
STU_03083,20,Male,College,1.09,1.73,7.52,1.06,82.6,96.25
STU_03084,13,Female,High School,4.56,4.86,5.91,1.66,72.62,95.06
STU_03085,24,Female,University,3.57,1.91,7.08,0.99,78.38,98.38
STU_03086,17,Female,High School,4.88,5.32,4.95,0.46,82.99,80.88
STU_03087,15,Male,High School,1.75,2.01,5.95,2.93,73.56,98.88
STU_03088,13,Female,High School,3.31,0,6.04,1.22,82.94,97.63
STU_03089,16,Non-binary,High School,5.93,0,8.57,1.03,66.08,91.65
STU_03090,20,Male,College,5.27,6.18,5.96,4.58,68.4,99.86
STU_03091,15,Male,High School,0.03,1.02,7.82,2.26,81.03,98.96
STU_03092,22,Female,University,6.56,1.44,5.64,0.41,42.42,80.68
STU_03093,14,Female,High School,1.92,2.3,6.79,1.85,77.94,97.75
STU_03094,23,Female,University,0.7,2.95,6.5,1.35,72.41,86.89
STU_03095,21,Female,College,3.97,0.72,5.34,1.91,79.46,90.74
STU_03096,22,Female,University,10.57,4.8,4.48,0,61.47,76.26
STU_03097,17,Male,High School,3.69,3.05,4.71,0.52,74.85,81.36
STU_03098,19,Female,College,4.77,4.71,6.56,1.77,70.21,87.41
STU_03099,23,Female,University,6.24,0,7.73,1.35,84.24,85.94
STU_03100,23,Non-binary,University,2.35,3.38,6.38,1.58,69.93,86.49
STU_03101,14,Male,High School,5.29,3.22,6.98,1.93,69.26,89.66
STU_03102,21,Female,College,2.46,2.45,6.55,1.67,71.4,95.23
STU_03103,25,Female,University,5.9,1.56,7.49,0,76.39,73.81
STU_03104,21,Male,College,5.51,0,6.5,0,79.45,58.67
STU_03105,16,Male,High School,5.29,0.04,8.47,2.78,69.49,99.27
STU_03106,16,Female,High School,4.94,4.84,5.8,3.01,84.01,99.32
STU_03107,18,Male,College,8.73,2.91,7.09,3.27,77.93,98.39
STU_03108,22,Female,University,5.09,2.14,4.88,0.62,75.63,71.63
STU_03109,22,Female,University,5.83,2.03,6.57,0,53.9,83.03
STU_03110,22,Male,University,5.42,4.34,5.57,0.32,57.73,65.62
STU_03111,18,Non-binary,College,2,4.26,7.34,0.13,68.86,79.26
STU_03112,24,Female,University,2.58,1.03,5.53,0.3,78.75,76.69
STU_03113,13,Female,High School,1.79,0,6.05,3.19,78.18,96.83
STU_03114,21,Male,College,2.54,3.17,5.98,0.79,75.47,99.25
STU_03115,14,Female,High School,3.23,4.72,5.6,0,68.88,79.41
STU_03116,17,Male,High School,4,3.74,6.18,0,76.16,97.93
STU_03117,21,Male,College,3.97,5.49,4.27,1.82,79.96,91.8
STU_03118,16,Male,High School,5.94,2.19,6.91,1.33,67.52,70.68
STU_03119,23,Male,University,7.88,3.01,6.83,1.93,67.05,90.58
STU_03120,15,Male,High School,7.36,2.4,3.71,0,65.79,79.88
STU_03121,19,Non-binary,College,5.2,3.87,7.46,1.56,58.43,97.39
STU_03122,18,Female,College,2.42,1.22,5.77,4.09,78.6,97.55
STU_03123,20,Male,College,7.12,2.85,5.53,0.88,45.63,72.42
STU_03124,15,Male,High School,3.12,5.47,6.45,1.03,71.03,72.43
STU_03125,17,Female,High School,5.59,1.19,6.07,0.55,67.91,92.43
STU_03126,22,Male,University,5.2,0,5.49,0.67,74.06,97.05
STU_03127,16,Female,High School,1.85,3.45,6.07,2.41,82.41,98.12
STU_03128,25,Female,University,3.19,6.53,6.22,0,72.8,86.29
STU_03129,16,Female,High School,5.78,1.28,6.08,0,69.7,87.05
STU_03130,16,Male,High School,4.12,4.8,5.72,2.9,74.66,99.89
STU_03131,22,Male,University,11.78,2.53,4.94,1.03,42.25,75.38
STU_03132,20,Male,College,3.39,0.73,7.54,0.62,68.29,73.7
STU_03133,18,Male,College,1.98,3.74,6.79,3.98,81.19,97.58
STU_03134,15,Male,High School,4.68,0,4.93,0.78,67.51,96.32
STU_03135,22,Female,University,3.69,5.24,6.51,0,66.55,99.33
STU_03136,17,Female,High School,0.21,2.7,8.38,1.79,74.31,92
STU_03137,18,Non-binary,College,6.59,0,6.75,1.5,75.61,91.68
STU_03138,17,Female,High School,6.98,5.84,7.58,1.5,68.48,89.78
STU_03139,18,Male,College,6.63,4.04,4.11,0.27,72.1,85.2
STU_03140,20,Female,College,5.3,3.07,5.88,0,61.3,61.74
STU_03141,19,Male,College,4.16,4.1,8.76,1.08,63.22,92.99
STU_03142,17,Male,High School,4.93,0,7.36,3.18,77.23,98.24
STU_03143,22,Female,University,4.19,1.38,5.08,1.12,55.98,80.98
STU_03144,18,Female,College,2.92,7.02,6.96,0.84,70.79,97.69
STU_03145,16,Female,High School,8.35,2.73,5.71,0,71.56,78.06
STU_03146,24,Male,University,7.66,1.35,7.2,0.52,66.87,86.17
STU_03147,21,Male,College,6.15,2.8,6,1.84,73.9,83.87
STU_03148,25,Male,University,3.43,0.52,8.04,1.29,79.19,85.26
STU_03149,16,Male,High School,5.96,5.34,5.87,1.22,76.67,78.3
STU_03150,13,Male,High School,3.9,1.7,7.09,2.43,87.47,92.75
STU_03151,19,Female,College,3.81,0,8.57,0.85,81.1,77.98
STU_03152,19,Female,College,4.46,2.81,6.78,0.88,71.18,90.19
STU_03153,16,Male,High School,5.6,4.3,4.82,0,60.5,83.56
STU_03154,25,Female,University,3.5,3.75,5.42,3.13,74.81,99.9
STU_03155,15,Male,High School,4.15,0,8.37,3,88.31,99.29
STU_03156,20,Non-binary,College,7.79,0.79,3.62,1.02,66.99,75.87
STU_03157,17,Male,High School,0.32,0,6.55,0.61,80.66,96.08
STU_03158,22,Female,University,7.04,3.78,9.53,1.15,76.02,89.49
STU_03159,19,Female,College,4.17,3.35,6.12,1.17,80.22,87.82
STU_03160,16,Female,High School,3.35,3.52,7.03,1.72,79.99,99.23
STU_03161,16,Male,High School,3.74,1.72,5.84,1.03,80.62,91.46
STU_03162,20,Female,College,4.53,0,7.36,2.3,79.1,96.44
STU_03163,20,Male,College,6.82,1.06,7.29,0.45,74.46,70.1
STU_03164,14,Male,High School,4.94,4.5,5.88,1.92,82.18,67.15
STU_03165,14,Male,High School,3.27,3.17,6.8,2.41,56.32,97.91
STU_03166,15,Female,High School,6.23,0,5.2,1.89,82.81,93.04
STU_03167,24,Female,University,4.26,2.01,6.02,2.51,72.99,99.64
STU_03168,24,Male,University,5.82,3.52,6.28,1.03,57.06,79.52
STU_03169,15,Female,High School,5.18,2.32,8.84,0,68.13,99.23
STU_03170,13,Female,High School,1.85,0,5.5,2.71,62.6,97.01
STU_03171,15,Female,High School,5.93,1.62,7.08,0.78,71.13,90.17
STU_03172,18,Male,College,0.39,1.18,8.49,2.13,72.47,98.28
STU_03173,20,Female,College,4.25,2.56,6.23,2.26,68.42,82.21
STU_03174,25,Female,University,1.98,3.01,7.71,2.66,78.56,99.22
STU_03175,24,Male,University,0,1.32,8.65,1.25,77.52,96.41
STU_03176,22,Female,University,5.12,3.66,8.74,0,69.91,66.98
STU_03177,18,Male,College,6.58,5.44,8.14,0,81.54,72.32
STU_03178,17,Male,High School,4.42,8.11,3.46,1.51,85.09,83.22
STU_03179,16,Male,High School,7.71,0.82,5.65,1.01,77.06,71.75
STU_03180,15,Male,High School,4.5,2.63,7.08,0.03,71.65,80.43
STU_03181,25,Female,University,4.94,0,6.92,1.6,81.89,84.16
STU_03182,16,Male,High School,2.39,1.64,7.92,0.71,81.22,99.76
STU_03183,19,Female,College,5.96,4.8,6.46,2.28,59.01,99.33
STU_03184,13,Male,High School,5.84,0,6.97,2.13,53.55,98.27
STU_03185,19,Female,College,3.46,1.75,6.97,1.4,84.03,92.76
STU_03186,13,Female,High School,1.29,2.44,7.53,0.59,81.82,99.47
STU_03187,14,Female,High School,0.77,0,8.09,1.72,82.24,99.32
STU_03188,16,Female,High School,7.02,3.18,6.76,3.77,69.66,99.38
STU_03189,13,Female,High School,1.59,2.96,3.97,0.07,78.46,75.36
STU_03190,23,Male,University,8.31,1.4,4.71,1.81,62.5,86.71
STU_03191,24,Female,University,2.54,3.67,6.87,1.64,80.92,90.39
STU_03192,23,Female,University,3.75,1.01,7.52,1,68.92,96.34
STU_03193,23,Female,University,11.58,3.32,6.03,0,68.12,67.09
STU_03194,21,Female,College,3.32,2.51,4.62,3.19,83.06,91.58
STU_03195,24,Female,University,2.09,2.92,5.9,2.74,78.09,97.87
STU_03196,18,Male,College,3.65,2.06,7.1,2.18,73.93,99.11
STU_03197,25,Female,University,0.71,0.07,8.2,1.67,78.57,95.71
STU_03198,13,Male,High School,3.79,0,7.27,0,77.57,84.67
STU_03199,13,Male,High School,4.68,1.11,6.78,1.42,86.91,99.03
STU_03200,18,Female,College,6.98,1.52,6.75,0,71.34,78.37
STU_03201,16,Male,High School,5.77,2.99,7.16,2.36,69.6,98.32
STU_03202,16,Male,High School,4.86,2.44,4.27,2.13,65.87,98.48
STU_03203,23,Female,University,9.87,1.68,5.19,1.71,65.16,86.02
STU_03204,18,Female,College,6,0,7.16,3.37,74.6,88.91
STU_03205,24,Female,University,8.09,1.25,5.86,0,67.4,87.85
STU_03206,23,Female,University,6.73,0.41,6.52,0,75.19,76.82
STU_03207,19,Non-binary,College,7.99,5.64,5.06,1.94,60.88,70.3
STU_03208,21,Male,College,7.37,2.63,5.55,0,79.73,54.16
STU_03209,22,Female,University,6.59,5.32,6.2,1.01,72.07,88.47
STU_03210,17,Male,High School,6.02,2.64,4.9,0.62,58.7,92.8
STU_03211,21,Male,College,8.21,5.86,5.94,0.95,61.63,88.43
STU_03212,16,Female,High School,3.04,3.07,5.89,1.05,79.87,97.16
STU_03213,25,Female,University,2.66,3.14,4.55,1.65,73.29,96.47
STU_03214,22,Male,University,0.51,6,7.89,0,74.22,91.89
STU_03215,14,Male,High School,5.81,1.22,8.45,2.66,81.13,98.71
STU_03216,15,Female,High School,7.4,1.3,6.51,0.86,76.18,91.9
STU_03217,25,Female,University,1.9,2.72,7.23,1.53,64.58,97.63
STU_03218,23,Female,University,2.69,7.75,5.76,0.03,80.37,94.24
STU_03219,13,Male,High School,8.1,1.82,7.82,1.13,76.34,95.69
STU_03220,18,Female,College,6.24,3.06,8.22,1.69,60.95,97.6
STU_03221,25,Male,University,6.13,4.13,6.43,0.79,42.39,76.33
STU_03222,18,Male,College,5.54,5.38,7.69,0.94,87.07,79.6
STU_03223,13,Female,High School,3.97,4.11,6.6,0,66.44,74.59
STU_03224,23,Female,University,0.61,5.18,6.85,0,81.44,98.25
STU_03225,25,Male,University,5.98,3.87,6.38,0.95,63.12,97.3
STU_03226,15,Male,High School,9.83,2.7,5.31,0,54.28,73.3
STU_03227,17,Female,High School,5.25,0.56,8.82,0.75,79.87,96.04
STU_03228,15,Male,High School,1.64,1.57,8.43,3.78,82.6,99.32
STU_03229,22,Male,University,4,1.85,5.67,1.49,71.22,79.87
STU_03230,15,Male,High School,6.88,3.02,6.56,0,55.42,85.93
STU_03231,22,Male,University,7.17,3.45,6.26,0,68.62,73.77
STU_03232,15,Male,High School,8.14,5.77,6.2,1.88,59.96,75.42
STU_03233,17,Female,High School,7.15,0,6.28,0,72.63,81.85
STU_03234,25,Female,University,0,2.41,6.32,0,65.66,96.56
STU_03235,17,Female,High School,5.07,5.94,4.97,1.32,85.85,87.59
STU_03236,16,Female,High School,0.9,0.02,6.89,4.07,75.24,98.83
STU_03237,13,Female,High School,6.09,1.23,7.1,1.08,62.81,85.05
STU_03238,17,Female,High School,6.33,3.34,6.96,0.94,81.15,84.49
STU_03239,22,Female,University,2.45,4.07,8.73,0,82.83,99.72
STU_03240,17,Male,High School,3.75,0.01,3.74,0,77.79,73.9
STU_03241,16,Female,High School,2.89,5.29,8.56,1.47,75.36,96.11
STU_03242,18,Male,College,6.55,3.54,3.64,2.67,65.28,79.54
STU_03243,22,Female,University,4.3,0,7.57,1.38,89.28,83.78
STU_03244,16,Female,High School,2.89,4.58,7.05,1.12,66.46,88.18
STU_03245,19,Female,College,6.46,4.34,4.91,1.48,78.1,87.32
STU_03246,19,Female,College,6.02,2.5,6.64,2.54,81.05,81.49
STU_03247,14,Male,High School,6.55,1.67,5.62,3.42,68.17,88.82
STU_03248,15,Male,High School,0.65,0.4,8.91,1.62,82.74,92.05
STU_03249,13,Male,High School,3.05,1.76,5.44,2.93,62.39,86.37
STU_03250,20,Male,College,6.2,4.35,6.75,0,73.96,86
STU_03251,21,Male,College,0.34,0,8.49,1.35,78.86,84.86
STU_03252,16,Male,High School,0.41,1,5.35,0.91,71.45,84.48
STU_03253,18,Male,College,2.66,3.02,5.47,3.08,65.87,83.16
STU_03254,21,Non-binary,College,6.43,3.78,5.23,2.72,79.7,85.6
STU_03255,18,Male,College,4.53,3.71,4.5,1.35,77.76,73.19
STU_03256,24,Male,University,5.77,1.09,7.68,0.63,69.76,94.71
STU_03257,24,Male,University,2.04,2.31,7.46,1.58,74.79,92.46
STU_03258,24,Female,University,2.02,1.67,7.8,0.92,84.7,90.94
STU_03259,21,Male,College,7.98,2.98,6.94,2.72,69.64,95.38
STU_03260,16,Female,High School,5.56,3.54,6.58,1.96,59.68,91.36
STU_03261,20,Male,College,1.81,2.19,5.06,0.61,64.32,80.46
STU_03262,21,Female,College,0,2.71,6.79,0,72.17,92.47
STU_03263,16,Female,High School,0.98,2.5,8.3,0.1,77.07,87.99
STU_03264,17,Male,High School,1.86,0,6.83,2.38,69.75,97.66
STU_03265,20,Male,College,1.33,4.83,6.96,3.52,74.94,98.51
STU_03266,24,Male,University,4.42,4.36,7.58,1.05,77.44,70.55
STU_03267,22,Female,University,6.18,0,7.97,0,76.23,79.1
STU_03268,18,Male,College,4.27,6.29,8.49,2.54,80.59,94.37
STU_03269,24,Female,University,3.36,3.24,6.7,0,72.13,98.59
STU_03270,19,Female,College,5.36,3.48,5.93,0.61,72.34,86.42
STU_03271,15,Female,High School,3.65,1.6,6.72,0.88,75.77,80.45
STU_03272,19,Male,College,0.22,2.72,6.55,0.24,83.34,72.56
STU_03273,24,Male,University,5.01,3.48,6.33,1.87,76.85,89.41
STU_03274,20,Female,College,5.48,5.78,5.38,1.03,51.01,98.68
STU_03275,22,Female,University,7.51,0.53,7.55,0,70.24,80.61
STU_03276,18,Non-binary,College,6.8,4.52,5.15,0.98,70.21,93.92
STU_03277,22,Female,University,3.1,1.74,8.95,0.68,81.85,89.3
STU_03278,21,Female,College,3.96,5.06,2.78,0,46.88,72.99
STU_03279,25,Female,University,4.59,0,6.76,1.86,74.79,95.31
STU_03280,18,Female,College,5.03,2.36,7.62,1.09,73.67,98.1
STU_03281,24,Male,University,8.24,0,4.96,0.45,67.39,94.77
STU_03282,21,Female,College,4.33,1.31,5.64,0,69.11,99.02
STU_03283,25,Male,University,3.2,1.64,7.53,1.51,69.73,89.68
STU_03284,16,Male,High School,7.6,3.28,6.86,0.9,46.34,85.98
STU_03285,20,Female,College,7.54,0,5.35,0,68.24,89.34
STU_03286,23,Male,University,6.75,5.48,5.81,3.33,76.78,76.09
STU_03287,16,Male,High School,0.49,5.79,8.55,2.96,86.49,98.18
STU_03288,14,Male,High School,4.7,2.78,6.75,1,70.92,93.11
STU_03289,22,Female,University,3.91,0.12,5.57,2.36,78.79,95.4
STU_03290,23,Female,University,5.59,0,4.87,0.59,74.25,70.92
STU_03291,21,Female,College,2.32,2.68,7.36,0.9,79.57,98.27
STU_03292,17,Male,High School,6.55,1.07,7.5,1.73,72.09,80.76
STU_03293,16,Male,High School,5.39,4.8,7.52,0.61,52.48,98.15
STU_03294,14,Male,High School,6.69,1.89,7.99,1.42,72.5,99.09
STU_03295,13,Male,High School,2.63,3.31,7.06,0,71.81,90.67
STU_03296,23,Female,University,5.16,2.4,6.51,0,82.33,83.49
STU_03297,19,Male,College,6.47,1.53,6.76,0.97,73.38,92.01
STU_03298,18,Male,College,0,1.13,8.09,0,84.12,99.84
STU_03299,14,Male,High School,6.17,0.43,5.83,1.73,58.11,85.74
STU_03300,20,Male,College,3.6,1.82,7.08,1.91,85.95,99.43
STU_03301,23,Male,University,4.44,2.62,5.41,0,80.84,87.21
STU_03302,16,Female,High School,7.63,2.91,2,0.47,59.69,86.64
STU_03303,20,Female,College,7.23,2.56,5.83,1.89,87.27,91.18
STU_03304,19,Female,College,3.05,2.15,7.67,0.1,71.74,80.53
STU_03305,17,Female,High School,0.28,0,5.4,1.59,79.09,99.49
STU_03306,22,Male,University,4.31,4.59,7.28,0.14,73.02,79.69
STU_03307,22,Female,University,7.16,0,7.11,0,67.45,94.26
STU_03308,24,Female,University,7.79,3.41,5.04,1,67.91,91.64
STU_03309,20,Male,College,0,4.72,9.11,0,81.97,72.65
STU_03310,21,Female,College,5.99,4.65,5.49,0.79,64.05,73.61
STU_03311,17,Female,High School,5.65,3.94,4.45,1.69,75.8,88.01
STU_03312,22,Male,University,6.43,2.63,6.84,0,68.59,81.6
STU_03313,17,Female,High School,4.53,0.87,7.95,0.07,69.61,84.69
STU_03314,14,Female,High School,0.08,0,9.43,2.4,85.76,96.46
STU_03315,17,Female,High School,3.35,2.56,6.82,0,78.3,89.91
STU_03316,15,Female,High School,2.2,1.28,8.17,2.64,77.06,98.16
STU_03317,19,Male,College,1.92,1.58,6.42,0,78.78,87.77
STU_03318,22,Male,University,6.46,3.74,6.86,1.3,67.28,91.79
STU_03319,17,Female,High School,4.07,2.18,8.75,1.03,68.75,97.05
STU_03320,20,Female,College,5.48,1.15,9.45,0.68,86.38,92.32
STU_03321,13,Female,High School,7.14,7.88,4.9,1.53,69.96,87.5
STU_03322,15,Male,High School,0.19,1.89,9.04,0.62,77.82,97.49
STU_03323,15,Male,High School,8.51,3.9,4.71,0.46,73.79,85.71
STU_03324,21,Male,College,8.97,3.75,5.05,0.98,55.55,71.63
STU_03325,17,Male,High School,0.06,1.75,6.8,0.52,69.18,91.58
STU_03326,24,Male,University,6.23,1.26,7.53,0.76,55.42,79.22
STU_03327,21,Male,College,9.47,0,6.22,0,75.31,86.38
STU_03328,25,Male,University,1.01,2.94,5.33,1.17,63.21,84.3
STU_03329,21,Male,College,1.57,2.56,7.59,0.03,79.1,83.38
STU_03330,13,Male,High School,6.53,0.32,8.1,1.75,76.11,95.77
STU_03331,14,Non-binary,High School,5.65,4.78,6.35,0.8,79.75,99.08
STU_03332,17,Female,High School,5.05,3.62,7.45,0,66.07,78.26
STU_03333,16,Male,High School,3.87,2.54,5.75,0,64.93,86.82
STU_03334,22,Female,University,4.89,1.84,7.75,1.1,77.68,89.6
STU_03335,21,Female,College,0,2.11,6.44,1.66,82.2,98.71
STU_03336,19,Female,College,1.5,0.37,7.38,0.4,75.41,63.33
STU_03337,18,Male,College,4.22,1.41,5.69,1.47,84.02,87.81
STU_03338,19,Male,College,0,3.8,5.71,2.94,76.76,97.89
STU_03339,13,Female,High School,4.15,2.21,5.42,2.63,83.71,92.71
STU_03340,13,Male,High School,4.46,6.35,5.69,3.25,63.07,91.72
STU_03341,20,Female,College,2.66,1.42,7.14,0,86.33,72.58
STU_03342,25,Female,University,2.8,2.35,5.89,1.1,86.55,89.37
STU_03343,25,Non-binary,University,1.89,3.37,10.06,0.61,75.53,90.2
STU_03344,14,Male,High School,3.29,3.62,6.32,0,64.15,82.94
STU_03345,24,Male,University,5.4,2.05,4.95,1.3,69.87,87.47
STU_03346,22,Male,University,5.57,1.23,3.91,0,65.56,82.85
STU_03347,23,Female,University,7.06,1.97,8.5,3.16,62.09,82.36
STU_03348,21,Male,College,4.11,3.28,7.11,0,60.76,84.82
STU_03349,19,Female,College,5.64,2.03,5.23,0,72.18,71.16
STU_03350,18,Male,College,0.87,6.88,6.29,1.2,80.42,98.94
STU_03351,13,Male,High School,5.02,1.98,5.7,1.21,73.48,83.85
STU_03352,13,Male,High School,3.94,2.95,7.62,2.23,77.32,98.12
STU_03353,14,Female,High School,5.75,2.57,8.84,1.45,77.1,79.79
STU_03354,18,Female,College,3.79,2.12,5.66,2.11,66.12,72.53
STU_03355,18,Male,College,3.56,4.08,7.44,2.57,54.76,99.76
STU_03356,14,Female,High School,2.44,0.68,7.1,0.29,51.88,99.4
STU_03357,13,Female,High School,7.02,6.76,5.17,3.05,55.58,92.97
STU_03358,22,Female,University,2.97,1.28,6.55,1.34,76.71,83.93
STU_03359,17,Female,High School,9.16,3.36,4.47,1.71,65.08,77.15
STU_03360,17,Male,High School,1.22,2.88,7.4,1.46,84.57,99.11
STU_03361,14,Male,High School,7.43,2.46,6.58,0.04,52.22,71.31
STU_03362,18,Female,College,0,4.88,7.75,1.52,82.55,98.36
STU_03363,21,Male,College,4.08,6,6.53,1.77,65.89,94.51
STU_03364,14,Male,High School,3.03,1.1,5.74,1.2,82.46,96.5
STU_03365,22,Male,University,5.6,1.13,7.34,1.72,70.37,97.73
STU_03366,14,Female,High School,6.54,3.48,5.16,2.45,82.45,88.82
STU_03367,15,Male,High School,9.34,2.41,5.78,0.36,80.02,98.77
STU_03368,25,Female,University,3.17,1.6,5.7,0.81,81.94,85.21
STU_03369,19,Male,College,2.66,1.99,8.07,2.44,77.93,99.38
STU_03370,18,Non-binary,College,6.71,1.6,5.49,2.07,67.43,92.51
STU_03371,24,Male,University,4.16,0.48,9.35,1.95,77.77,99.66
STU_03372,20,Female,College,2.91,2.99,6.15,1.65,78.24,88.03
STU_03373,20,Female,College,3.39,2.59,7.4,1.39,82.41,95.62
STU_03374,18,Female,College,2.72,1.68,7.65,0.71,83.15,73.19
STU_03375,24,Male,University,0.33,0,5.89,2.4,83.62,97
STU_03376,23,Female,University,8.41,1.9,3.7,1.6,82.76,99.27
STU_03377,22,Male,University,5.72,6.03,4.83,2.24,82.46,77.63
STU_03378,15,Male,High School,0.47,1.9,7.47,3.41,76.49,99.19
STU_03379,15,Female,High School,8.25,1.96,4.92,0,52.47,48.4
STU_03380,13,Female,High School,4.94,1.63,5.61,2.51,69.89,98.54
STU_03381,19,Female,College,3.97,3.61,8.51,2.09,84.39,97.8
STU_03382,17,Female,High School,5.82,4.43,5.53,1.89,58.51,73.75
STU_03383,16,Male,High School,3.41,1.32,7.94,2.38,82.3,95.49
STU_03384,22,Female,University,1.21,0,6.93,0.21,67.34,96.84
STU_03385,16,Male,High School,3.15,1.89,6.57,2.69,71.74,90.07
STU_03386,16,Female,High School,4.32,1.56,6.14,0.06,59.51,86.2
STU_03387,18,Female,College,2.25,2.12,6.73,0,53.2,94.95
STU_03388,20,Female,College,5.77,4.65,4.48,1.48,57.96,80.15
STU_03389,20,Male,College,7.7,0.66,5.21,2.77,71.89,89.25
STU_03390,17,Female,High School,3.59,3.26,5.74,2.24,61.35,97.94
STU_03391,18,Male,College,0,3.27,7.95,2.59,71.65,98.71
STU_03392,16,Male,High School,4.08,3.41,8.37,2.09,85.84,85.26
STU_03393,24,Male,University,2.37,3.75,8.31,1.11,76.08,94.83
STU_03394,23,Female,University,3.96,0,6.53,0.59,71.31,58.5
STU_03395,25,Male,University,3.93,3.59,5.32,0,64.47,64.08
STU_03396,21,Male,College,2.35,2.48,6.76,2.09,67.86,97.49
STU_03397,20,Male,College,1.08,1.26,7.67,1.02,71.29,96.97
STU_03398,22,Male,University,4.53,5.48,6.23,2.55,77.94,99.05
STU_03399,24,Female,University,2.58,4.11,7.62,1.65,79.95,98.74
STU_03400,22,Female,University,8.86,1.04,4.73,1.08,73.88,69.67
STU_03401,13,Male,High School,5.12,1.64,6.54,0,70.07,84.83
STU_03402,14,Female,High School,2.67,4.44,6.56,1.12,72.74,85.72
STU_03403,21,Female,College,3.31,2.44,6.5,1.22,83.35,93.33
STU_03404,20,Female,College,4.12,0.16,6.05,0,82.53,83.32
STU_03405,15,Female,High School,4.74,5.66,4.43,0.95,75,74.68
STU_03406,20,Male,College,6.04,2.06,4.68,1,60.49,81.62
STU_03407,24,Female,University,7.36,2.55,8.3,0.8,81.3,94.19
STU_03408,13,Male,High School,4.32,3.33,4.94,0.14,74.23,94.04
STU_03409,22,Male,University,5.64,0.99,5.85,2.2,86.53,90.53
STU_03410,16,Female,High School,5.57,4.83,5.36,0.87,66.34,76.75
STU_03411,15,Female,High School,4.75,0.83,6.11,0,67.22,80.8
STU_03412,18,Male,College,3.98,2.93,9.18,0,70.45,83.68
STU_03413,19,Male,College,4.85,1.55,7.15,3.43,83.63,97.14
STU_03414,16,Female,High School,2.87,4.42,6,0.95,68.56,90.22
STU_03415,19,Female,College,1.66,3.52,6.82,0,65.89,91
STU_03416,21,Female,College,8.11,2.18,6.98,1.15,67.24,84.55
STU_03417,23,Male,University,5.04,0,8.17,0,71.31,53.12
STU_03418,14,Female,High School,5.18,3.18,6.92,2.57,82.5,94.79
STU_03419,23,Male,University,3.96,2.76,8.82,0,65.13,91.52
STU_03420,15,Male,High School,5.75,0,5.68,0,70.72,71.33
STU_03421,17,Male,High School,4.05,2.87,6.26,2.48,84.31,97.53
STU_03422,15,Female,High School,0.71,3.69,7.25,0.17,77.32,87.79
STU_03423,23,Female,University,3.16,2.62,7.19,1.87,81.82,93.44
STU_03424,20,Female,College,5.99,1.6,5.65,0.28,62.65,91.27
STU_03425,24,Female,University,3.02,4.97,7.82,1.02,84.3,93.73
STU_03426,22,Male,University,0,5.79,7.62,1.95,81.83,99.62
STU_03427,20,Male,College,3.77,0.5,6.25,2.16,79.93,97.92
STU_03428,20,Male,College,0.17,4.35,6.58,3.38,72.44,98.72
STU_03429,24,Female,University,3.73,3.27,7.83,0,82.53,92.22
STU_03430,24,Female,University,7.46,1.4,5.55,0,80.68,90.37
STU_03431,21,Non-binary,College,1.32,2.12,5.97,1.56,71,90.34
STU_03432,16,Female,High School,6.12,2.2,4.93,1.38,76.47,89.01
STU_03433,17,Female,High School,8.79,4.39,3.42,0,71.49,57.32
STU_03434,17,Female,High School,7.68,1.7,5.67,0.09,52.02,66.74
STU_03435,20,Female,College,3.93,0,3.84,0.02,68.02,74.13
STU_03436,19,Female,College,2.21,2.12,6.08,0.72,73.46,97.48
STU_03437,21,Female,College,4.94,4.19,9.11,1.36,71.3,99.04
STU_03438,20,Female,College,4.97,4.64,5.34,1.66,46.83,85.99
STU_03439,14,Female,High School,6.8,1.76,7.19,2.45,76.02,98.19
STU_03440,22,Male,University,4.63,3.36,6.72,1.64,64.55,97.95
STU_03441,24,Male,University,5.51,4.67,7.92,0,55.87,92.11
STU_03442,16,Male,High School,2.23,3.68,5.92,1.41,72.92,88.17
STU_03443,18,Male,College,6.35,6.22,5.98,1.09,72.61,81.79
STU_03444,24,Female,University,1.31,5.01,6.48,0,61.74,89.94
STU_03445,14,Male,High School,2.93,1.72,6.98,0.56,76.15,87.19
STU_03446,19,Male,College,6,2.32,5.02,1.79,79.04,95.05
STU_03447,15,Male,High School,7.73,5.56,5.01,0,52.4,71.54
STU_03448,25,Female,University,6.21,0.39,4.88,2.01,72.96,94.93
STU_03449,15,Male,High School,4.42,2.38,5.21,0.33,77.63,78.88
STU_03450,23,Male,University,4.44,5.93,6.39,1.02,65.33,90.56
STU_03451,14,Male,High School,2.23,6.16,8.84,0,80.55,89.86
STU_03452,23,Male,University,3.58,3.03,7.92,1.23,87.27,83.36
STU_03453,20,Female,College,0,0,7.8,1.58,85.6,79.62
STU_03454,18,Male,College,8.65,1.86,5.35,0,66.35,60.72
STU_03455,13,Female,High School,10.04,3.8,3.82,0.26,73.95,72.9
STU_03456,24,Female,University,0,1.07,5.7,1.71,83.15,98.75
STU_03457,13,Non-binary,High School,0.91,6.72,6.66,2.28,74.79,99.62
STU_03458,19,Male,College,7.91,2.08,8.45,0.97,58.11,73.18
STU_03459,20,Male,College,2.54,4.89,7.44,4.07,82.6,98.37
STU_03460,17,Male,High School,7.96,2.28,6.34,1.47,66.39,91.04
STU_03461,24,Male,University,6.38,3.06,8.95,2.24,69.31,94.37
STU_03462,23,Female,University,3.7,2.5,6.83,0,70.87,96.16
STU_03463,17,Male,High School,6.86,1.49,6.97,0.56,73.12,96.43
STU_03464,16,Male,High School,4.41,1.78,9.26,2.04,81.17,88.94
STU_03465,18,Female,College,4.36,3.76,7.64,1.61,60.13,78.89
STU_03466,18,Female,College,5.82,2.12,6.99,2.8,87.58,91.5
STU_03467,15,Male,High School,6.48,1.71,3.48,0.2,52.12,76.75
STU_03468,21,Male,College,7.01,3.6,7.83,0,66.17,82.66
STU_03469,24,Male,University,10.39,5.25,3.84,0.09,65.48,77.04
STU_03470,23,Female,University,5.41,5.59,4.06,0,65.38,79.94
STU_03471,19,Female,College,7.73,0.71,6.61,2.12,80.34,96.88
STU_03472,13,Female,High School,7.66,1.1,6.94,0,66.67,75.07
STU_03473,25,Female,University,6.21,4.83,4.82,1.92,60.18,86.44
STU_03474,19,Female,College,3.18,1.61,5.04,1.51,68.83,92.38
STU_03475,17,Male,High School,7.24,2.07,3.55,2.89,66.88,98.63
STU_03476,17,Male,High School,5.61,0.07,6.02,1.64,82.42,97.48
STU_03477,25,Female,University,1.28,3.79,6.55,4.57,80.54,98.27
STU_03478,14,Female,High School,7.03,2.45,4.51,0,54.27,55.73
STU_03479,16,Male,High School,0.43,4.41,9.4,2.21,80.49,99.77
STU_03480,24,Female,University,6.12,3.95,5.33,4.04,56.63,81.98
STU_03481,18,Female,College,3.12,4.39,5.89,0,76.54,58.03
STU_03482,22,Male,University,4.91,4.42,7.5,2.53,75.76,98.17
STU_03483,23,Female,University,1.01,1.8,6.05,0.83,82.87,92.7
STU_03484,19,Male,College,2.69,2.48,9.26,1.8,81.65,87.85
STU_03485,23,Female,University,3.19,2.87,7.91,2.16,88.11,99.25
STU_03486,17,Male,High School,4.12,2.69,6.2,0,77.31,76.01
STU_03487,21,Female,College,3.01,3.74,8.41,1.88,82.57,98.73
STU_03488,15,Female,High School,5.37,1.67,8.27,0.09,74.1,99.01
STU_03489,13,Male,High School,5.69,3.07,5.82,1.76,70.76,80.59
STU_03490,16,Female,High School,3.38,1.46,5.67,1.76,71.93,68.87
STU_03491,21,Female,College,4.6,2.96,5.99,4.61,68.65,90.26
STU_03492,16,Female,High School,5.83,3.16,6.93,0.24,83.15,85.74
STU_03493,14,Male,High School,0,0.38,6.83,1.6,77.83,98.15
STU_03494,22,Female,University,5.61,3.14,5.97,0,78.67,76.83
STU_03495,17,Male,High School,2.9,4.96,5.95,2.91,77.7,85.1
STU_03496,15,Male,High School,0,4.42,6.26,1.67,70.78,79.25
STU_03497,25,Male,University,3.52,0.38,7.3,2.43,70.29,99.9
STU_03498,24,Male,University,1.98,0.22,6.55,2.63,81.05,82.62
STU_03499,25,Female,University,3.33,3.45,8.46,1.29,79.88,72.03
STU_03500,21,Male,College,5.67,2.77,6.32,0.48,64.62,69.66
STU_03501,16,Male,High School,6.63,2.23,5,0.94,56.2,82.08
STU_03502,18,Female,College,7.72,0,6.42,2.4,74.69,99.62
STU_03503,14,Female,High School,7.88,0.65,7.09,1.35,74.25,84.61
STU_03504,18,Female,College,1.91,4.82,6.59,1.86,74.34,92.31
STU_03505,15,Male,High School,7.52,3.26,5.11,3.93,81.44,99.28
STU_03506,24,Female,University,1.44,6.08,5.45,2.71,79.84,87.68
STU_03507,24,Male,University,7.15,4.06,6.38,0.44,67.07,80.11
STU_03508,21,Non-binary,College,5.93,3.09,6.77,0.13,65.01,68.98
STU_03509,23,Female,University,4.93,0,8.02,0.08,80.45,96.36
STU_03510,14,Female,High School,2.28,3.1,5.61,2.58,83.18,99.5
STU_03511,24,Male,University,7.49,2.34,6.25,0,81.3,80.73
STU_03512,24,Male,University,1.98,0.47,6.14,1.36,77.15,79.1
STU_03513,21,Male,College,4.44,4.83,6.54,2.37,66.67,94.9
STU_03514,17,Male,High School,4.67,2.61,4.83,0.04,77.56,85.34
STU_03515,20,Male,College,0.26,3.25,8.62,3.32,88.46,99.36
STU_03516,14,Female,High School,4.87,1.01,4.2,0,82.23,78.61
STU_03517,18,Male,College,1.76,3.15,5.72,2.07,85.97,80.6
STU_03518,15,Female,High School,8.1,2.21,6.26,0.62,63.25,57.49
STU_03519,24,Male,University,10.85,6.37,3.89,0.9,38.27,68.79
STU_03520,24,Male,University,2.67,1.51,5.87,1.79,74.62,99.65
STU_03521,22,Female,University,3.52,1.25,7.64,1.11,75.42,91.86
STU_03522,17,Female,High School,4.92,2.96,3.04,1.25,59.18,99.34
STU_03523,24,Male,University,0,2.09,5.04,0.86,74.9,81.82
STU_03524,20,Male,College,8.61,2.93,4.53,0.67,50.75,75.23
STU_03525,22,Female,University,3.7,5.46,5,1.15,60.89,87.14
STU_03526,13,Male,High School,3.5,0.74,7.85,0,70.73,87.56
STU_03527,17,Male,High School,6.22,2.7,6.83,0.78,70.57,82.49
STU_03528,15,Female,High School,4.71,1.37,6.8,0.53,78.51,98.17
STU_03529,16,Male,High School,4.91,1.3,8.11,1.72,76.49,89.84
STU_03530,14,Male,High School,6.61,2.25,2.55,1.73,76.38,77.6
STU_03531,21,Female,College,4.19,2.52,6.69,2.98,67.64,93.13
STU_03532,15,Female,High School,1.69,5.7,8.8,3.41,75.03,99.14
STU_03533,14,Male,High School,7.56,1.56,6.6,0,67.59,85
STU_03534,22,Female,University,3.04,2.05,5.6,3.1,71.11,79.89
STU_03535,23,Male,University,3.17,0,7.79,0,75.14,72.63
STU_03536,21,Female,College,5.08,3.32,6.42,1.1,72.98,92.42
STU_03537,19,Female,College,1.23,2.72,7.14,1.58,84.37,98.94
STU_03538,18,Male,College,5.1,3.57,5.3,1.93,72.72,78.06
STU_03539,13,Male,High School,6.87,2.93,7.97,0.51,73.06,74.18
STU_03540,17,Male,High School,8.45,0,7.99,1.14,74.08,84.01
STU_03541,24,Female,University,6.35,5.62,5.78,0.75,69,99.73
STU_03542,23,Female,University,7.18,3.04,5.59,2.79,75.4,86.89
STU_03543,23,Male,University,2.9,3.17,7.79,1.34,71.15,68.08
STU_03544,15,Male,High School,6.56,5.67,4.57,2.53,68.49,97.64
STU_03545,13,Male,High School,4.02,1.62,5.73,0.12,61.18,70.55
STU_03546,16,Male,High School,7.4,0.01,7.2,2.41,84.56,73.01
STU_03547,25,Male,University,4.76,0.54,6.66,0.02,75.3,78.73
STU_03548,14,Female,High School,7.19,2.44,7.74,2.05,60.04,91.79
STU_03549,14,Female,High School,4.9,2.29,5.47,1.25,72.96,78.22
STU_03550,15,Non-binary,High School,2.58,5.43,5.3,1.68,73.45,98.62
STU_03551,20,Female,College,4.6,3.2,7.28,4.04,59.41,97.89
STU_03552,20,Female,College,3.67,0,5.17,0.61,80.31,88.47
STU_03553,24,Female,University,7.74,1.27,7.07,2.11,78.55,98.32
STU_03554,19,Female,College,1.11,1.43,7.24,1.82,86.09,98.17
STU_03555,18,Male,College,0.31,2.02,6.15,3.82,70.77,99.09
STU_03556,21,Male,College,5.23,1.24,5.21,3.23,74.94,89.68
STU_03557,16,Male,High School,3.69,0.31,6.22,2.91,79.21,98.57
STU_03558,24,Female,University,1.64,2.77,5.21,1.91,81.94,84.46
STU_03559,13,Female,High School,4.41,1.67,9.16,0,83.49,94.4
STU_03560,20,Male,College,5.17,0.23,6.64,1.03,88.35,74.72
STU_03561,19,Female,College,7.57,5.39,6.12,0,77.18,94.45
STU_03562,19,Female,College,0,2.38,5.65,0.05,65.4,69.39
STU_03563,15,Male,High School,4.96,6.08,5.05,0.49,80.66,87.88
STU_03564,16,Male,High School,8.6,4.53,6.72,1.7,78.95,95.49
STU_03565,22,Male,University,8.48,1.67,4.68,0,80.66,89.14
STU_03566,21,Male,College,4.73,5.82,5.51,0,66.2,83.84
STU_03567,18,Female,College,3.02,4.49,6.95,0,58.16,75.64
STU_03568,17,Female,High School,3.83,1.46,6.25,3.1,80.88,97.28
STU_03569,15,Female,High School,2.04,1.93,6.2,1.32,81.5,90.26
STU_03570,21,Female,College,3.4,3.04,5.12,2.44,75.54,81.74
STU_03571,17,Female,High School,4.7,2.11,7.58,1.79,84.49,85.58
STU_03572,17,Female,High School,5.68,4.36,7.81,0.18,74.36,98.52
STU_03573,16,Female,High School,6.63,3.21,8.61,1.32,69.76,85.53
STU_03574,16,Female,High School,4.22,4.39,6.09,2.34,71.58,98.19
STU_03575,24,Female,University,4.04,3.64,6.96,0.28,73.56,92.97
STU_03576,13,Male,High School,6.69,1.28,7.64,1.83,62.84,90.96
STU_03577,19,Female,College,3.64,0,7.09,0.89,66.53,83.3
STU_03578,21,Male,College,6.25,1.19,7.66,1.94,74.48,88.68
STU_03579,15,Female,High School,0.37,6.3,7.4,1.32,86.59,91.93
STU_03580,24,Male,University,5.67,4.26,7.04,2.9,56.84,93.5
STU_03581,25,Male,University,9.78,2.71,4.72,2.97,68.27,88.77
STU_03582,14,Non-binary,High School,2.18,5,4.48,2.59,81.02,89.85
STU_03583,15,Male,High School,8.08,2.56,6.88,3.41,55.26,99.47
STU_03584,13,Male,High School,6.23,2.7,6.23,2.08,69.12,95.78
STU_03585,18,Male,College,6.69,3.19,6.14,0,74.33,81.2
STU_03586,23,Female,University,6.17,1.76,4.22,0.14,68.06,70.94
STU_03587,23,Female,University,2.91,0.9,8.59,3.85,83.1,97.98
STU_03588,19,Female,College,1.24,3.29,6.49,0.25,75.83,98.24
STU_03589,23,Female,University,5.69,2.54,3.71,1.04,51.66,89.74
STU_03590,23,Male,University,4.19,2.07,9.05,0,74.45,76.3
STU_03591,14,Male,High School,1.02,3.46,6.83,1.05,86.33,97.21
STU_03592,20,Male,College,3.37,1.82,7.45,2.77,81.46,84.36
STU_03593,18,Female,College,1.87,3.92,10.33,2.25,71.23,98.75
STU_03594,16,Female,High School,9.29,0.33,5.43,0.92,73.98,99.63
STU_03595,17,Male,High School,6.6,0.2,6.54,0,63.75,83.16
STU_03596,20,Male,College,2.06,0.12,6.38,2.5,71.31,98.48
STU_03597,15,Male,High School,5.75,2.52,7.84,2.35,84.23,84.72
STU_03598,15,Female,High School,1.6,0.08,5.66,1.62,76.7,93.94
STU_03599,23,Male,University,0,5.63,8.56,1.87,72.59,77.8
STU_03600,16,Male,High School,2.75,5.57,7.64,0.88,60.33,80.94
STU_03601,13,Male,High School,4.12,3.21,5.51,1.02,69.25,94.07
STU_03602,21,Female,College,5.46,4.17,6,0,49.47,76.19
STU_03603,20,Female,College,6.67,0.97,8.52,2.55,76.16,98.63
STU_03604,20,Male,College,3.61,4.59,4.04,2.16,81.44,99.08
STU_03605,22,Female,University,6.18,1.95,6.43,1.12,60.67,81.12
STU_03606,18,Female,College,0.51,2.41,6.67,0.89,80.83,95.38
STU_03607,19,Non-binary,College,8.17,2.15,5.43,2.53,83.78,96.71
STU_03608,18,Male,College,0.59,1.22,4.34,2.41,83.53,99.74
STU_03609,21,Female,College,3.27,3.55,6.56,2.3,70.9,98.42
STU_03610,15,Female,High School,2.74,1.53,4.62,2.42,76.26,92.3
STU_03611,15,Male,High School,0.91,2.03,7.47,2.06,81.5,99.14
STU_03612,15,Female,High School,5.33,0,7.11,0.74,77.26,81.3
STU_03613,22,Male,University,8.77,3.17,7.7,0,52.84,88.77
STU_03614,15,Male,High School,0,2.31,8.95,0.24,78.78,97.38
STU_03615,21,Male,College,0,0.81,7.36,0,67.61,76.51
STU_03616,24,Male,University,2.31,2.07,8.1,1.79,82.57,98.82
STU_03617,16,Male,High School,3.91,1.66,8.1,2.34,80.47,96.28
STU_03618,25,Male,University,6.42,0,6.69,1.28,80.76,70.26
STU_03619,19,Female,College,3.3,5.42,5.97,0,59.47,98.3
STU_03620,21,Female,College,0,5.05,8.85,0.94,88.23,92.56
STU_03621,23,Male,University,7.71,3.78,6.18,1.46,84.81,86.79
STU_03622,24,Female,University,2.21,4.75,4.38,0.32,50.59,78.68
STU_03623,19,Female,College,6.08,1.6,6.86,1.13,78.17,97.81
STU_03624,21,Male,College,1.65,2.48,6.1,1.68,67.94,98.47
STU_03625,24,Male,University,4.04,1.54,9.58,1.77,83.55,98.81
STU_03626,15,Female,High School,5.39,2.95,5.33,0,61.91,91.64
STU_03627,16,Female,High School,2.36,4.22,6.23,3.02,76.9,98.73
STU_03628,20,Male,College,5.56,2.36,7.62,1.54,77.01,96.73
STU_03629,18,Male,College,3.6,0.18,10.49,0.86,74.47,95.51
STU_03630,17,Female,High School,3.36,3.25,6.49,1.18,74.42,82.18
STU_03631,25,Non-binary,University,8.27,1.41,4.95,3.03,45.82,89.17
STU_03632,16,Male,High School,5.39,4.18,5.13,0.38,40.04,64.67
STU_03633,20,Non-binary,College,5.72,5.87,4.03,0.25,76.66,74.27
STU_03634,13,Male,High School,6.34,4.42,6.32,1.08,77.11,77.6
STU_03635,21,Male,College,5.94,2.11,6.83,0,61.71,94.18
STU_03636,13,Male,High School,5.39,2.71,4.75,3.38,74.03,98.9
STU_03637,20,Female,College,7.6,2.33,5.76,0,41.43,84.28
STU_03638,16,Male,High School,2.16,0.88,6.67,2.14,56,94.08
STU_03639,21,Male,College,4.87,1.55,5.77,1.31,86.03,89.26
STU_03640,23,Female,University,3.73,2.23,7.47,1.14,83.94,78.94
STU_03641,17,Non-binary,High School,4.85,2.1,5.88,1.69,66.64,96.7
STU_03642,15,Male,High School,2.75,0.3,8.83,0.5,79.95,94.02
STU_03643,21,Male,College,0.44,2.58,5.14,2.24,84.9,98.48
STU_03644,23,Female,University,6.5,2.39,6.11,0,64.43,78.39
STU_03645,21,Female,College,10.53,0,3.56,0,58.04,59.22
STU_03646,16,Male,High School,7.19,2.28,6.88,0,54.64,82.08
STU_03647,23,Female,University,6.67,0,6.2,0.6,61.23,97.29
STU_03648,16,Male,High School,5.14,0.67,6.39,1.2,58.06,89.78
STU_03649,24,Female,University,4.11,0.37,6.17,1.88,61.55,99.24
STU_03650,20,Male,College,4.26,2.08,7.96,0.65,81.44,83.49
STU_03651,14,Female,High School,4.23,1.27,8.02,1.42,57.51,99.49
STU_03652,21,Male,College,2.88,1.89,7.34,1.16,81.87,97.16
STU_03653,25,Female,University,0.36,5.92,6.34,2,74.5,99.72
STU_03654,18,Female,College,5,0.76,6.91,0.25,69.03,75.62
STU_03655,21,Male,College,3.8,4.48,6.82,1.78,81.63,85.82
STU_03656,20,Female,College,7.35,3.58,5.76,0.17,69.21,58.8
STU_03657,19,Male,College,6.35,3.19,9.13,1.5,64.14,97.28
STU_03658,25,Female,University,0,4.72,6.18,1.1,80.7,88.7
STU_03659,13,Non-binary,High School,8.78,1.68,6,1.87,74.91,98.64
STU_03660,24,Female,University,3.21,2.23,6.26,1.59,79.18,99.3
STU_03661,15,Female,High School,3.6,0.98,9.02,2.63,79.97,93.04
STU_03662,23,Female,University,0.31,0,6.65,2.07,72.25,99.83
STU_03663,14,Male,High School,5.17,2.69,7.58,0.98,76.11,91.69
STU_03664,17,Male,High School,5.53,5.6,5.07,2.36,70.75,77.26
STU_03665,17,Female,High School,8.78,0.01,6.32,0,59.52,78.76
STU_03666,17,Female,High School,6.63,0.19,8.97,0.95,74.43,98.81
STU_03667,16,Female,High School,3.24,3.04,4.94,1.16,64.65,81.67
STU_03668,17,Female,High School,0.07,2.09,6.17,1.85,84.07,98.48
STU_03669,15,Male,High School,3.06,5.2,9.43,0.18,74.07,86.58
STU_03670,24,Male,University,7.11,1.58,7.61,1.93,78.06,85.26
STU_03671,13,Male,High School,3.51,5.26,4.16,3,82.46,99.36
STU_03672,17,Female,High School,1.77,3.3,6.24,1.3,64.1,89.31
STU_03673,25,Male,University,4.92,4.53,5.87,0.65,62.96,57.48
STU_03674,21,Male,College,3.66,1.05,7.71,1.73,80.88,98.91
STU_03675,25,Female,University,3.36,2.1,7.58,0.17,83.99,88.65
STU_03676,21,Female,College,2.63,2.79,7.16,0.7,79.99,88.68
STU_03677,16,Female,High School,4.77,3.13,4.92,0.63,60.67,83.18
STU_03678,15,Non-binary,High School,7.06,1.19,8.02,0.34,57.57,72.28
STU_03679,13,Female,High School,5.79,1.59,7.41,0.74,76.49,93.51
STU_03680,14,Male,High School,0,5.27,6.43,2.37,87.1,97.77
STU_03681,20,Female,College,8.38,4.12,8.92,0.46,52.85,88.79
STU_03682,13,Male,High School,6.38,0.29,6.18,0.99,73.96,99.49
STU_03683,20,Female,College,5.26,2.98,7.42,0.09,78.25,90.08
STU_03684,25,Female,University,5.56,4.68,9.05,2.24,78.73,84.5
STU_03685,19,Female,College,5.96,1.18,6.5,0,68.13,87.09
STU_03686,20,Male,College,5.47,3.45,5.64,1.82,73.08,91.79
STU_03687,24,Male,University,2.1,3.53,7.75,1.73,82.25,98.57
STU_03688,18,Female,College,5.77,0,6.78,0,67.56,86.07
STU_03689,24,Male,University,4.91,1.1,8.25,0,72.26,96.53
STU_03690,21,Non-binary,College,5.54,1.55,7.49,1.56,80.78,68.13
STU_03691,15,Female,High School,2.91,2.5,8.03,0.98,76.02,94.86
STU_03692,22,Female,University,7.23,1.51,5.24,0.88,61.82,85.7
STU_03693,16,Female,High School,3.1,3.21,7.87,0.79,76.75,85.03
STU_03694,25,Female,University,4.38,1.92,5.23,0.15,78.27,72.62
STU_03695,18,Male,College,3.23,0,7.8,4.15,76.03,99.37
STU_03696,20,Male,College,2.01,0,7.99,2,76.97,99.83
STU_03697,17,Female,High School,6.29,1.53,3.67,2.17,59.85,89.57
STU_03698,15,Female,High School,3.25,2.78,8.14,0,86.53,83.98
STU_03699,18,Female,College,4.87,2.49,6.4,0.99,82.88,99.14
STU_03700,16,Non-binary,High School,1.03,0.55,6.6,1.91,75.6,84.44
STU_03701,21,Male,College,0,4,7,0.37,73.76,96.58
STU_03702,25,Male,University,8.83,1.78,4.32,0.86,58.57,77.35
STU_03703,15,Male,High School,8.37,3.98,7.73,1.91,64.96,96.74
STU_03704,16,Female,High School,2.99,4.1,7.58,1.34,76.59,78.25
STU_03705,19,Male,College,5.64,3.98,8.77,1.3,77.46,98.22
STU_03706,19,Male,College,3.39,3.65,6.42,2.43,78.45,97.2
STU_03707,24,Female,University,6.17,0.36,6.13,0.56,75.15,77.14
STU_03708,24,Male,University,1.8,2.14,8.19,2.52,82.94,91.32
STU_03709,16,Female,High School,1.56,5.18,8.05,0.98,84.28,98.19
STU_03710,18,Female,College,4.55,2.05,8.16,0,76.66,93.2
STU_03711,24,Male,University,5.46,0,8.02,1.79,73.49,76.78
STU_03712,25,Male,University,2.75,3.79,8.89,2.36,82.63,98.42
STU_03713,15,Female,High School,1.24,3.47,7.94,0,68.69,99.59
STU_03714,18,Male,College,7.65,2.3,6.81,0,82.41,88.46
STU_03715,24,Male,University,3.34,1.98,8.74,0,69.63,95.94
STU_03716,14,Male,High School,3.36,2.92,5.35,0,83.21,98.62
STU_03717,20,Male,College,7.58,3.85,6.96,1.5,67.37,80.33
STU_03718,14,Female,High School,10.1,2.64,4.75,1.18,52.7,82.24
STU_03719,23,Male,University,5.32,3.55,6.73,0.54,76.09,98.09
STU_03720,19,Female,College,6.7,5.5,6.5,0,73.02,71.61
STU_03721,21,Male,College,1.65,2.01,5.71,0.88,77.02,82.74
STU_03722,13,Female,High School,6.33,7.34,5.78,1.94,82.57,82.82
STU_03723,20,Female,College,6.64,5.77,6.17,2.41,65.69,99.19
STU_03724,19,Female,College,2.11,1.65,7.3,0,69.91,95.8
STU_03725,18,Female,College,3.16,6.17,7.38,0,85.16,90.63
STU_03726,18,Male,College,7.56,1.54,6.76,2.09,68.9,78.25
STU_03727,18,Female,College,3.81,6.89,6.55,3.16,75.56,88
STU_03728,21,Male,College,8.06,2.04,6.11,1.52,64.7,84.25
STU_03729,14,Male,High School,4.55,3.43,6.1,0,66.79,84.6
STU_03730,13,Female,High School,4.43,3.39,6.87,0.02,43.26,81.62
STU_03731,25,Male,University,6.94,1.81,4.87,0.95,75,75.04
STU_03732,24,Female,University,9.63,3.31,5.31,0.22,70.23,73.01
STU_03733,18,Male,College,6.15,4.59,6.13,0.92,74.97,71.91
STU_03734,22,Female,University,4.94,2.65,4.64,1.02,61.62,96.97
STU_03735,23,Female,University,7.67,2.97,6.92,1.69,66.81,79.36
STU_03736,20,Female,College,7.84,3.96,5.64,0,48.24,84.17
STU_03737,15,Female,High School,5.84,0.5,6.44,1.42,46.34,89.05
STU_03738,24,Female,University,5.45,2.65,6.63,0,62.34,76.39
STU_03739,22,Female,University,6.25,4.76,4.72,0.56,80.53,84.62
STU_03740,13,Male,High School,0.92,2,7.28,1.21,84.47,97.64
STU_03741,21,Female,College,1.88,3.58,6.26,1.39,71.47,94.2
STU_03742,25,Male,University,5.1,0,7.76,0,74.43,87.46
STU_03743,25,Male,University,2.57,2.69,7.71,0,77.36,73.32
STU_03744,13,Male,High School,4.59,2.25,5.58,0.65,78.65,86.09
STU_03745,15,Male,High School,5.01,2.59,6.38,2.49,76.66,98.58
STU_03746,20,Female,College,2.05,2.2,5.54,0.75,81.34,99.71
STU_03747,15,Female,High School,5.99,4.73,5.19,0,62.79,87.53
STU_03748,25,Female,University,0,0.87,7.62,2.21,87.07,98.18
STU_03749,16,Female,High School,3.7,1.87,7.74,1.43,81.72,99.04
STU_03750,20,Male,College,0.67,1.09,6.98,0.7,83.62,90.3
STU_03751,13,Male,High School,3.69,0.12,6.49,1.34,64.51,96.42
STU_03752,25,Male,University,6.89,2.38,7.12,2.54,76.82,99.03
STU_03753,25,Female,University,2.65,0.81,7.55,1.11,67.24,98.32
STU_03754,18,Male,College,0,2.94,5.48,0.85,73.68,88.66
STU_03755,13,Female,High School,3.91,2.99,6.38,0.43,87.19,81.03
STU_03756,13,Female,High School,2.42,2.78,6.5,0.77,81.95,95.54
STU_03757,20,Female,College,4.5,3.54,5.92,0.24,60.46,72.59
STU_03758,23,Female,University,3.91,0,6.29,1.19,71.55,87.44
STU_03759,16,Female,High School,4.94,5.19,6.91,2.99,75.12,96.09
STU_03760,24,Male,University,7.43,2.39,4.64,0.35,67.54,71.3
STU_03761,13,Male,High School,3.56,3.74,7.95,0,78.11,88.85
STU_03762,22,Female,University,4.72,0.7,6.68,0,69.52,90.94
STU_03763,19,Female,College,3.69,0.21,6.92,0,69.58,88.69
STU_03764,17,Female,High School,7.03,3.42,8.19,0.16,66.29,98.16
STU_03765,17,Male,High School,4.89,3.8,7.45,0.19,77.13,81.5
STU_03766,13,Female,High School,5.8,0.29,5.98,1.16,68.33,81.59
STU_03767,22,Male,University,6.4,3.58,6.46,3.08,83.21,92.44
STU_03768,23,Male,University,0,3.76,6.47,2.06,84.85,92.26
STU_03769,18,Male,College,6.47,3.63,6.27,1.86,71.85,90.74
STU_03770,21,Male,College,5.45,2.78,5.2,2.99,62.37,96.29
STU_03771,21,Male,College,2.81,3.06,6.5,0,76.83,98.19
STU_03772,20,Male,College,7.72,5.58,6.2,2.17,69.4,99.56
STU_03773,17,Female,High School,6.97,1.45,6.04,2.31,75.49,99.28
STU_03774,13,Female,High School,4.03,4.08,5.77,0.23,69.89,89.85
STU_03775,21,Female,College,0,3.26,9.3,2.21,82.7,98.57
STU_03776,13,Male,High School,4.36,0.03,6.64,0,78.58,79.89
STU_03777,20,Non-binary,College,2,0,6.19,0.48,85.81,73.53
STU_03778,17,Male,High School,0,2.8,7,3.5,81.76,99.16
STU_03779,15,Male,High School,5.95,0,6.62,0.63,67.27,81.99
STU_03780,23,Female,University,8.32,0,6.98,0.12,71.81,93.62
STU_03781,19,Male,College,4.27,8.44,6.24,0,61.77,88.18
STU_03782,19,Female,College,5.15,0.76,6.59,1.14,78.96,96.59
STU_03783,21,Female,College,7.86,4.15,6.19,0,66.56,85.12
STU_03784,19,Non-binary,College,4.94,2.92,9.11,0.08,72.91,87.92
STU_03785,25,Female,University,2.98,6.69,5.43,2.9,68.33,99.6
STU_03786,23,Female,University,0,5.91,5.9,0.23,62.41,97.58
STU_03787,15,Male,High School,6.54,3.51,7.74,0,83.09,79.95
STU_03788,23,Female,University,5.54,0,5.8,0.52,68,97.68
STU_03789,25,Male,University,6.82,5.26,5.36,2.08,73.74,87.18
STU_03790,25,Female,University,0,0.26,8.08,0.16,84.31,82.7
STU_03791,13,Female,High School,9.69,4.43,4.96,0.02,40.16,65.54
STU_03792,20,Male,College,2.52,0.72,8.27,3.6,83.74,97.5
STU_03793,24,Female,University,7.23,1.6,5.58,1.94,74.53,95.06
STU_03794,15,Male,High School,0,6.69,6.17,0.77,62.89,89.23
STU_03795,24,Male,University,2.56,2.94,8.69,1.48,80.78,98.23
STU_03796,20,Female,College,3.14,1.09,6.66,1.44,86.02,82.9
STU_03797,20,Male,College,1.95,2.11,5.54,0,73.17,88.94
STU_03798,25,Male,University,2.44,2.93,9.76,0.55,82.4,98.51
STU_03799,17,Male,High School,8.55,0.96,6.17,1.43,71.51,82.1
STU_03800,25,Female,University,3.65,3.67,6.19,0,82.47,70.87
STU_03801,24,Male,University,9.82,1.03,5.12,0.51,57.73,67.21
STU_03802,25,Male,University,7.14,0,6.78,0,48.25,83.23
STU_03803,13,Female,High School,0,2.11,7.59,3.02,86.04,99.26
STU_03804,25,Male,University,3.64,1.41,9.14,4.05,84.61,97.53
STU_03805,22,Male,University,3.53,2.76,6.44,1.52,69.54,94.18
STU_03806,19,Female,College,2.13,2.14,8.11,0.64,78.14,77.84
STU_03807,24,Female,University,7.55,4.06,9.5,0,75.47,97.73
STU_03808,22,Female,University,6.65,3.79,6.69,1.63,52.87,98.54
STU_03809,17,Male,High School,9.89,0,6.32,1.64,66.44,97.62
STU_03810,20,Female,College,3.35,2.41,7.14,1.62,77.87,98.82
STU_03811,21,Female,College,5.6,1.7,6.89,2.47,72.6,96.64
STU_03812,23,Male,University,3.62,1.95,6.41,1.7,70.06,67.72
STU_03813,19,Male,College,3.5,0,5.42,0.58,56.48,90.43
STU_03814,25,Non-binary,University,6.53,0,7.46,0,65.54,75.08
STU_03815,19,Female,College,10,5.19,5.15,1.03,68.29,89.99
STU_03816,13,Female,High School,6.96,2.07,5.94,0,63,71.5
STU_03817,16,Female,High School,6.69,3.03,6.99,1.59,60.16,77.93
STU_03818,14,Female,High School,4.35,1.26,6.36,3.04,85.05,95.01
STU_03819,14,Female,High School,6.62,0,8.11,3.04,76.61,98.16
STU_03820,14,Male,High School,7.44,1.52,4.75,0,49.78,77.79
STU_03821,16,Male,High School,2.35,0.68,7.18,2.65,82.72,99.9
STU_03822,13,Female,High School,4.6,3.6,5.26,1.77,72.8,84.39
STU_03823,16,Female,High School,3.69,3.1,5.46,1.39,44.68,97.62
STU_03824,14,Female,High School,2.92,3.69,6.15,0.9,75.93,93.67
STU_03825,17,Non-binary,High School,6.96,3.2,6.79,0,62.26,93.55
STU_03826,15,Female,High School,3.91,0,7.53,0.94,58.11,77.72
STU_03827,24,Male,University,5.69,1.84,7.71,1.89,73.25,90.72
STU_03828,20,Female,College,5.71,1.02,4.96,1.52,61.69,97.82
STU_03829,16,Male,High School,3.83,2.8,6.04,0.66,72.48,97.45
STU_03830,13,Male,High School,0.86,1.32,7.1,2.01,79.09,98.48
STU_03831,13,Male,High School,3.62,3.06,8.82,3.18,86.89,99.08
STU_03832,24,Female,University,5.82,3.14,4.24,2.29,60.82,85.5
STU_03833,22,Non-binary,University,5.26,2.04,6.79,0.9,83.14,71.96
STU_03834,15,Male,High School,0,3,7.07,1.04,80.63,80.45
STU_03835,21,Male,College,6.53,3.18,3.74,0.75,81.19,60.51
STU_03836,19,Female,College,3.12,2.72,7.87,0.17,84.04,99.07
STU_03837,14,Female,High School,5.93,3.14,5.28,2.03,58.29,97.52
STU_03838,25,Female,University,6.54,3.69,7.65,1.73,79.22,87.84
STU_03839,21,Female,College,5.68,1.84,5.47,0.1,74.51,80.08
STU_03840,22,Female,University,9.21,1.16,5.43,1.85,56.03,74.28
STU_03841,14,Male,High School,7,3.13,7.61,1.97,84.37,81.73
STU_03842,15,Male,High School,3.37,1.46,6.05,2.21,77.02,97.61
STU_03843,23,Male,University,3.62,2.48,7.39,1.83,77.51,90.33
STU_03844,25,Female,University,4.31,2.26,4.43,0,73.48,80.35
STU_03845,22,Male,University,3.62,5.54,6.68,2.6,76.48,98.79
STU_03846,14,Female,High School,5.42,3.87,6.89,0,68.72,98.68
STU_03847,15,Male,High School,1.67,4.72,8.06,0.27,82.11,98.47
STU_03848,18,Male,College,7.96,3.24,6.2,1.88,58.31,87.35
STU_03849,21,Male,College,4.6,3.02,5.24,1.95,76.29,70.73
STU_03850,21,Male,College,7.88,3.25,5.28,0.67,77.65,71.12
STU_03851,19,Male,College,1.54,1.68,5.09,0.66,78.44,79.87
STU_03852,24,Female,University,1.55,0.45,6.51,2.66,72.6,89.27
STU_03853,15,Male,High School,7.2,3.55,5.97,1.91,53.09,83.37
STU_03854,16,Female,High School,2.88,3.42,7.1,0.96,76.47,86.04
STU_03855,18,Male,College,2.01,5.07,5.21,0,76.71,77.01
STU_03856,23,Female,University,7.41,4.05,7.03,0,58.66,80.42
STU_03857,17,Female,High School,2.47,1.72,6.82,1.24,82.56,87.5
STU_03858,14,Non-binary,High School,4.45,0.49,7.84,3.22,81,98.3
STU_03859,25,Male,University,3.15,3.13,8.79,2.46,81.29,94.58
STU_03860,18,Male,College,6.39,2.54,5.54,0.18,66.8,81.77
STU_03861,15,Female,High School,5.07,1.49,6.71,1.96,72.21,93.03
STU_03862,20,Male,College,6.78,3.48,5.07,1.83,60.03,91.28
STU_03863,14,Female,High School,1.5,0.36,6.59,0.87,67.35,97.79
STU_03864,13,Male,High School,5.1,1.39,6.07,2.79,74.32,96.95
STU_03865,21,Female,College,4.73,7.63,5.68,0,74.37,66.99
STU_03866,24,Male,University,2.63,0.73,6.92,1.69,86.59,91.64
STU_03867,15,Female,High School,1.91,3.3,8.21,0.5,82.78,89
STU_03868,23,Female,University,4.28,4.31,5.19,0,58.48,86.01
STU_03869,13,Male,High School,3.77,4.02,6.44,0,63.86,76.84
STU_03870,19,Male,College,7.45,3.72,6.82,0.97,66.02,82.65
STU_03871,25,Male,University,6.56,3.31,7.65,1.34,75.77,84.58
STU_03872,22,Female,University,2.78,2.47,5.27,2.39,87.17,98.1
STU_03873,17,Male,High School,3.86,5.09,7.21,0.78,68.53,87.01
STU_03874,17,Male,High School,5.87,4.99,5.25,1.06,76.68,86.94
STU_03875,13,Female,High School,6.14,4.31,6.56,2,84.68,93.23
STU_03876,21,Male,College,7.47,5.38,5.77,1.05,79.93,68.3
STU_03877,19,Male,College,4.34,4.21,6.66,0.31,69.35,75.77
STU_03878,20,Male,College,4.9,1.9,7.18,0.28,75.8,99.28
STU_03879,21,Female,College,0.05,1.26,6.34,2.87,81.87,98.29
STU_03880,18,Non-binary,College,1.72,3.17,7.33,2.43,86.25,82.97
STU_03881,24,Male,University,6.78,3.02,7.02,1.65,61.44,77.99
STU_03882,17,Female,High School,1.77,3.33,6.39,2.79,75.72,99.9
STU_03883,18,Male,College,0.31,5.26,5.67,2.14,87.73,92.85
STU_03884,23,Male,University,6.42,1.82,4.09,4.25,62.74,99.81
STU_03885,14,Female,High School,3.51,2.23,6.45,0,72.41,94.1
STU_03886,16,Male,High School,2.51,3.04,8.23,1.4,86.92,96.33
STU_03887,15,Female,High School,0.8,2.23,6.68,0.73,66.49,91.42
STU_03888,25,Female,University,0.82,0,7.59,1.37,69.35,97.89
STU_03889,19,Female,College,3.38,1.67,7.13,0,75.38,64.53
STU_03890,21,Male,College,4.15,0.73,8.52,0,80.88,89.45
STU_03891,17,Male,High School,7.61,4.96,3.36,0.46,58.92,69.19
STU_03892,18,Non-binary,College,4.17,1.01,7.91,2.19,79.39,89.78
STU_03893,22,Male,University,3.7,2.42,6.73,1.02,75.67,91.82
STU_03894,24,Female,University,3.78,2.59,7.79,2.42,65.61,85.21
STU_03895,24,Male,University,0,3.4,8.06,0.87,88.18,99.36
STU_03896,14,Male,High School,3.27,2.97,6.05,0.26,82.71,97.94
STU_03897,15,Male,High School,6.09,3.06,8.04,0.73,77.45,88.32
STU_03898,15,Female,High School,4.72,0.92,8.79,1.41,72.12,84.24
STU_03899,24,Female,University,6.44,2.01,7.75,2.75,74.3,96.02
STU_03900,24,Male,University,7.2,0,8.84,1.82,56.75,74.01
STU_03901,21,Female,College,0.39,3.18,6.89,2.65,76.31,98.2
STU_03902,19,Male,College,2.87,1.11,5.91,0.54,52.92,97.69
STU_03903,20,Male,College,7.01,4.93,6.82,0,67.31,83.47
STU_03904,23,Female,University,4.76,0,7.16,0.01,70.64,71.74
STU_03905,22,Female,University,4.13,5.96,6.97,1.35,80.56,83.1
STU_03906,23,Male,University,7.08,2.92,5.47,0.04,60.76,94.32
STU_03907,21,Male,College,2.52,1.95,9.14,3.77,78.17,96.76
STU_03908,18,Non-binary,College,2.67,3.49,6.97,1.78,84.22,99.9
STU_03909,16,Female,High School,2.51,5.13,5.23,0,59.51,65.02
STU_03910,24,Female,University,1.18,5.9,6.94,1.22,82.67,85.92
STU_03911,13,Male,High School,3.95,2.49,7.35,1.18,68.68,90.26
STU_03912,20,Female,College,4.95,0,5.68,0,75.79,68.23
STU_03913,19,Male,College,1.89,2.35,7.65,2.25,75.23,88.37
STU_03914,14,Non-binary,High School,4.23,1.55,6.88,1.24,66.4,98.48
STU_03915,20,Male,College,3.01,3.68,5.39,2.17,76.49,98.79
STU_03916,24,Male,University,4.31,1.76,5.88,1.14,80.86,89.76
STU_03917,17,Male,High School,8.11,0.46,6.41,0,70.69,75.04
STU_03918,19,Female,College,4.72,1.56,6.69,1.59,65.25,98.96
STU_03919,16,Female,High School,4.76,4.96,4.14,0.42,66.12,67.52
STU_03920,17,Male,High School,9.59,2.73,6.34,0,73.82,82.94
STU_03921,20,Female,College,3.23,4.27,6.84,1.16,83.59,92.72
STU_03922,13,Female,High School,6.03,1.76,7.35,3.64,73.4,98.46
STU_03923,13,Male,High School,3.17,4.62,7.18,2.3,74.09,99.22
STU_03924,16,Female,High School,6.46,0.94,6.09,1.86,86.9,92.47
STU_03925,15,Female,High School,2.24,1.14,7.12,0.09,84.28,82.27
STU_03926,25,Male,University,3.66,4.96,9.37,1.93,80.04,98.42
STU_03927,22,Male,University,3.1,4.88,5.61,2.86,63.05,96.84
STU_03928,24,Male,University,1.89,0,6.8,3.18,75.5,94.59
STU_03929,14,Male,High School,0,4.29,6.14,0,77.5,98.77
STU_03930,24,Male,University,5.52,0.09,5.26,1.61,82.21,64.58
STU_03931,15,Female,High School,2.91,4.42,6.15,1.55,60.69,79.64
STU_03932,23,Female,University,3.82,4.37,6.25,3.71,62.87,98.81
STU_03933,23,Male,University,4.18,5.34,5.39,0.88,66.43,81.7
STU_03934,23,Female,University,0.84,5.57,9.88,1.2,88.85,98.82
STU_03935,13,Female,High School,3.52,2.92,6.57,2.31,79.64,91.78
STU_03936,13,Female,High School,0.03,2.05,6.13,2.18,85.58,99.21
STU_03937,18,Male,College,3.35,2.46,7.81,2.9,75.29,98.16
STU_03938,17,Female,High School,8.25,2.27,4.9,0,48.54,91.09
STU_03939,20,Female,College,3.16,2.03,6.62,1.99,65.75,92.48
STU_03940,14,Female,High School,1.63,2.16,5.05,2.39,62.02,97.5
STU_03941,16,Male,High School,3.27,4.53,7.36,1.74,74.29,96.68
STU_03942,20,Male,College,8.42,0.17,6.99,2.84,80.36,93.65
STU_03943,24,Female,University,3.38,4.44,7.21,0.4,66.46,95.25
STU_03944,18,Male,College,0.63,2.48,8.04,1.04,86.11,94.21
STU_03945,13,Female,High School,0,0,7.16,1.56,80.13,89.48
STU_03946,16,Female,High School,3.49,3.57,7.53,2.5,78.39,82.01
STU_03947,13,Male,High School,6.53,0,9.12,2.12,83.7,91.69
STU_03948,25,Female,University,5.6,2.66,6.86,0.35,62.23,96.93
STU_03949,14,Male,High School,7.24,6.32,5.8,0.68,51.19,64.17
STU_03950,17,Male,High School,6.07,1.69,4.72,1.38,79.05,96.72
STU_03951,20,Female,College,4.53,1.83,6.97,1.82,85.12,99.08
STU_03952,20,Female,College,0,3.92,5.97,2.15,82.23,99.61
STU_03953,23,Male,University,7.96,3.64,5.95,0,59.22,98.58
STU_03954,15,Female,High School,0.86,3.64,5.89,3.66,80.05,98.82
STU_03955,23,Male,University,10.28,1.68,4.6,0,58.42,69.04
STU_03956,25,Male,University,2.58,3.35,6.66,0.37,82.33,90.02
STU_03957,16,Male,High School,2.69,1.48,9.2,0,67.45,99.98
STU_03958,22,Male,University,3.17,3.34,5.92,1.24,79.34,93.9
STU_03959,23,Female,University,4.53,2.27,5.37,1.15,77.98,81.65
STU_03960,18,Female,College,1.07,3.87,9.7,0.85,81.01,99.39
STU_03961,23,Female,University,2.29,4.13,6.11,1.12,76.37,93.64
STU_03962,23,Female,University,6.84,3.28,5.95,0,69.51,81.58
STU_03963,22,Male,University,7.85,1.12,6.08,0,59.2,78.87
STU_03964,15,Male,High School,1.74,0,7.86,2.04,79.12,95.57
STU_03965,14,Female,High School,5.33,0.46,5.43,1.06,61.92,84.33
STU_03966,18,Female,College,3.19,0.75,6.67,2.51,63.9,97.4
STU_03967,23,Female,University,5.76,7.89,6.33,1.17,63.61,82
STU_03968,25,Male,University,2.26,3.69,6.83,0.68,64.09,99.62
STU_03969,17,Male,High School,6.33,2.91,5.26,2.7,77.67,92.53
STU_03970,22,Male,University,4.17,1.5,5.4,0.6,67.88,70.78
STU_03971,17,Male,High School,3.27,4.19,7.21,2.81,80.64,95.57
STU_03972,22,Male,University,4.41,2.15,6.18,3.11,62.91,94.91
STU_03973,25,Female,University,8.11,3.12,7.55,0.38,68.09,97.53
STU_03974,17,Male,High School,4.26,3.58,6.38,2.09,67.21,95.47
STU_03975,22,Female,University,5.21,3.25,6.93,1.93,84.27,84.69
STU_03976,24,Female,University,4.72,2.62,7.29,1.15,60.02,83.33
STU_03977,17,Male,High School,4.74,0.67,7.25,1.86,72.95,93.98
STU_03978,15,Female,High School,7.55,2.61,5.16,0.16,64.87,81.4
STU_03979,19,Male,College,6.58,4.46,7.09,1.86,63.66,89.17
STU_03980,18,Female,College,1.1,3.86,7.88,1.14,74.54,99.38
STU_03981,16,Female,High School,5.87,3.07,5.57,0.54,75.29,81.92
STU_03982,14,Female,High School,8.53,3.97,5.28,0,62.4,75.01
STU_03983,24,Female,University,3.92,0.34,7.15,2.34,83.25,98.48
STU_03984,21,Male,College,6.64,2.21,6.98,0,68.51,99.9
STU_03985,13,Female,High School,0,2.43,6.77,1.31,83.38,97.39
STU_03986,25,Female,University,2.08,0.57,7.42,1.41,75.59,72.5
STU_03987,25,Female,University,10.49,3.43,4.78,2.18,71.65,92.07
STU_03988,23,Female,University,6.41,3.73,6.01,0.39,66.59,98.91
STU_03989,16,Female,High School,5.05,2.8,6.29,0,75.5,86.91
STU_03990,13,Female,High School,9.1,2.86,8.42,0,74,70.99
STU_03991,25,Male,University,1.72,1.43,8.19,2.5,81.6,98.37
STU_03992,18,Male,College,7.67,1.45,6.07,2.45,78.7,95.54
STU_03993,16,Female,High School,2.36,0.05,7.29,2.7,66.64,91.19
STU_03994,17,Female,High School,4.74,2.17,5.98,1.07,58.98,70.92
STU_03995,17,Non-binary,High School,0.44,1.43,6.98,0,75.94,69.42
STU_03996,21,Male,College,3.54,1.05,6.95,0,46.76,90.69
STU_03997,13,Male,High School,7.81,2.6,5.47,1.17,57.37,96.15
STU_03998,25,Female,University,3.22,1.83,7.33,0.87,84.13,97.38
STU_03999,14,Female,High School,5.73,0,7.16,1.27,67.57,95.99
STU_04000,25,Female,University,3.28,1.5,9.71,0.77,87.63,97.03
STU_04001,18,Male,College,5.58,2.26,3.71,0,81.53,84.53
STU_04002,17,Male,High School,6.36,0.53,6.15,2.35,81.02,75.52
STU_04003,23,Male,University,2.8,3.13,5.87,0.04,74.99,78.53
STU_04004,19,Male,College,2.34,2.64,3.8,2.31,55.91,96.23
STU_04005,15,Non-binary,High School,3.49,0.93,7.32,2.4,73.89,99.25
STU_04006,15,Male,High School,3.44,3.9,6.39,0.51,71.83,85.31
STU_04007,22,Male,University,0,5,7.86,2.52,82.4,98.19
STU_04008,14,Male,High School,5.34,2.37,7.42,1.96,75.13,94.35
STU_04009,25,Male,University,5.45,2.12,5.38,0.31,77.43,79.74
STU_04010,15,Female,High School,0.01,1.93,6.81,1.13,68.36,90.4
STU_04011,22,Male,University,6.6,1.55,7.93,4.15,72.45,91.17
STU_04012,13,Male,High School,3.5,0.82,4.62,3.41,69.36,98.01
STU_04013,17,Non-binary,High School,5.32,2.71,5.9,0,78.61,74.71
STU_04014,24,Male,University,3.88,1.13,6.8,0,70.15,99.36
STU_04015,17,Female,High School,5.32,0,5.94,1.43,82.11,90.59
STU_04016,24,Male,University,4.79,6.16,5.78,0.32,58.21,88.61
STU_04017,23,Female,University,6.69,5.56,7.54,2,72.19,81.9
STU_04018,19,Male,College,4.5,2.7,7.79,0.26,79.88,93.09
STU_04019,16,Male,High School,6.38,0.16,4.95,1.56,80.21,94.43
STU_04020,15,Female,High School,7.41,6.1,6.13,2.35,60.5,82.11
STU_04021,13,Male,High School,4.29,3.44,6.71,0,62.68,68.3
STU_04022,24,Female,University,3.84,1.84,7.66,0.84,76.62,99.77
STU_04023,20,Male,College,5.91,5.22,7.57,1.34,73.93,99.37
STU_04024,25,Female,University,0,0.71,7.88,1.69,85.29,93.93
STU_04025,15,Female,High School,2.31,0,9.24,1.38,72.86,99.06
STU_04026,25,Male,University,2.23,1.32,8.73,2.45,83.14,98.13
STU_04027,14,Male,High School,5.88,3.8,8.04,0.29,54.19,86.99
STU_04028,23,Female,University,4.88,6.6,5.89,0.38,66.6,73.83
STU_04029,16,Female,High School,7.67,1.22,6.5,3.03,68.73,86.06
STU_04030,15,Male,High School,7.52,0.4,6.24,0.87,70.78,68.74
STU_04031,25,Female,University,0,2.56,6.41,0,58.33,87.29
STU_04032,13,Male,High School,0.28,2.48,8.49,0,87.22,86.78
STU_04033,15,Male,High School,4.6,5.89,6.99,1.79,67.48,98.16
STU_04034,24,Female,University,0.63,2.96,6.42,0.57,81.35,75.04
STU_04035,14,Female,High School,0,6.3,7.3,2.23,72.99,98.88
STU_04036,20,Female,College,2.66,4.98,5,1.78,69.6,71.19
STU_04037,18,Male,College,0,4.16,3.83,0,53.09,78.83
STU_04038,21,Male,College,1.93,0,7.55,2,84.94,97.1
STU_04039,20,Female,College,6.28,1.79,8.45,1.21,75.25,97.93
STU_04040,22,Male,University,3.28,2.96,5.95,1.2,66.02,78.05
STU_04041,15,Male,High School,8.24,0,5.99,0.18,40.91,84.12
STU_04042,17,Male,High School,3.08,1.3,5.88,0,60.81,88.61
STU_04043,19,Female,College,5.88,1.92,6.37,0.21,77.04,90.28
STU_04044,17,Male,High School,3.18,1.09,6.46,0,73.81,78.86
STU_04045,20,Male,College,3.96,6.3,6.23,0.31,77.01,86.03
STU_04046,24,Female,University,3.52,3.39,5.4,0.14,61.2,95.97
STU_04047,17,Female,High School,5.89,2.13,6.12,2.87,69.99,99.83
STU_04048,13,Male,High School,6.31,0,5.53,0.73,63.16,77.96
STU_04049,17,Female,High School,9.65,1.55,3.33,0,46.73,63.57
STU_04050,16,Male,High School,4.54,5.37,7.15,1.83,62.9,90.16
STU_04051,18,Male,College,5.87,1.4,6.79,3.25,68.31,95.1
STU_04052,15,Female,High School,1.93,1.78,7.08,4.48,81.53,98.03
STU_04053,23,Male,University,6.22,0.16,7.03,0,76.92,77.1
STU_04054,17,Male,High School,4.56,2.8,4.67,1.96,62.32,89.87
STU_04055,14,Female,High School,0,3.08,8.84,0.32,81.35,83.74
STU_04056,23,Female,University,2.33,2.83,6.71,2.48,78.61,91.5
STU_04057,18,Female,College,0,0.38,8.72,0.26,67,86.22
STU_04058,25,Male,University,2.65,3.42,5.07,0.6,66.41,83.96
STU_04059,24,Male,University,5.27,1.76,6.12,2.78,62.29,89.17
STU_04060,18,Male,College,3.75,2.93,8.75,0.49,77.83,85.77
STU_04061,17,Male,High School,6.04,3.92,7.1,1.52,71.49,89.04
STU_04062,18,Male,College,0,3.26,5.52,3.33,78.92,83.96
STU_04063,23,Female,University,6.9,3.68,6.76,1.2,80.56,87.53
STU_04064,19,Male,College,5.11,3.74,5.59,0.85,67.71,91.16
STU_04065,24,Male,University,1.34,4.07,5.5,1.42,56.57,90.7
STU_04066,17,Female,High School,4.44,4.26,5.65,2.03,80.11,97.59
STU_04067,13,Male,High School,9.98,4.66,5.71,0,68.04,79.17
STU_04068,20,Non-binary,College,8.16,3.28,6.09,1.42,62.65,85.47
STU_04069,16,Male,High School,8.69,4.01,4.75,2.2,63.32,90.02
STU_04070,21,Female,College,3.97,2.81,6.42,2.79,88.48,85.69
STU_04071,22,Female,University,7.34,3.74,4.8,1.18,60.47,82.24
STU_04072,24,Female,University,7.78,1.68,6.02,0.51,49.02,86.56
STU_04073,18,Male,College,1.89,0,7.68,0,82.92,83.49
STU_04074,13,Female,High School,7.73,5.11,3.87,0.73,57.29,88.22
STU_04075,15,Male,High School,7.16,2.85,4.65,0.05,53.97,71.43
STU_04076,15,Male,High School,2.82,2.81,6.03,0.92,70.13,78.76
STU_04077,22,Male,University,4.73,4.12,7.01,0,70.11,97.49
STU_04078,24,Male,University,7.9,1.31,4.79,0.69,60.41,97.58
STU_04079,24,Male,University,4.36,2.31,7.53,1.88,79.59,99.68
STU_04080,16,Male,High School,6.71,1.45,4.93,1.57,48.74,80.73
STU_04081,18,Male,College,3.32,2.16,5.61,1.48,62.57,88.49
STU_04082,19,Female,College,1.76,1.8,6.53,1.27,81.41,91.56
STU_04083,22,Male,University,1.5,1.5,6.43,0.78,82.21,80.18
STU_04084,16,Female,High School,3.8,3.2,5.64,1.24,77.96,91.9
STU_04085,18,Non-binary,College,5.6,0,5.03,2.5,57.72,70.67
STU_04086,23,Male,University,0.11,4.87,5.08,0.65,80.43,89.89
STU_04087,13,Female,High School,9.32,1.22,6.93,0.34,61.35,80.83
STU_04088,20,Non-binary,College,7.17,3.37,6.09,0.59,73.84,77.91
STU_04089,19,Male,College,5.78,3.48,8.27,0,57.5,84.13
STU_04090,23,Male,University,6.54,1.97,6.27,2.02,70.22,96.73
STU_04091,23,Female,University,2.88,3.28,7.21,0,58.65,84.46
STU_04092,21,Female,College,0.81,0.55,8.99,2.59,82.06,98.25
STU_04093,15,Female,High School,5.52,1.51,7.2,0.55,59.02,91.24
STU_04094,14,Male,High School,7.11,2.06,5.8,2.67,68.01,95.35
STU_04095,13,Female,High School,3.27,3.32,6.02,1.69,71.29,82.29
STU_04096,15,Male,High School,2.14,1.89,7.41,0.15,55.47,92.84
STU_04097,17,Male,High School,3.15,2.21,7.39,0.21,80.39,98.41
STU_04098,23,Male,University,5.7,3.99,6.74,2.57,75.95,97.59
STU_04099,14,Male,High School,6,3.21,6.07,0.07,85.06,88.28
STU_04100,24,Female,University,8.66,6.43,4.75,2.16,55.84,98.54
STU_04101,15,Female,High School,5.62,0.87,7.14,1.48,69.21,90.26
STU_04102,16,Female,High School,2.42,0.19,6.97,1.29,76.17,86.19
STU_04103,19,Male,College,3.76,5.94,4.71,3.84,60.22,94.59
STU_04104,25,Female,University,1.88,2.97,6.06,3.97,74.59,79.62
STU_04105,15,Female,High School,7.27,4.9,4.63,0.67,76.47,86.36
STU_04106,21,Male,College,1.71,0.69,7.63,1.14,83.16,91.52
STU_04107,20,Female,College,3.09,1.62,6,2.41,78.99,98.74
STU_04108,16,Female,High School,5.7,2.74,9,2.93,70.33,98.88
STU_04109,25,Female,University,8.49,2.5,6.63,1.73,73.28,78.41
STU_04110,13,Male,High School,11.64,2.36,7.44,0.22,54.27,82.81
STU_04111,13,Female,High School,1.15,0,9.28,0,81.41,83.23
STU_04112,13,Female,High School,6.09,2.29,5.95,1.21,76.53,88.06
STU_04113,13,Male,High School,4.44,3.11,7.85,2.27,80.16,98.6
STU_04114,20,Female,College,3.88,1.89,6.85,0.86,87.1,84.04
STU_04115,15,Male,High School,3.79,4.26,7.94,1.03,74.29,98.56
STU_04116,18,Female,College,1.41,4.27,5.18,1.95,76.47,99.25
STU_04117,15,Female,High School,8.67,2.89,6.33,0,75.41,91.34
STU_04118,23,Female,University,0,1.19,7.83,0.88,75.64,97.82
STU_04119,17,Female,High School,4.13,3.14,8.24,1.27,68.53,98.97
STU_04120,25,Male,University,8.24,3.4,4.59,0.57,72.35,75.54
STU_04121,25,Male,University,5.07,2.68,6.16,1.64,63.82,67.35
STU_04122,19,Female,College,2.82,1.16,7.25,1.22,63.91,87.35
STU_04123,14,Male,High School,2.93,4.02,7.17,0,69.55,83.28
STU_04124,18,Male,College,6.7,3.27,8.43,0,64.52,77.34
STU_04125,25,Male,University,3.74,1.78,7.11,2.44,78.78,85.53
STU_04126,18,Male,College,4.42,2.78,7.14,0.81,77.9,98.29
STU_04127,23,Female,University,6.06,0.84,7.61,1.27,64.17,90.48
STU_04128,15,Female,High School,6.83,0,6.72,0.82,83.96,76.64
STU_04129,18,Male,College,3.1,0,6.23,2.22,78.73,97.81
STU_04130,22,Male,University,1.09,2.97,6.13,0.34,65.96,93.01
STU_04131,22,Male,University,1.99,1.96,7.95,2.6,65.37,98.62
STU_04132,17,Male,High School,7.95,3.26,5.79,3.01,59.74,93.81
STU_04133,24,Male,University,4.67,4,5.11,4.12,54.61,92.89
STU_04134,14,Male,High School,1.38,3.13,5.78,0,84.24,84.23
STU_04135,21,Female,College,2.17,1.34,7.12,2.52,84.06,97.88
STU_04136,20,Female,College,7.41,3.24,6.75,2.63,74.77,81.35
STU_04137,15,Male,High School,4.72,1.8,7.61,0,63.27,70.64
STU_04138,20,Female,College,0.31,1.92,7.55,0.35,68.87,99.32
STU_04139,21,Female,College,1.74,4.39,5.14,0.19,76.52,81.31
STU_04140,15,Male,High School,7.38,3.53,5.26,1.41,69.62,90.39
STU_04141,15,Male,High School,3.08,1.75,4.58,2.94,76.44,96.95
STU_04142,14,Female,High School,9.74,1.03,7.74,0,62.45,62.72
STU_04143,20,Male,College,9.29,5,3.16,0,55.68,65.35
STU_04144,22,Female,University,8.22,2.42,6.42,0.35,54.22,53.63
STU_04145,13,Female,High School,5.75,0.44,7.61,1.21,72.53,94.85
STU_04146,20,Male,College,7.08,1.7,7.16,0.97,73.03,88.46
STU_04147,19,Female,College,4.36,0,9.19,1.31,73.4,81.14
STU_04148,19,Female,College,4.43,0,5.82,0,77.2,90.6
STU_04149,15,Male,High School,1.5,4.22,6.3,0.43,65.6,80.54
STU_04150,13,Male,High School,4.39,0.92,4.41,1.12,76.85,64.24
STU_04151,16,Female,High School,1.33,0.31,7.44,2.4,84.08,99.93
STU_04152,21,Female,College,4.52,1.48,5.63,0,87.45,69.86
STU_04153,17,Female,High School,1.47,1.89,8.01,1.62,61.43,95
STU_04154,13,Female,High School,2.33,1.43,6.14,0.59,53.77,84.89
STU_04155,17,Male,High School,0,0.87,7.82,0,55.99,99.27
STU_04156,25,Male,University,2.54,2.43,8.91,1.05,76.41,83.81
STU_04157,20,Male,College,2.7,2.07,5.96,1.64,82.39,86.58
STU_04158,20,Male,College,3.73,5.55,8.01,0.42,82.8,77.52
STU_04159,17,Female,High School,7.48,1.84,4.04,1.01,69.73,83.29
STU_04160,24,Non-binary,University,4.37,2.42,7.11,0,82.36,84.49
STU_04161,21,Female,College,6.82,0.85,6.89,3.42,81.02,90.12
STU_04162,13,Female,High School,6.92,3.67,5.7,0.85,85.92,99.68
STU_04163,16,Male,High School,8.03,5.5,6.63,1.84,71.5,85.48
STU_04164,15,Male,High School,2.24,2.33,7.29,1.16,78.33,94.62
STU_04165,14,Male,High School,1.55,1.37,7.56,1.74,79,99.01
STU_04166,20,Female,College,4.21,2.82,5.86,1.57,66.88,85
STU_04167,19,Male,College,1.89,3.36,6.43,1.87,73.89,96.29
STU_04168,21,Female,College,3.93,7.7,7.29,1.21,82.18,95.33
STU_04169,14,Female,High School,2.13,2.23,5.8,1.39,79.21,94.66
STU_04170,16,Male,High School,1.45,1.89,6.42,1.44,84.98,85.74
STU_04171,18,Male,College,5.39,0.42,4.92,0.03,57.27,84.06
STU_04172,23,Female,University,9.16,1.96,5.84,1.42,62.32,83.98
STU_04173,15,Male,High School,3.87,1.74,9.21,1.06,82.17,89.49
STU_04174,20,Female,College,5.19,3.48,6.95,1.68,56.55,70.3
STU_04175,15,Female,High School,4.66,2.01,5.11,0,68.82,76.31
STU_04176,24,Male,University,4.41,0.66,8.47,1.69,77.07,97.6
STU_04177,25,Male,University,8.07,0.6,4.98,1.29,57.88,92.6
STU_04178,25,Male,University,3.81,1.74,7.84,2.02,83.58,73.64
STU_04179,14,Female,High School,0,3.86,7.03,2.37,71.47,91.21
STU_04180,25,Male,University,2.31,2.82,7.45,1.63,75.92,97.46
STU_04181,25,Female,University,4.77,3.35,7.8,0.37,72.43,77.37
STU_04182,15,Female,High School,4.23,2.52,4.81,0.77,50.83,77.84
STU_04183,23,Female,University,3.93,3.22,6.19,0.07,57.28,97.33
STU_04184,18,Male,College,3.22,1.87,7.85,0.56,70.43,92.98
STU_04185,14,Female,High School,4.71,0.95,6.46,1.63,81.75,80.8
STU_04186,20,Female,College,9.64,0.99,5.25,0,73.24,55.56
STU_04187,13,Female,High School,3.68,0.9,6.69,1.65,83.24,83.33
STU_04188,19,Female,College,9.91,4.78,4.88,0.67,50.88,68.33
STU_04189,14,Female,High School,5.68,4.26,5.74,0,67.47,86.19
STU_04190,22,Female,University,2.82,1.73,8.59,0.96,75.29,99.36
STU_04191,24,Male,University,6.67,2.8,5.75,0.51,74.12,78.32
STU_04192,18,Female,College,0,3.76,8.76,2.26,83.83,92.6
STU_04193,24,Male,University,4.46,1.44,7.97,1.51,80.83,99.77
STU_04194,14,Female,High School,5.8,2.28,6.99,0.13,71.82,87.48
STU_04195,14,Female,High School,5.83,0.79,5.87,0.37,81.11,74.53
STU_04196,22,Male,University,6.09,0.93,6.79,1.27,80.03,86.3
STU_04197,25,Female,University,6.31,3.71,6.28,2.65,82.55,98.36
STU_04198,20,Female,College,5.24,2.62,5.78,0.83,68.75,82.14
STU_04199,24,Male,University,6.31,2.55,6.44,1.04,76.18,82.66
STU_04200,14,Female,High School,3.1,4.55,6.01,0,75.32,79.56
STU_04201,19,Male,College,7.44,1.73,8.44,0.64,78.02,93.59
STU_04202,15,Female,High School,3.35,3.79,5.28,0.09,66.96,73.71
STU_04203,20,Female,College,7.39,1.01,7.13,2.5,75.2,84.04
STU_04204,19,Female,College,4.45,1.75,6.7,0,65.05,99.9
STU_04205,20,Female,College,5.05,1.2,7.53,0,59.13,72.8
STU_04206,19,Female,College,6.71,1.07,7.4,1.82,57.49,83.35
STU_04207,23,Male,University,8.21,5.66,7.01,1.11,63.9,76.87
STU_04208,18,Male,College,4.6,0.21,6.33,1.65,80.65,83.75
STU_04209,25,Female,University,5.04,1.24,4.84,1.28,58.76,99.5
STU_04210,19,Female,College,0,0,10.67,2.19,83.65,99.56
STU_04211,17,Female,High School,2.33,1.56,6.63,1.68,72.26,95.49
STU_04212,19,Female,College,0.72,2.17,5.39,1.95,71.3,99.35
STU_04213,13,Female,High School,3.49,4.02,6.96,2.19,84.71,98.73
STU_04214,13,Male,High School,2.83,1.6,6.75,0.28,67.87,77.01
STU_04215,21,Female,College,2.52,0.41,8.05,0,86.79,93.6
STU_04216,17,Male,High School,1.92,1.59,7,1.8,79.86,92.73
STU_04217,25,Male,University,5.81,2.97,7.9,0.74,54.15,85.58
STU_04218,17,Female,High School,0.02,3.87,6.81,0.59,72.33,97.53
STU_04219,15,Female,High School,1.77,1.35,5.59,3.02,65.44,97.48
STU_04220,17,Male,High School,4.58,0.8,7.49,3.65,65.68,97.39
STU_04221,15,Female,High School,6.92,1.81,4.89,0,58.98,91.27
STU_04222,21,Female,College,2.17,3.12,7.03,0,62.88,83.86
STU_04223,21,Female,College,7.13,3.94,7.37,1.43,74.72,84.01
STU_04224,18,Female,College,0,0.66,6.68,0,76.11,84.13
STU_04225,13,Male,High School,4.51,1.2,7.45,2.54,63.12,99.18
STU_04226,19,Female,College,5.27,0,7.07,2.57,72.35,88.5
STU_04227,19,Female,College,2.03,0,6.54,1.3,78.81,98.03
STU_04228,22,Female,University,1.23,0.51,9,1.58,76.9,97.68
STU_04229,22,Female,University,4.82,0.72,7.45,0.65,70.45,97.16
STU_04230,16,Male,High School,4.41,1.63,8.26,0.28,80.76,99.29
STU_04231,20,Male,College,2.47,3.04,5.95,0.39,69.52,98.72
STU_04232,18,Female,College,3.78,2.35,6.88,2.15,84.55,85.8
STU_04233,16,Female,High School,3,3,8.06,1.85,87.54,96.36
STU_04234,16,Female,High School,7.63,4.13,6.09,1.5,70.41,64.1
STU_04235,14,Male,High School,6.2,2.94,8.39,3.09,77.67,99.05
STU_04236,14,Male,High School,4.98,2.14,5.88,0.82,72.69,81.06
STU_04237,24,Male,University,9.22,3.33,5.88,1.53,65.99,84.32
STU_04238,16,Female,High School,7.09,0,7.53,1.95,63.27,81.99
STU_04239,17,Male,High School,7.61,2.04,6.72,0,72.36,79.04
STU_04240,20,Female,College,8.45,3.65,6.29,0.2,71.82,74.72
STU_04241,18,Male,College,4.11,2.24,7.15,1.02,56.07,99.31
STU_04242,16,Female,High School,1.46,2.91,4.73,0.32,77.33,76.74
STU_04243,25,Male,University,0.04,2.14,7.09,1.63,82.58,74.94
STU_04244,23,Male,University,6.35,3.59,6.55,0.81,50.36,83.61
STU_04245,19,Female,College,2.08,4.1,7.28,0,64.74,72.79
STU_04246,20,Female,College,12.82,0,4.54,0.73,64.05,84.88
STU_04247,14,Male,High School,2.39,1.31,7.37,1.56,81.52,97.82
STU_04248,24,Female,University,1.96,0,7.77,1.05,76.46,95.44
STU_04249,19,Male,College,6.44,0,6.86,1.52,74.27,97.05
STU_04250,14,Male,High School,6.5,3.55,6.19,1.66,78.61,96.24
STU_04251,14,Male,High School,8.99,3.93,4.73,0,72.57,61.71
STU_04252,20,Male,College,3.88,1.59,5.91,0.25,80.97,93.17
STU_04253,14,Female,High School,7.4,1.25,6.66,0,78.6,89.68
STU_04254,23,Male,University,4.09,2.18,4.19,3.88,85.77,99.09
STU_04255,21,Female,College,5.86,7.54,7.23,0,71.14,86
STU_04256,24,Male,University,3.97,0.62,6.37,3.25,79.65,88.09
STU_04257,13,Female,High School,9.28,0.07,6.59,1.16,50.79,74.93
STU_04258,21,Male,College,10.17,3.58,7.05,0,54.39,77.49
STU_04259,13,Male,High School,1.53,3.68,5.47,2.44,82.79,94.85
STU_04260,22,Male,University,7.69,3.19,6.55,0.98,53.38,89.38
STU_04261,25,Female,University,2.17,2.63,6.63,2.85,76.6,78.47
STU_04262,22,Female,University,7.41,1.94,4.16,1.67,59.79,78.54
STU_04263,14,Female,High School,8.6,0,8.06,2.32,63.91,96.62
STU_04264,18,Male,College,2.1,5.85,5.47,0.99,89.46,96.85
STU_04265,18,Female,College,1.44,5.97,8.19,1.57,83.01,93.31
STU_04266,13,Female,High School,3.26,1.6,5.5,2.83,75.88,98.34
STU_04267,19,Male,College,7.42,5.03,4.13,0.1,57.93,72.39
STU_04268,20,Male,College,5.69,3.12,4.89,1.52,75.24,81.58
STU_04269,14,Female,High School,3.88,0,5.64,0.29,72.47,74.07
STU_04270,20,Female,College,6.3,0,5.45,1.75,77.98,79.44
STU_04271,21,Male,College,3.77,3.87,7.49,1.08,82.7,93.05
STU_04272,18,Female,College,4.83,4.82,8.84,1.33,70.03,99.93
STU_04273,17,Female,High School,5.86,3.14,8.02,2.65,80.1,80.88
STU_04274,24,Female,University,5.69,2.96,6.4,0.85,75.04,90.15
STU_04275,21,Male,College,8.73,0.92,5.8,1.15,71.33,81.12
STU_04276,25,Female,University,1.49,0.48,6.91,2.61,62.11,98.83
STU_04277,24,Male,University,6.87,3.88,3.44,0.56,74.38,67.79
STU_04278,23,Male,University,2.15,2.59,7.16,0.95,78.99,99.86
STU_04279,21,Female,College,3.49,2.29,7.39,0,75.26,99.16
STU_04280,13,Male,High School,4.1,4.76,5.31,0.96,68.05,92.42
STU_04281,23,Male,University,3.44,5.55,4.7,2.59,73.81,89.62
STU_04282,15,Male,High School,1.14,3.55,6.95,0.7,83.69,86.96
STU_04283,21,Male,College,3.37,0.82,8,0.85,75.43,98.92
STU_04284,23,Male,University,5.18,2.59,5.32,0.32,57.15,78.19
STU_04285,14,Male,High School,4.16,1.74,5.43,0,63.32,78.88
STU_04286,24,Female,University,8.18,2.25,5.3,0.22,84.44,66.64
STU_04287,16,Male,High School,4.23,0.34,7.38,0.83,53.25,98.04
STU_04288,16,Non-binary,High School,4.54,4.76,5.46,3.34,69.3,99.76
STU_04289,14,Male,High School,4.96,1.65,8.43,0.92,77.59,88.07
STU_04290,15,Male,High School,4.17,5.39,5.8,1.68,55.24,99.49
STU_04291,25,Female,University,5.69,2.27,5.76,1.19,85.93,81.69
STU_04292,15,Male,High School,3.2,1.64,6.93,2.16,79.46,90.55
STU_04293,13,Female,High School,1.59,1.29,8.33,0,71.7,89.96
STU_04294,18,Female,College,4.32,1.31,7.44,1.43,62.76,96.14
STU_04295,20,Male,College,5.46,2.89,4.17,0.9,60.5,99.17
STU_04296,24,Female,University,4.91,2.4,7.13,1.52,81.14,84.28
STU_04297,15,Male,High School,2.28,3.94,7.97,2.16,81.17,80.27
STU_04298,17,Non-binary,High School,4.9,1.11,7.97,1.2,54.17,81.02
STU_04299,13,Female,High School,6.2,2.92,8.07,0.46,73.7,86.68
STU_04300,22,Female,University,5.01,4.68,8.98,2.1,83.52,90.38
STU_04301,19,Male,College,2.72,4.99,6.71,2,51.11,94.44
STU_04302,22,Male,University,4.69,1.19,6.28,2.33,74.33,96.23
STU_04303,25,Male,University,8.76,1.88,5.03,0.79,77.63,70.85
STU_04304,13,Male,High School,1.91,1.38,5.65,0.72,74.57,99.29
STU_04305,24,Female,University,7.24,0.95,5.77,3.12,70.32,80.79
STU_04306,23,Female,University,0,3.71,6.51,0.43,82.6,73.89
STU_04307,21,Male,College,3.14,0.48,5.71,2.51,85.52,99.57
STU_04308,20,Female,College,3.42,6.39,6.62,2.48,90.14,81.44
STU_04309,19,Female,College,7.2,2.92,6.07,1.71,66.37,75.26
STU_04310,22,Female,University,8.93,2.18,6.04,0.72,76.63,84.48
STU_04311,19,Male,College,7.28,6.12,4.62,1.16,72.01,78.86
STU_04312,17,Male,High School,5.78,0.14,7.14,0.33,72.19,84.73
STU_04313,17,Female,High School,7.16,1.1,5.52,0,64.35,74.95
STU_04314,23,Female,University,1.12,0.25,9.07,1,73.9,98.74
STU_04315,25,Female,University,6.73,2.46,3.61,0.82,62.67,77.14
STU_04316,17,Female,High School,1.74,1.35,6.42,0.02,57.02,74.08
STU_04317,13,Male,High School,2.65,0.16,7.68,0.07,70.2,84.99
STU_04318,20,Female,College,5.49,0.37,5.06,0.22,74.55,92.47
STU_04319,24,Male,University,1.41,3.1,8.56,1.47,82.32,92.29
STU_04320,23,Female,University,7.56,3.64,7.22,1.8,71.2,90.7
STU_04321,13,Female,High School,4.5,0.02,8.86,1.26,85.07,98.14
STU_04322,16,Female,High School,1.25,2.15,8.64,4.02,87.53,97.22
STU_04323,21,Female,College,8.27,1.76,6.96,0.58,61.12,81.88
STU_04324,21,Female,College,3.84,1.32,6.96,1.21,82.69,86.63
STU_04325,17,Male,High School,4.09,5.4,4.9,2.76,77.8,97.86
STU_04326,16,Male,High School,3.95,2.4,8.29,0.73,70.02,94.52
STU_04327,15,Female,High School,0,2.8,6.44,1.28,74.08,93.97
STU_04328,15,Male,High School,7.65,3.73,5.71,0.78,66.65,91.8
STU_04329,24,Male,University,4.57,2.65,6.07,2.14,73.71,93.32
STU_04330,17,Male,High School,4.88,2.46,5.86,1.38,69.68,84.32
STU_04331,22,Female,University,6.2,3.99,7.55,0.88,75.63,85.58
STU_04332,13,Male,High School,3.77,1.46,7.87,1.71,75.75,98.91
STU_04333,17,Female,High School,1.7,1.69,7.7,0.42,81.47,92.44
STU_04334,18,Non-binary,College,2.17,0.71,7.11,2.11,83.14,98.77
STU_04335,19,Non-binary,College,6.68,5.04,3.95,2.4,72.51,88.31
STU_04336,24,Male,University,4.47,3.5,6.39,2.59,68.81,82.91
STU_04337,21,Female,College,7.01,2.92,7.76,0.42,80.48,99.46
STU_04338,15,Non-binary,High School,7.45,5.3,5.26,0,64.5,70.19
STU_04339,14,Female,High School,6.72,0.3,5.79,3.1,80.37,98.06
STU_04340,15,Female,High School,7.64,2.35,7.15,0,68.69,96.95
STU_04341,24,Female,University,2.72,0,7.06,1.35,75.41,97.73
STU_04342,21,Male,College,6,0,8.08,1.47,76.98,95.91
STU_04343,24,Female,University,3.33,4.53,5.5,0,76.32,88.14
STU_04344,19,Male,College,1.76,5.54,6.92,2.02,88.67,84.02
STU_04345,21,Male,College,5.65,1.75,6.87,2.12,79.14,84.76
STU_04346,25,Non-binary,University,6.39,1.76,6.27,1.54,61.56,97.16
STU_04347,14,Male,High School,3.64,1.71,8.39,0.93,80.01,73.77
STU_04348,17,Male,High School,4.62,5.54,6.31,0.7,73.73,94.36
STU_04349,25,Non-binary,University,6.26,1.45,7.24,0.06,58.59,71.2
STU_04350,16,Non-binary,High School,2.97,5.5,6.42,1.47,68.57,78.51
STU_04351,14,Male,High School,6.53,2.58,6.24,0.63,70.23,75.79
STU_04352,21,Female,College,2.23,1.63,7.43,0,72.25,80.9
STU_04353,21,Male,College,5.52,2.98,5.25,1.2,79.23,79.57
STU_04354,18,Male,College,1.48,5.9,5.99,3.05,83.73,95.85
STU_04355,23,Male,University,7.86,2.79,5.89,0,59.16,82.88
STU_04356,18,Male,College,6.21,2.15,6.41,0.58,69.83,88.64
STU_04357,20,Male,College,9.53,3.46,5.71,0.84,62.08,98.88
STU_04358,18,Male,College,2.16,2.08,4.88,0,63.25,72.17
STU_04359,13,Female,High School,6.16,0.47,7.74,0.5,80.55,80.18
STU_04360,16,Female,High School,4.45,2.37,6.53,2.66,74.04,81.63
STU_04361,25,Female,University,0.83,4.07,5.4,0.73,81.03,78.94
STU_04362,19,Female,College,4.78,3.29,5.97,0,72.07,76.04
STU_04363,25,Male,University,5.92,0.18,8.49,1.08,82.76,97.01
STU_04364,25,Female,University,9.43,3.94,4.91,0,55.69,62.4
STU_04365,14,Female,High School,3.24,3.42,9.04,2.18,86.05,98.3
STU_04366,21,Male,College,5.69,2.72,5.88,2.26,64.59,94.15
STU_04367,20,Male,College,5.27,4.45,8.14,0,78.95,98.37
STU_04368,20,Female,College,4.07,4.15,8.02,3.55,84.24,95.41
STU_04369,19,Female,College,4.25,4.09,6.63,0.09,47.85,84.4
STU_04370,16,Female,High School,6.37,0,5.04,0.24,70.71,80.25
STU_04371,14,Male,High School,4.25,3.65,5.47,0.79,71.59,98.81
STU_04372,15,Male,High School,3.91,1.97,6.39,2.22,81.04,99.73
STU_04373,24,Female,University,3.23,3.11,7.12,3.36,83.4,90.16
STU_04374,18,Female,College,0.75,0.82,6.25,0.93,65.84,96.98
STU_04375,24,Male,University,6.83,4.15,4.07,1.61,51.18,80.09
STU_04376,24,Male,University,3.21,4.42,6.54,2.75,80.46,99.38
STU_04377,17,Female,High School,7.58,2.32,5.01,0.07,59.53,75.82
STU_04378,24,Female,University,7.65,0,5.47,0.74,66.2,93.92
STU_04379,20,Male,College,10.5,3.46,4.77,1.95,70.77,75.22
STU_04380,18,Female,College,5.61,2.86,6.46,1.47,74.04,89.16
STU_04381,18,Female,College,5.9,0,7.39,0.87,73.82,84.45
STU_04382,13,Female,High School,6.03,2.49,8.1,0.53,86.25,77.3
STU_04383,16,Male,High School,5.15,3.97,4.77,1.4,56.27,95.45
STU_04384,17,Male,High School,7.45,0,5.74,0,61.17,75.38
STU_04385,24,Female,University,4.29,2.61,7.32,0.91,80.72,82.92
STU_04386,23,Male,University,5.88,2.9,6.39,1.21,66.27,98.23
STU_04387,15,Female,High School,4.23,2.92,5.34,1.47,75.43,90.1
STU_04388,25,Female,University,1.22,2.08,8.27,1.85,79.27,90.6
STU_04389,21,Male,College,6.36,2.77,6.3,0.46,59.55,89.02
STU_04390,13,Female,High School,0,2.12,9.33,1.74,78.42,87.58
STU_04391,18,Female,College,5.87,2.01,6.58,0.11,63.94,89.16
STU_04392,18,Female,College,7.22,3.35,5.48,1.49,63.85,77.65
STU_04393,22,Male,University,5.97,7.11,5.31,0.52,54.04,90.75
STU_04394,17,Non-binary,High School,2.53,2.41,5.15,3.27,58.71,99.9
STU_04395,24,Male,University,8.37,1.26,7.83,1.08,56.18,88.42
STU_04396,17,Female,High School,9.04,2.27,5.79,0,68.31,80.64
STU_04397,22,Female,University,6.16,2.34,4.17,0.23,70.08,81.5
STU_04398,25,Male,University,9.14,1.31,7.09,1.98,69.62,97.17
STU_04399,17,Female,High School,9.8,1.3,4.6,0,68.63,87.64
STU_04400,18,Non-binary,College,2.9,0.97,7.63,0,64.46,82.8
STU_04401,20,Male,College,2.22,1.48,6.43,2.11,87.76,99.47
STU_04402,14,Male,High School,6.36,2.63,6.91,2.25,71.47,92.87
STU_04403,18,Female,College,0,2.33,5.59,0,75.1,86.5
STU_04404,13,Male,High School,3.95,4.55,6.79,3.29,73.84,99.89
STU_04405,16,Male,High School,2.85,0,6.12,0.9,79.04,87.75
STU_04406,22,Female,University,4.03,2.19,4.53,0,62,83.14
STU_04407,15,Female,High School,1.43,1.47,7.85,1.05,82.6,90.41
STU_04408,21,Non-binary,College,4.12,0.32,6.63,2.96,86.99,91.93
STU_04409,15,Male,High School,6.01,1.02,5.75,0,68.58,78.12
STU_04410,18,Male,College,8.81,0,5.54,1.17,71.88,76.86
STU_04411,13,Male,High School,5.67,2.21,7.21,2.98,61.2,98.08
STU_04412,24,Female,University,0.06,2.5,7.27,1.39,73.73,99.3
STU_04413,18,Female,College,4.66,0,7.5,1.12,84.14,98.19
STU_04414,16,Male,High School,8.05,2.39,6.06,1.84,80.77,94.46
STU_04415,20,Male,College,3.98,2.64,7.82,1.68,79.16,98.78
STU_04416,25,Female,University,6.21,0.84,4.8,0.36,57.39,77.11
STU_04417,23,Female,University,7.53,2.67,4.35,1.82,67.29,81.49
STU_04418,21,Male,College,4.93,2.59,7.13,2.46,70.31,95.1
STU_04419,16,Female,High School,5.4,2.15,7.67,0,65.35,91.78
STU_04420,22,Male,University,5.97,3.91,6.8,1.99,63.8,85
STU_04421,24,Female,University,3.46,4.38,7.89,0,77.23,92.06
STU_04422,22,Female,University,3.99,4.46,7.56,1.04,77.54,98.04
STU_04423,18,Female,College,2.31,0.95,7.41,0.43,85.12,95.12
STU_04424,13,Male,High School,3.29,2.16,4.49,0.24,71.46,67.62
STU_04425,16,Male,High School,6.53,0,6.37,2.51,81.06,95.05
STU_04426,19,Female,College,5.85,3.73,5.77,1.81,56.21,86.15
STU_04427,24,Male,University,1.67,4.03,7.48,2.92,77.22,99.36
STU_04428,13,Female,High School,2.12,4.5,7.42,0.32,85.87,94.38
STU_04429,20,Non-binary,College,3.04,5.85,4.6,2.37,80.14,99.8
STU_04430,24,Non-binary,University,0.98,4.42,5.39,3.04,76.08,98.85
STU_04431,22,Female,University,5.14,3.47,3.5,1.13,56.08,89.86
STU_04432,24,Female,University,2.94,2.68,8.79,0.4,85.12,94.58
STU_04433,23,Non-binary,University,5.79,7.18,6.57,0.84,73.38,89.7
STU_04434,18,Male,College,7.04,2.97,5.62,0,76.72,74.25
STU_04435,17,Male,High School,0.32,6.84,7.03,1.11,72.93,98.92
STU_04436,22,Male,University,2.94,1.27,7.36,0.91,82.2,99.9
STU_04437,23,Male,University,0.64,1.94,8.09,0,82.78,96.14
STU_04438,21,Female,College,0,3.87,4.74,2.17,65.14,99.26
STU_04439,14,Female,High School,5.86,0,5.62,0.13,65.74,71.77
STU_04440,17,Female,High School,5.03,2.07,6.81,2.08,71.94,90.52
STU_04441,18,Female,College,3.09,4.66,6.62,2.41,69.09,96.53
STU_04442,19,Female,College,2.12,1.81,7.68,0,74.95,89.65
STU_04443,17,Female,High School,1.8,2.5,5.39,2.17,78.64,78.47
STU_04444,21,Male,College,4.94,0,6.41,1.84,82.79,97.76
STU_04445,13,Female,High School,3.92,1.77,6.65,2.46,73.34,99.75
STU_04446,19,Male,College,2.26,1.02,7.8,1.85,85.24,98.28
STU_04447,22,Female,University,5.54,3.85,6.61,0,69.79,89.98
STU_04448,19,Male,College,5.21,3.95,5.23,0,51.8,92.44
STU_04449,16,Female,High School,2.07,1.07,8.41,0.7,86.96,83.17
STU_04450,21,Female,College,3.31,0.8,6.28,0.34,83.72,81.08
STU_04451,24,Female,University,6.65,5.31,4.83,0,51.81,84.39
STU_04452,23,Female,University,6.37,0.13,6.66,0.75,74.97,93.26
STU_04453,17,Female,High School,2.86,3.91,5.69,1.99,83.73,91.03
STU_04454,16,Male,High School,8.65,2.57,7.22,2.5,71.05,89.37
STU_04455,25,Male,University,4.06,4.51,8.12,2.58,81.01,96.62
STU_04456,19,Female,College,6.47,2.86,5.68,1.72,54.3,98.4
STU_04457,16,Male,High School,1.87,1.55,5.95,1.99,83.81,85.74
STU_04458,15,Male,High School,4.12,0.4,7.57,1.18,86.03,98.46
STU_04459,21,Female,College,2.21,0.45,7.21,1.36,83.99,98.95
STU_04460,23,Male,University,0.37,0.23,6.6,0.8,72.12,75.33
STU_04461,20,Male,College,4.39,2.3,6.22,0,83.44,81.39
STU_04462,13,Male,High School,3.68,3.96,6.45,0.59,79.86,71.37
STU_04463,19,Male,College,7.18,0.85,4.45,0.56,71.77,79.16
STU_04464,21,Female,College,3.06,0.64,8.06,2.25,84.32,98.56
STU_04465,20,Female,College,5.17,2.82,5.34,2.36,74.32,95.97
STU_04466,20,Non-binary,College,3.49,5,5.9,0,73.71,90
STU_04467,25,Male,University,2.07,3.89,6.9,1.17,87.41,87.84
STU_04468,18,Female,College,6.52,2.34,7.5,0.24,53.14,83.22
STU_04469,23,Male,University,2.96,0.65,9.22,0.98,81.08,98.42
STU_04470,16,Female,High School,3.41,2.59,6.4,0,83.17,80.35
STU_04471,20,Female,College,1.53,4.09,8.01,0,77.62,98.2
STU_04472,15,Female,High School,0.28,3.55,6.46,1.4,65.41,97.95
STU_04473,25,Female,University,5.63,2.96,7.03,1.88,66.5,98.71
STU_04474,21,Male,College,4.25,4.5,5.74,2.04,76.43,98.25
STU_04475,25,Male,University,6.8,5.2,3.96,0,49.75,62.35
STU_04476,14,Female,High School,5.77,4,7.38,2.43,49.48,90.67
STU_04477,14,Male,High School,1.39,0,6.44,1.54,74.75,87.1
STU_04478,24,Male,University,4.51,4.24,6.67,2.03,61.47,83.32
STU_04479,25,Male,University,4.41,2.23,4.66,1.64,71.19,86.7
STU_04480,24,Male,University,7.03,2.74,4.58,2.01,68.27,85.71
STU_04481,19,Female,College,7.58,2.04,3.95,0.03,60.95,93.61
STU_04482,24,Female,University,0.18,1.28,7.74,0.79,73.67,99.17
STU_04483,22,Male,University,7.25,0,5.25,0,71.71,76.04
STU_04484,16,Male,High School,6.91,3.04,7.87,0,65.16,92.26
STU_04485,22,Female,University,2.47,0.15,5.27,0.4,82.58,84.95
STU_04486,20,Female,College,4.39,3.44,6.72,0.42,76.52,86.29
STU_04487,21,Non-binary,College,0,1.79,4.87,4.01,82.43,97.7
STU_04488,19,Female,College,4.37,4.52,8.95,3.12,82.68,97.55
STU_04489,17,Female,High School,1.88,5.64,5.18,2.11,80.73,89.39
STU_04490,20,Female,College,5.8,2.27,7.16,0.38,77.14,94.12
STU_04491,16,Female,High School,5.53,1.57,5.85,1.07,70.03,93.05
STU_04492,14,Male,High School,4.26,1.19,7.59,3.1,64.19,98.51
STU_04493,23,Female,University,4.99,3.31,5.14,0.73,67.45,93.13
STU_04494,24,Male,University,2.53,1.46,7.12,0,77.13,97.87
STU_04495,18,Female,College,1.68,2.45,6.27,4.54,80.92,98.74
STU_04496,21,Female,College,9.79,0.83,9.16,0.94,75.79,76.76
STU_04497,13,Female,High School,7.06,2.59,5.02,3.64,75.84,94.68
STU_04498,23,Male,University,4.83,5.5,4.9,1.28,86.04,85.42
STU_04499,22,Female,University,3.96,1.17,8.65,1.44,78.7,94.36
STU_04500,24,Male,University,10.51,2.53,6.53,2.03,52.7,92.07
STU_04501,19,Male,College,8.68,3.38,4.87,0.98,39.38,90.24
STU_04502,22,Male,University,3.79,4.9,6.55,1.44,62.15,91.53
STU_04503,21,Male,College,2.07,4.58,6.88,2.72,67.57,98.91
STU_04504,22,Male,University,4.63,3.81,6.73,3.34,84.83,99.14
STU_04505,21,Female,College,3.55,3.23,7.54,2.42,68.09,91.35
STU_04506,22,Female,University,2.13,7.66,5.04,1.11,64.2,74.8
STU_04507,23,Male,University,7.93,3.77,6.23,0.48,54.18,93.04
STU_04508,25,Male,University,5.81,3.02,5.92,0.97,72.94,88.14
STU_04509,15,Non-binary,High School,3.48,4.67,3.46,1.53,78.1,97.33
STU_04510,23,Female,University,3.45,3.54,5.99,0.81,49.18,77.82
STU_04511,25,Male,University,4.53,7.08,5.47,1.34,65.63,99.11
STU_04512,17,Female,High School,3.28,1.49,7.86,2.63,78.8,83.96
STU_04513,20,Female,College,3.07,2.41,8.3,0.71,64.87,79.12
STU_04514,20,Male,College,9.63,0.1,6.78,1.58,79.5,86.35
STU_04515,16,Male,High School,2.22,2.3,4.39,0.3,46.04,86.85
STU_04516,24,Female,University,0,0.38,9.96,0.94,79.9,97.71
STU_04517,23,Male,University,6.14,2.72,7.62,2.28,80.29,92.57
STU_04518,23,Female,University,7.29,1.25,6.18,2.49,73.4,90
STU_04519,13,Male,High School,4.89,3.92,6.56,0,71.27,99.12
STU_04520,13,Female,High School,0.47,1.61,7.85,3.6,86.04,98.98
STU_04521,16,Female,High School,4.16,3.78,6.63,1.71,60.14,90.38
STU_04522,18,Male,College,3.23,2.12,7.81,0,62.82,76.37
STU_04523,20,Female,College,7.84,4.64,7.58,0,84.44,76.35
STU_04524,18,Non-binary,College,2.39,2.33,4.61,2.4,79.37,79.42
STU_04525,24,Female,University,5.08,1.72,6.13,2.01,82.76,90.86
STU_04526,21,Female,College,5.99,0,7.06,1.91,72.52,87.28
STU_04527,21,Male,College,2.36,0.07,5.6,0,75.45,82.63
STU_04528,14,Female,High School,3.01,3.84,9.22,1.29,85.99,93.44
STU_04529,22,Male,University,5.58,0.19,3.44,0.61,70.54,83.28
STU_04530,13,Male,High School,0,4.22,6.24,1.5,78.03,88.18
STU_04531,14,Male,High School,7.9,1.72,6.95,0,62.4,84.92
STU_04532,17,Male,High School,1.97,2.47,9.65,0,70.91,83.09
STU_04533,16,Male,High School,4.61,3.51,6.83,0,71.94,97.23
STU_04534,16,Female,High School,1.12,4.44,7.61,2.13,79.96,97.85
STU_04535,21,Female,College,7.8,0,5.65,0.02,66.62,83.98
STU_04536,23,Male,University,4.5,0.02,9.22,0.21,77.1,86.74
STU_04537,20,Male,College,5.03,2.03,8.59,1.63,79.69,90.33
STU_04538,18,Female,College,5.9,4.65,7.16,1.12,70.87,77.51
STU_04539,13,Male,High School,7.22,2.53,3.18,0.92,58.38,69.81
STU_04540,14,Male,High School,1.7,4.59,6.93,3.12,78.11,99.32
STU_04541,18,Female,College,3.83,0,6.16,3.32,77.72,98.74
STU_04542,23,Male,University,7.66,1.49,6.21,3.01,43.03,99.68
STU_04543,14,Male,High School,3.4,2.63,6.16,0,74.04,64.72
STU_04544,25,Female,University,7.92,0.57,6.75,2.38,67.34,98.01
STU_04545,22,Female,University,5.02,0.43,5.95,0,65.88,79.17
STU_04546,17,Male,High School,3.44,1.05,6.57,2.22,82.35,97.77
STU_04547,17,Female,High School,6.23,1.81,5.89,0.1,56.93,74.92
STU_04548,18,Female,College,4.12,0.45,7.31,1.3,85.03,79.11
STU_04549,18,Male,College,6.63,4.69,4.26,1.44,67.45,79.85
STU_04550,18,Male,College,3.3,2.86,4.59,1.47,68.24,87.89
STU_04551,14,Male,High School,6.64,3.07,7.18,1.94,69.87,83.23
STU_04552,22,Male,University,5.59,3.01,5.86,1.2,78.25,92.65
STU_04553,25,Male,University,3.65,5.34,7.32,0.4,72.48,84.71
STU_04554,15,Male,High School,0,6.14,7.89,0.97,80.53,99.46
STU_04555,18,Male,College,5.7,2,5.67,0.44,77.96,76.79
STU_04556,25,Female,University,7.19,3.46,5.39,0.9,71.39,79.41
STU_04557,20,Female,College,4.98,1.96,5.8,1.31,68.31,88.75
STU_04558,24,Female,University,0,4.09,5.41,0.63,79.36,89.3
STU_04559,25,Female,University,7.35,5.05,3.91,0.01,64.48,79.89
STU_04560,23,Female,University,5.5,2.49,6.26,1.57,69.76,93.34
STU_04561,24,Female,University,6.04,4.2,4.58,2.31,82.58,75.69
STU_04562,13,Male,High School,4.3,1.91,6.45,0.49,71.61,98.56
STU_04563,13,Male,High School,0,4.59,5.94,1.74,78.33,87.98
STU_04564,23,Female,University,5.95,0.9,5.45,0.84,76.63,90.39
STU_04565,25,Male,University,3.95,0.57,6.47,3.64,83.39,97.86
STU_04566,14,Male,High School,2.67,3.58,8.82,2.9,85.42,97.99
STU_04567,23,Female,University,8.86,4.56,7.59,0,69.89,92.62
STU_04568,24,Female,University,5.97,3.67,7.51,0.72,67.34,85.53
STU_04569,24,Female,University,5.05,4.41,6.4,0.97,66.15,98.34
STU_04570,18,Male,College,2.34,0.97,4.86,0.43,81.58,94.21
STU_04571,21,Male,College,2.03,2.38,8.35,0.36,83.64,98.62
STU_04572,16,Female,High School,5.75,0,5.81,2.2,66.95,98.79
STU_04573,15,Male,High School,0,0.35,9.36,0,82.23,88.58
STU_04574,24,Male,University,5.88,5.12,5.21,0.99,63.49,78.83
STU_04575,20,Female,College,6.03,1.84,7.99,1.96,73.16,75.45
STU_04576,23,Female,University,7.56,5.56,6.32,2.56,54.77,98.55
STU_04577,22,Female,University,6.95,2.8,3.6,2.14,45.89,77.19
STU_04578,21,Female,College,7.35,2.1,7.32,0,64.48,99.72
STU_04579,24,Male,University,3.01,2.05,6.94,2,77.13,99.76
STU_04580,23,Male,University,0.84,4.3,5.35,3.83,78.17,92.56
STU_04581,17,Male,High School,4.94,2.29,6.04,0.05,65.77,95.22
STU_04582,21,Female,College,5.61,2.58,9.27,0.29,79.54,87.72
STU_04583,14,Female,High School,7.03,3.06,3.72,0.91,79.17,73.63
STU_04584,15,Male,High School,8.22,0.08,6.34,1.55,67.52,80.59
STU_04585,19,Female,College,1.59,2.68,6.26,2.8,83.92,96.03
STU_04586,19,Male,College,6.64,2.41,6.98,0.8,73.85,92.98
STU_04587,18,Female,College,0,3.32,8.45,2.96,88.64,99.22
STU_04588,18,Female,College,5.19,4.29,6.6,0.53,72.59,71.4
STU_04589,14,Male,High School,6.25,2.07,7.52,0,70.25,81.98
STU_04590,22,Male,University,0.68,3.41,5.86,1.84,84.27,99.45
STU_04591,18,Male,College,6.06,0.06,6.44,0.97,59.49,94.46
STU_04592,16,Male,High School,1.84,6.09,8.66,1.34,82.17,80.24
STU_04593,24,Male,University,3.52,5.27,5.66,2.06,83.88,79.16
STU_04594,15,Female,High School,6.65,1.9,5.26,0.85,74.28,73.64
STU_04595,25,Male,University,3.71,2.69,6.01,2.53,69.49,98.07
STU_04596,23,Female,University,3.67,0,7.6,3.45,83.11,99.35
STU_04597,25,Male,University,5.3,3.71,6.34,1.85,75.82,99.91
STU_04598,14,Male,High School,6.5,1.18,7.25,2.14,76.82,98.02
STU_04599,13,Male,High School,4.5,0,5.9,0,69.92,98.94
STU_04600,23,Female,University,8.45,3.12,4.1,1.54,74.19,82.02
STU_04601,23,Male,University,3.66,0.87,6.05,1.33,75.93,86
STU_04602,17,Female,High School,7.58,0.65,4.59,0.42,62.05,83.55
STU_04603,14,Female,High School,5.82,3.9,6.45,0,76.44,60.21
STU_04604,14,Female,High School,6.18,5.44,5.78,1.66,72.13,76.2
STU_04605,19,Female,College,1.6,3,7.07,0.36,75.03,97.58
STU_04606,20,Male,College,7.54,4.76,6.21,0,57.69,90.85
STU_04607,25,Female,University,4.8,1.89,5.89,3.06,73.95,97.69
STU_04608,22,Female,University,10.28,3.57,6.4,0.13,50.62,93.46
STU_04609,20,Non-binary,College,5.14,2.94,6.64,0,58.92,84.76
STU_04610,16,Male,High School,4.45,3.32,5.8,1.19,66.23,80.79
STU_04611,13,Female,High School,3.21,0.8,7.43,1.18,84.34,88.23
STU_04612,23,Male,University,4.51,0,7.29,2.32,80.64,80.69
STU_04613,19,Male,College,7.78,4.87,8.25,1.1,66.96,87.5
STU_04614,13,Female,High School,6.46,2.05,7.06,1.99,72.94,89.74
STU_04615,23,Non-binary,University,5.24,0,8.01,0,87.54,97.58
STU_04616,16,Female,High School,6.64,2.48,5.74,1.9,68.57,84.27
STU_04617,20,Female,College,3.39,3.17,5.56,2.68,85.5,84.27
STU_04618,14,Male,High School,3.2,2.59,7.46,0.56,77.18,73.18
STU_04619,18,Male,College,2.93,2.97,5.87,2.13,64.21,82.81
STU_04620,25,Female,University,6.97,2.68,5.62,0,59.8,84.93
STU_04621,18,Male,College,7.22,1.92,4.5,2.14,83.53,76.95
STU_04622,24,Female,University,2.5,2.82,6.88,0.05,72.23,72.28
STU_04623,21,Male,College,2.81,2.22,6.53,2.38,74.96,91.09
STU_04624,17,Male,High School,4.16,2.86,6.26,0.33,71.69,91.79
STU_04625,22,Female,University,1.94,3.21,7.85,1,82.84,98.03
STU_04626,16,Male,High School,5.09,3.55,5.65,0.07,59.94,91.54
STU_04627,17,Female,High School,8.09,1.61,6.22,1.77,68.47,89.05
STU_04628,24,Male,University,5.42,3.73,5.67,0.96,65.5,98.78
STU_04629,24,Male,University,7.07,3.29,4.51,0,74.02,87.22
STU_04630,22,Female,University,1.2,4.71,7.12,1.5,65.42,81.51
STU_04631,23,Male,University,3.24,2.85,7.26,1.44,65.69,96.33
STU_04632,17,Female,High School,0,4.32,8.02,0.07,74.53,85.17
STU_04633,20,Male,College,4.34,0,7.41,1.39,73.41,89.27
STU_04634,22,Male,University,9.96,0.6,5.39,1.35,61.53,79.19
STU_04635,24,Female,University,8.93,4.5,7.95,0,78.92,86.7
STU_04636,20,Female,College,5.47,3.1,6.35,0,75.49,80.68
STU_04637,14,Male,High School,4.7,0.61,6.8,1.41,69.59,76.75
STU_04638,19,Female,College,5.7,2.84,4.99,1.44,55.37,76.31
STU_04639,20,Female,College,1.55,4.43,6.03,1.2,81.96,97.24
STU_04640,23,Male,University,5.11,0.28,8.12,2.39,71.22,87.2
STU_04641,18,Male,College,0,3.01,7.8,0.56,85.4,91.86
STU_04642,17,Female,High School,0,6.44,5.51,2.12,73.39,98.72
STU_04643,23,Male,University,3.63,1.06,5.45,0.39,65.87,97.3
STU_04644,21,Male,College,10.43,0.87,6.53,3.5,72.66,98.29
STU_04645,25,Female,University,8.67,0,5.54,1.49,55.71,98.82
STU_04646,15,Male,High School,7.36,1.84,8.07,0,66.68,88.97
STU_04647,24,Female,University,4.46,4.1,10.09,3.36,70.57,98.59
STU_04648,25,Female,University,8.4,1.57,6.29,0,78.44,82.11
STU_04649,25,Female,University,3.22,7.18,7.14,2.48,71.4,95.31
STU_04650,22,Female,University,1.54,8.63,7.2,0.24,75.85,95.63
STU_04651,16,Male,High School,3.07,5.75,5.95,2.81,66.89,98.89
STU_04652,21,Male,College,0.48,1.21,6.36,1.1,72.4,91.61
STU_04653,18,Male,College,10.17,3.06,3.47,0,64.54,76.58
STU_04654,20,Female,College,5.86,1.44,7.42,1.74,74.61,98.05
STU_04655,19,Male,College,2.32,1.33,6.71,0,67.98,87.78
STU_04656,23,Male,University,4.3,3.12,5.31,0.02,69.74,92.52
STU_04657,14,Non-binary,High School,4.22,0.61,6.22,0,71.76,80.04
STU_04658,15,Non-binary,High School,8.09,0,5.83,0.31,68.07,75.44
STU_04659,13,Male,High School,10.1,0,4.68,0,60.76,78.35
STU_04660,21,Male,College,7.21,2.98,4.84,0.88,61.11,82.67
STU_04661,25,Female,University,6.36,5.91,6.17,0,67.1,86.39
STU_04662,19,Female,College,5.3,4.19,5.25,0,62.29,84.21
STU_04663,13,Male,High School,4.79,2.3,5.44,1.76,69.69,88.62
STU_04664,15,Male,High School,4.73,3.87,5.77,1.59,75.49,88.68
STU_04665,16,Female,High School,4.78,2.38,3.88,1.04,71.21,98.3
STU_04666,16,Female,High School,4.01,4.42,4.59,1.23,68.2,72.41
STU_04667,17,Female,High School,3.38,3.86,5.37,2.33,80.07,86.52
STU_04668,15,Male,High School,1.85,0,9.13,1.86,83.58,91.03
STU_04669,15,Male,High School,3.91,1.33,7.86,2.07,77.35,96.1
STU_04670,13,Female,High School,1.22,3.73,6.98,1.46,70.63,84.86
STU_04671,19,Male,College,3.09,3.97,7.66,2.57,83.47,99.35
STU_04672,23,Male,University,4.22,1.67,7.74,2.13,76.14,96.81
STU_04673,22,Male,University,5.15,0,4.91,0,77.25,62.66
STU_04674,13,Female,High School,5.11,2.88,4.73,0,78.23,82.78
STU_04675,14,Female,High School,5.74,0,5.83,0,63.69,77.47
STU_04676,25,Female,University,5.52,1,6.33,1.44,86.8,97.47
STU_04677,16,Female,High School,8.98,5.04,3.74,2.27,67.16,95.48
STU_04678,25,Female,University,8.64,1.68,6.71,1,73.86,94.84
STU_04679,16,Female,High School,3.54,1.23,7.16,1.99,73.26,96.56
STU_04680,17,Male,High School,6.8,2.27,7.49,0,76.11,73.31
STU_04681,23,Male,University,4.06,4.14,5.65,1.79,81.55,98.4
STU_04682,14,Female,High School,0.32,2.05,6.06,0.6,67.4,87.65
STU_04683,16,Male,High School,5.88,4.91,8.27,2.95,76.77,92.56
STU_04684,13,Female,High School,3.18,0.84,6.05,3.73,67.73,99.12
STU_04685,14,Male,High School,2.8,0.62,6.16,1.34,72.78,96.94
STU_04686,13,Male,High School,3.04,3.35,5.93,1.21,88.09,99.16
STU_04687,22,Female,University,2.61,1.24,7.89,1.66,81.14,92.66
STU_04688,22,Female,University,9.08,3.36,6.73,0.65,64.88,86.14
STU_04689,25,Female,University,1.49,6.63,6.19,2.24,75.44,87.87
STU_04690,16,Female,High School,4.12,0.22,8.16,0.83,83.36,96.27
STU_04691,16,Male,High School,0.28,3.09,10.01,0.63,70.36,92.5
STU_04692,19,Male,College,2.67,4.16,5.9,1.4,71.42,95.02
STU_04693,22,Female,University,1.22,1.31,4.93,1.25,73.8,84.06
STU_04694,23,Male,University,5.79,2.52,6.11,1.44,75.8,92.13
STU_04695,23,Male,University,0.69,0,7.77,1.77,79.72,93.64
STU_04696,21,Male,College,8.08,2.5,6.48,2.42,66.85,96.26
STU_04697,21,Male,College,1.21,0.71,6.16,0.71,72.33,98.72
STU_04698,17,Female,High School,1.9,0.73,6.83,0.86,79.55,89.16
STU_04699,22,Female,University,6.19,2.13,6.88,1.32,82.56,95.61
STU_04700,13,Female,High School,9.2,1.69,4.81,0,38.68,79.71
STU_04701,13,Female,High School,3.41,0.27,7.68,0,70.29,75.16
STU_04702,18,Male,College,5.99,5.31,4.58,1.1,67.96,99.11
STU_04703,14,Male,High School,1.89,2.77,7.79,0.83,64.52,83.53
STU_04704,20,Male,College,3.22,3.21,6.33,0.06,69.62,80.71
STU_04705,25,Male,University,4.23,1.48,9.13,1.19,71.42,97.56
STU_04706,21,Male,College,2.43,2.39,6.46,0,71.43,84.15
STU_04707,25,Male,University,7.35,0,7.43,0,74.95,88.15
STU_04708,16,Female,High School,6.51,0.53,6.37,0,74.13,70.71
STU_04709,17,Female,High School,3.17,5.18,7.77,0.75,62.69,86.55
STU_04710,23,Female,University,0,3.62,8.8,1.21,82.94,84.82
STU_04711,20,Female,College,2.69,1.63,7.11,1.74,48.14,98.3
STU_04712,15,Male,High School,7.65,3.2,6.07,0.97,54.48,68.7
STU_04713,17,Male,High School,4.19,0,8.19,2.06,83.75,87.68
STU_04714,15,Male,High School,7.06,1.77,7.23,1.33,80.45,96.04
STU_04715,24,Male,University,8.63,2.51,3.92,0.49,74.71,74.06
STU_04716,22,Male,University,6.02,3.92,7.41,2.88,68.32,91.93
STU_04717,15,Male,High School,7.33,1.04,8.51,0.82,84.25,88.02
STU_04718,15,Female,High School,3.08,2.58,8.22,2.81,76.46,97.31
STU_04719,25,Female,University,7.41,2.06,5.67,0.8,61.74,99.84
STU_04720,24,Female,University,3.97,3.18,4.64,0.24,52.02,83.89
STU_04721,19,Male,College,2.58,2.93,5.72,1.54,89.62,97.02
STU_04722,19,Female,College,9.74,2.41,6.65,3.2,66.11,96.82
STU_04723,19,Female,College,4.45,3.11,4.31,1.54,71.42,98.48
STU_04724,22,Female,University,2.72,1.42,8.44,3.76,84.87,98.61
STU_04725,20,Male,College,5.56,1.56,8.63,3.89,71.54,99.19
STU_04726,17,Female,High School,1.79,0,7.69,0.72,90.18,88.7
STU_04727,17,Female,High School,1.36,3.77,8.12,0,78.77,88.76
STU_04728,16,Male,High School,3.98,2.26,6.28,0.76,64.35,99.37
STU_04729,19,Male,College,0.9,0.56,7.17,0,72.82,94.85
STU_04730,22,Male,University,3.31,1.08,6.68,0.7,89.05,89.64
STU_04731,16,Female,High School,1.22,5.47,6.24,2.25,73.03,98.3
STU_04732,14,Female,High School,6.95,2.03,6.94,1.67,78.94,90.12
STU_04733,16,Male,High School,8.71,3.26,7.33,0.48,66.3,77.51
STU_04734,25,Male,University,1.03,1.58,6.35,3.46,74.34,95.03
STU_04735,25,Female,University,9.83,0.43,5.87,1.58,69,81.82
STU_04736,20,Male,College,6.4,2.57,6.53,1.84,62.14,81.24
STU_04737,21,Male,College,5.11,4.48,5.96,0,77.36,88.73
STU_04738,15,Male,High School,0.69,5.16,6.8,2.43,67.64,97.71
STU_04739,19,Female,College,0.4,4.95,5.89,0.1,61.06,97
STU_04740,24,Female,University,4.41,3.68,6.48,1.67,69.48,93.93
STU_04741,21,Male,College,4.07,3.52,6.72,2.55,59.8,99.31
STU_04742,23,Non-binary,University,3.76,0.86,6.56,0.66,64.32,94.75
STU_04743,16,Female,High School,4.62,2.64,7.17,0,66.3,82.89
STU_04744,22,Male,University,2.71,4.3,6.44,0.19,63.39,89.31
STU_04745,15,Female,High School,3.94,5.09,5.21,1.39,60.59,88.17
STU_04746,17,Male,High School,4.49,2.38,7.84,3.32,76.17,99.89
STU_04747,13,Female,High School,10.93,1.76,6.65,0,61.45,89.28
STU_04748,15,Male,High School,0,0.85,7.9,1.71,87.09,98.21
STU_04749,20,Female,College,5.44,2.5,8.63,0.03,66.24,85.01
STU_04750,23,Male,University,4.71,4.62,4.06,0,81.69,91.71
STU_04751,20,Female,College,4.55,1.62,6.09,2.14,82.34,93.95
STU_04752,25,Male,University,5.42,3.7,4.69,0.43,59.4,98.11
STU_04753,16,Female,High School,8.56,4.16,7.12,2.15,70.65,85.17
STU_04754,14,Male,High School,5.36,1.78,8.05,0,57.95,67.45
STU_04755,25,Female,University,0.76,2.19,7.44,3.51,87.24,95.7
STU_04756,20,Female,College,5.4,4.79,6.47,2,69.79,97.66
STU_04757,20,Male,College,4.1,3.17,5.21,0.51,64.82,78.93
STU_04758,22,Female,University,2.96,5.44,6.73,2.33,81.35,90.61
STU_04759,16,Male,High School,4.97,2.61,5.06,1.96,75.27,92.48
STU_04760,15,Female,High School,4.21,4.62,8.49,3.4,82.88,97.51
STU_04761,14,Female,High School,3.93,0.45,7.66,0,75.52,95.89
STU_04762,21,Male,College,4.24,3.92,8.05,0.45,68.48,73.3
STU_04763,13,Female,High School,1.56,1.82,5.74,0.3,69.74,83.32
STU_04764,19,Male,College,6.29,0.21,6.9,0.53,64.63,96.23
STU_04765,17,Male,High School,4.16,1.68,5.31,0,67.32,75.63
STU_04766,20,Female,College,5.16,2.26,5.64,0,70.98,73.7
STU_04767,16,Female,High School,2.34,3.56,8.49,1.42,75.14,88.23
STU_04768,19,Male,College,1.7,2.33,6.85,0.08,74.13,95.15
STU_04769,25,Male,University,3.57,0,6.44,1.1,73.72,94.92
STU_04770,17,Female,High School,4.43,1.93,7.16,0.99,79.05,87.45
STU_04771,17,Male,High School,3.47,2.52,9.04,0.08,74.72,81.17
STU_04772,21,Female,College,4.71,3.68,7.07,2.42,85.1,99.01
STU_04773,21,Female,College,0,4.19,8.06,0.09,84.36,85.07
STU_04774,25,Male,University,9.51,1.23,5.7,1.45,59.89,91.05
STU_04775,21,Male,College,2.58,1.19,6.8,0.15,73.61,83.74
STU_04776,24,Female,University,1.6,1.07,4.46,1.46,72.77,89.47
STU_04777,18,Male,College,7.36,0.75,4.44,0.99,77.12,76.97
STU_04778,18,Female,College,1.59,0,9.5,0.68,87.5,98.96
STU_04779,17,Non-binary,High School,5,3.37,7.04,1.96,86.01,80.11
STU_04780,21,Female,College,1.59,7.22,7.36,2.55,73.22,88.66
STU_04781,22,Male,University,3.74,4.06,6.06,1.1,70.4,85.82
STU_04782,20,Male,College,3.77,4.26,6.6,3.06,84.96,92.28
STU_04783,19,Female,College,2.62,3.33,7.47,0.68,67.69,79.38
STU_04784,19,Female,College,6.69,0.07,8.13,1.25,67.4,96.32
STU_04785,18,Female,College,8.04,1.94,7.51,0.29,67.91,73.87
STU_04786,17,Male,High School,2.59,3.76,6.66,2.47,79.01,86.14
STU_04787,25,Female,University,4.83,0.2,7.73,1.37,56.18,88.43
STU_04788,16,Male,High School,1.2,1.63,7.28,2.62,78.92,96.14
STU_04789,15,Female,High School,4.76,0.14,7.34,0.9,76.03,81.52
STU_04790,15,Female,High School,6.55,1.61,7.72,0,64.52,72.17
STU_04791,18,Female,College,4.78,6.07,7.18,0.38,66.26,98.39
STU_04792,16,Male,High School,3.08,5.42,5.96,2.13,79.9,93.26
STU_04793,24,Female,University,3.86,2.79,7.43,0.01,66.86,98.77
STU_04794,24,Male,University,3.3,5.31,8.86,3.02,81.91,86.45
STU_04795,18,Female,College,3.97,3.71,4.75,1.62,76.98,76.28
STU_04796,15,Male,High School,2.87,2.05,6.87,0,76.18,98.61
STU_04797,16,Male,High School,4.93,0.28,5.53,1.64,84.59,85.72
STU_04798,21,Male,College,1.5,1.87,7.25,0.54,72.5,71.25
STU_04799,17,Female,High School,0,1.98,8.21,0,78.72,99.9
STU_04800,25,Female,University,7.16,1.79,5.51,1.52,50.85,72.66
STU_04801,19,Female,College,4.35,2.3,5.5,1.35,58.65,84.47
STU_04802,22,Female,University,4.8,0.63,8.59,2.36,71.94,94.2
STU_04803,14,Female,High School,2.63,0.17,7.6,1.76,79.2,94.37
STU_04804,17,Male,High School,3.42,0.06,8.24,0.43,79.26,91.13
STU_04805,21,Female,College,1.84,3.3,7.95,2.63,78.36,84.71
STU_04806,23,Female,University,7.44,0.78,5.25,0.04,70.62,94.72
STU_04807,15,Male,High School,3.25,2.88,7.96,0.37,75.3,94.6
STU_04808,21,Male,College,0.64,2.58,6.5,1.25,80.74,98.07
STU_04809,23,Male,University,6.19,3.12,5.42,0,69.08,78.75
STU_04810,18,Male,College,7.34,1.88,7.44,2.11,61.06,99.68
STU_04811,16,Male,High School,4.04,0.53,5.13,0.97,68.52,83.28
STU_04812,19,Male,College,8.27,5.62,4.37,0.78,61.23,74.28
STU_04813,20,Female,College,5.24,1.24,6.02,3.63,81.08,99.35
STU_04814,18,Male,College,4.19,5.98,4.27,1.82,69.59,86.12
STU_04815,17,Male,High School,4.27,0.09,6.93,0,80.27,79.35
STU_04816,18,Female,College,5.75,0.67,5.94,2.64,79.82,95.02
STU_04817,17,Female,High School,7.19,0,6.74,1.15,73.54,96.09
STU_04818,20,Male,College,5.8,2.65,8.63,0,71.73,73.14
STU_04819,13,Female,High School,5.15,3.67,4.91,1.35,66.99,86.29
STU_04820,23,Male,University,4.68,0,5.12,1.12,65.45,82.2
STU_04821,19,Male,College,6.25,2.55,5.76,0,65.46,79.04
STU_04822,22,Male,University,2.91,1.76,5.88,1.62,82.58,91.17
STU_04823,22,Female,University,0.73,0,7.38,2.03,79.05,85.21
STU_04824,23,Female,University,4.96,2.31,8.47,0,80.13,90.62
STU_04825,14,Female,High School,1.97,4.16,8.94,1.26,66.79,95.05
STU_04826,21,Non-binary,College,0.77,5.14,6.26,2.94,73.27,92.78
STU_04827,13,Female,High School,8.55,0,5.09,0.27,79.44,67.4
STU_04828,23,Female,University,0,4.34,5.97,1.97,82.54,95.61
STU_04829,22,Female,University,6.06,3.94,6.62,1.47,56.48,99.68
STU_04830,18,Male,College,1.81,1.83,7,0,82.79,90.31
STU_04831,21,Male,College,2.49,0,7.22,0.7,78.21,98.33
STU_04832,13,Female,High School,5.58,3.1,5.71,2.19,53.93,83.62
STU_04833,16,Female,High School,10.32,0,6.15,1.25,67.34,87.83
STU_04834,16,Female,High School,6.25,3.07,8.6,2.22,68.99,93.52
STU_04835,21,Male,College,1.95,1.44,8.62,1.24,72.58,99.58
STU_04836,23,Female,University,4.39,0.97,9.6,2.58,79.51,88.8
STU_04837,17,Female,High School,3.78,3.01,6.76,2.5,69.83,89.42
STU_04838,17,Male,High School,0,6.65,5.42,3.72,76.31,93.91
STU_04839,18,Female,College,4.64,5.13,3.76,3.01,88.14,81.82
STU_04840,13,Female,High School,2.82,2.48,7.56,1.33,67.66,73.25
STU_04841,13,Female,High School,6.35,3.03,4.52,0,54.45,79.31
STU_04842,21,Female,College,3.73,2.3,8.81,0.5,79.41,99.47
STU_04843,15,Male,High School,8.37,1.98,6.06,0.19,82.29,75.33
STU_04844,16,Male,High School,5.38,5.4,5.82,0.55,67.06,75.86
STU_04845,13,Female,High School,5.03,3.01,6.41,0.26,81.1,96.81
STU_04846,21,Female,College,9.41,3.45,6.04,2.25,72.01,69.16
STU_04847,20,Female,College,5.25,3.23,7.5,1.13,65.41,99.89
STU_04848,14,Male,High School,8.61,2.39,5.88,1.07,84.76,99.22
STU_04849,20,Male,College,1.67,0.62,7.39,1.05,77.56,89.02
STU_04850,19,Male,College,0,0.95,8.05,0.56,81.2,83.39
STU_04851,23,Male,University,5.06,3.07,6.68,1.75,83.24,84.9
STU_04852,18,Female,College,7.5,3.58,4.19,1.02,67.42,98.67
STU_04853,13,Female,High School,1.63,0.34,6.63,2.8,73.2,98.19
STU_04854,19,Male,College,3.4,1.26,8.19,2.79,78,97.81
STU_04855,22,Male,University,0.31,1.52,9.38,1.8,87.3,90.98
STU_04856,19,Male,College,4.42,0.81,8.69,1.41,78.69,86.27
STU_04857,25,Male,University,4.47,0,7.51,0.68,68.55,66.57
STU_04858,21,Female,College,6.02,0.13,6.09,2.58,76.3,76.39
STU_04859,13,Female,High School,3.25,2.42,8.43,2.37,79,98.67
STU_04860,14,Female,High School,3.84,3.52,6.17,1.87,72.72,87.82
STU_04861,23,Male,University,6.07,1.26,5.9,0.83,69,79.2
STU_04862,21,Female,College,5.04,3.32,6.95,1.59,67.45,83.03
STU_04863,25,Male,University,5.51,2.67,3.51,1.85,63.27,81.93
STU_04864,21,Female,College,6.63,3.75,6.17,0.07,56.21,70.51
STU_04865,25,Female,University,6.33,5.47,6.08,1.16,78.37,86.7
STU_04866,18,Female,College,9.78,0.92,5.77,0,57.97,90.73
STU_04867,18,Male,College,5.61,1.63,6.31,0.6,64.89,83.49
STU_04868,16,Male,High School,5.62,0.29,8.43,1.64,69.55,89.49
STU_04869,16,Female,High School,3.74,5.22,4.47,2.59,71.23,89.99
STU_04870,17,Male,High School,4.66,1.71,7.15,0.65,77,97.51
STU_04871,15,Male,High School,1.29,2.93,7.78,0,82.89,84.08
STU_04872,13,Female,High School,2.95,3.67,8.66,1.27,78.58,97.5
STU_04873,13,Male,High School,7.32,5.08,6.29,1.05,59.32,85.39
STU_04874,24,Female,University,0.62,0,8.03,0.46,75.99,88.63
STU_04875,25,Male,University,7.99,4.19,5.87,0.25,54.98,99.9
STU_04876,19,Female,College,3.75,0,7.32,1.08,88.14,94.35
STU_04877,13,Male,High School,2.23,0.45,7.14,2.43,77.96,98.84
STU_04878,13,Female,High School,3.81,2.1,5.28,0,74.8,82.21
STU_04879,15,Male,High School,5.98,2.46,6.71,0.82,67.26,91.54
STU_04880,22,Female,University,4.72,5.24,6.56,2.79,85.29,99.82
STU_04881,16,Female,High School,9.28,2.59,5.15,0.02,57.72,55.82
STU_04882,16,Male,High School,5.59,2.43,6.73,1.66,84.28,99.74
STU_04883,14,Male,High School,5.78,2.84,7.9,1.03,74.76,85.47
STU_04884,13,Male,High School,5.85,4.55,5.8,1.75,67.23,79.85
STU_04885,15,Male,High School,4.85,1.21,8.73,1.13,77.3,88.79
STU_04886,23,Female,University,3.89,0,8.71,1.59,85.96,95.14
STU_04887,16,Male,High School,4.76,2.67,5.62,2.22,75.13,87.95
STU_04888,15,Female,High School,5.07,2.65,5.81,1.86,55.89,98.14
STU_04889,20,Female,College,4.37,2.18,6.42,1.96,87.39,99.55
STU_04890,22,Male,University,7.64,5.45,4.28,1.89,69.98,88.95
STU_04891,13,Female,High School,7.38,4.02,4.87,0.6,57.96,77.22
STU_04892,14,Male,High School,1.54,0,4.64,0.13,73.84,93.55
STU_04893,25,Male,University,6.92,1.6,7.07,3.12,78.25,98.38
STU_04894,19,Male,College,4.45,3.4,7.38,1.58,72.61,69.76
STU_04895,16,Female,High School,3.74,3.26,4.74,2.59,63.04,96.63
STU_04896,20,Male,College,6.27,4.49,4.29,0,57.41,64.78
STU_04897,23,Female,University,5.21,5.22,6.11,3.09,83.98,97.65
STU_04898,25,Male,University,2.26,3.22,6.94,0.6,80.57,91.16
STU_04899,15,Non-binary,High School,6.52,3.6,7.67,1.24,78.19,85.68
STU_04900,18,Female,College,4.28,0.02,6.04,0.65,49.4,87.11
STU_04901,21,Male,College,6.48,1.27,5.6,0,61.84,65.38
STU_04902,13,Female,High School,4.46,1.51,6.82,1.42,71.73,81.71
STU_04903,13,Female,High School,6.51,0,7.95,2.88,68.47,98.69
STU_04904,20,Male,College,6.87,3.87,7.9,0.43,66.16,77.06
STU_04905,15,Male,High School,7.49,2.72,4.96,0.31,59.01,89.4
STU_04906,17,Male,High School,2.97,5.8,7.81,2.92,77.13,98.36
STU_04907,13,Female,High School,9.07,3.68,4.71,1.03,67.97,78.17
STU_04908,17,Female,High School,4.15,3.09,4.41,0.22,60.77,72.79
STU_04909,23,Male,University,1.51,5.31,7.01,0.65,67.85,78.95
STU_04910,18,Male,College,4.96,1.2,8.15,0.69,76.93,92.36
STU_04911,20,Female,College,4.05,0,6.62,2.09,75.16,97.83
STU_04912,25,Female,University,3.04,4.19,7.95,0,77.14,75.73
STU_04913,15,Female,High School,4.63,3.25,5.54,1.04,77.25,97.1
STU_04914,15,Non-binary,High School,6.38,2.26,6.49,1.12,82.19,90.82
STU_04915,24,Male,University,5.34,1.64,7.63,1.71,63.99,97.87
STU_04916,23,Male,University,7.83,1.19,6.61,1.34,59.51,70.77
STU_04917,23,Male,University,4.2,2.49,6.44,0.79,80.19,85.9
STU_04918,22,Female,University,5.56,2.88,5.69,0,68.91,90.33
STU_04919,21,Male,College,5.12,3.76,6.05,1.67,66.71,96.52
STU_04920,16,Male,High School,9.15,0,7.39,2.03,70.35,86.38
STU_04921,16,Female,High School,1.96,4.5,6.6,0.6,72.88,82.41
STU_04922,24,Male,University,3.09,2.14,4.81,0.3,67.68,93.83
STU_04923,19,Male,College,9.7,2.61,6.1,0.58,48.85,88.24
STU_04924,14,Female,High School,3.94,1.16,6.77,1.87,61.67,80.37
STU_04925,20,Male,College,0.57,3.34,7.54,1.36,82.84,91.44
STU_04926,18,Male,College,9.19,5.64,5.2,1.97,68.55,70.26
STU_04927,15,Female,High School,2.07,3.92,6.67,1.89,69.66,98.15
STU_04928,21,Male,College,4.75,1.7,7.65,1.33,75.22,91.83
STU_04929,17,Male,High School,7.19,0,9.14,0,75.57,86.64
STU_04930,20,Female,College,6.75,1.4,6.14,2.22,75.68,98.56
STU_04931,19,Male,College,2.31,1.51,8.19,0,87.64,72.07
STU_04932,20,Female,College,10.47,3.25,3.98,0,62.72,85.84
STU_04933,19,Male,College,5.82,1.32,6.41,0.32,80.48,99.65
STU_04934,15,Male,High School,4.4,1.09,6.41,2.45,84.75,87.67
STU_04935,14,Male,High School,2.01,1.86,5.59,1.47,60.69,85.53
STU_04936,19,Male,College,5.7,2.41,7.01,0.7,72.57,99.98
STU_04937,15,Male,High School,8.25,1.92,7.23,0.84,56.44,68.15
STU_04938,15,Male,High School,3.79,1.77,7.36,2.6,81.98,90.32
STU_04939,14,Female,High School,0.12,0.05,7.6,0,82.98,98.76
STU_04940,16,Male,High School,2.74,3.3,6.22,1.32,85.39,98.71
STU_04941,20,Non-binary,College,3.67,0.64,8.57,0.26,76.39,98.58
STU_04942,24,Male,University,0.69,4.14,7.46,0.79,82.64,97.99
STU_04943,13,Male,High School,5.81,4.5,5.67,2.32,74.73,97.93
STU_04944,13,Male,High School,6.34,0.28,8.74,0,77.24,99.16
STU_04945,24,Female,University,2.71,5.62,3.41,0.37,62.93,72.48
STU_04946,17,Female,High School,6.61,4.48,6.12,1.19,64.17,89.43
STU_04947,23,Female,University,2.21,2.8,7.21,0.45,74.65,80.05
STU_04948,17,Male,High School,1.17,0.72,9.8,2.93,89.04,99.3
STU_04949,23,Male,University,1.86,0,6.99,2.07,81.15,97.98
STU_04950,24,Female,University,2.43,2.51,6.19,0.66,67.09,89.99
STU_04951,13,Male,High School,6.47,2.73,6.83,2.64,57.03,86.29
STU_04952,18,Male,College,5.89,4.1,2.86,2.04,71.72,92.62
STU_04953,13,Male,High School,2.21,0,4.96,2.61,87.15,98.81
STU_04954,17,Male,High School,2.82,4.28,4.39,0.27,71.33,73.9
STU_04955,21,Male,College,8.92,4.53,5.51,1.9,43.34,97.86
STU_04956,24,Female,University,6.55,3.27,6.67,0,68.97,97.5
STU_04957,17,Female,High School,0.97,0.07,8.86,2.13,85.09,97.2
STU_04958,18,Female,College,7.82,2.09,6.69,0,61.33,64.34
STU_04959,20,Male,College,10.14,0.42,5.51,0,66.78,69.06
STU_04960,23,Female,University,4.44,0.14,6.8,0.96,84.39,88.72
STU_04961,13,Female,High School,3.74,0.4,7.53,1.03,73.24,90.03
STU_04962,14,Female,High School,3.43,2.89,7.51,1.26,76.56,91.03
STU_04963,21,Male,College,3.72,1.01,6.31,1.6,86.01,95.29
STU_04964,15,Non-binary,High School,6.42,2.08,7.17,1.16,85.39,96.82
STU_04965,18,Male,College,2.92,3.7,6.48,2.76,65.41,98.72
STU_04966,17,Female,High School,6.41,2.49,5.39,0.71,70.24,96.82
STU_04967,23,Male,University,4.5,1.78,6.59,0.9,62.95,74.02
STU_04968,14,Male,High School,3.03,2.24,8.11,0,74.98,89.01
STU_04969,19,Male,College,5.4,5.38,5.02,0.87,76.21,81.55
STU_04970,16,Female,High School,3.96,4.83,5.5,0,76.27,63.84
STU_04971,13,Male,High School,2.9,0,7.22,0.38,78.21,85.92
STU_04972,25,Female,University,4.43,1.63,7.91,0.32,74.99,99.9
STU_04973,16,Female,High School,4.46,2.53,5.87,1.19,77.36,99.76
STU_04974,18,Female,College,3.31,6.21,7.57,2.24,76.72,90.98
STU_04975,19,Female,College,2.46,2.17,8.06,0.16,77.01,96.96
STU_04976,19,Female,College,4.72,1.78,6.97,3.1,67.78,98.85
STU_04977,19,Female,College,5.02,2.07,7.97,1.72,76.98,89.7
STU_04978,15,Male,High School,5.5,2.29,5.82,0.09,71.58,92.6
STU_04979,18,Female,College,5.42,2.89,8.21,2.5,75.79,99.9
STU_04980,25,Female,University,7.8,3.16,7.81,0.64,58.56,82.71
STU_04981,20,Male,College,1.78,2.15,8.74,1.12,79.79,99.8
STU_04982,16,Female,High School,8.47,5.82,6.42,0,61.79,60.93
STU_04983,25,Male,University,1.16,2.56,5.56,2,80.35,93.65
STU_04984,20,Male,College,7.62,4.58,6.69,0,56.56,82.83
STU_04985,14,Male,High School,5.75,2.64,8.08,0,74.95,92.63
STU_04986,22,Male,University,3.21,1.75,3.72,0,77.29,69.46
STU_04987,21,Female,College,0,3.34,7.73,2.69,82.29,98.91
STU_04988,21,Female,College,0.76,0,7.88,0.91,84.51,99.54
STU_04989,20,Female,College,2.92,2.22,6.05,3.36,77.01,97.87
STU_04990,22,Non-binary,University,5.61,0,4.36,1.69,65.35,84.47
STU_04991,25,Male,University,3.16,0.29,6.45,2.3,85.64,99.86
STU_04992,22,Male,University,4.4,1.06,7.33,2.37,88.96,73.27
STU_04993,13,Female,High School,3.41,2.46,6,1.42,69.53,90.53
STU_04994,14,Female,High School,4.92,3.1,8.31,1.67,84.79,96.62
STU_04995,18,Male,College,1.04,0,7.38,2.74,84.47,94.52
STU_04996,22,Non-binary,University,3.84,1.6,6.93,1.83,63.3,98.78
STU_04997,17,Female,High School,5.82,1.87,6.12,0.17,65.88,81.22
STU_04998,24,Non-binary,University,10.82,6.2,4.91,0,80.34,87.85
STU_04999,21,Male,College,6.61,2.37,5.97,1.19,57.35,66.7
STU_05000,17,Male,High School,4.04,0.21,6.84,0,73.93,86.5
STU_05001,14,Female,High School,2.9,4.04,6.3,0.76,56.54,84.99
STU_05002,22,Female,University,5.64,2.01,5.77,0.57,64.23,76.86
STU_05003,16,Male,High School,2.4,3.84,7.56,0,77.92,83.23
STU_05004,21,Female,College,4.86,4.31,6.2,1.46,65.15,76.92
STU_05005,13,Female,High School,5.29,0.96,7.76,2.14,77.62,96.72
STU_05006,23,Male,University,4.01,1.76,6.84,1.67,85.7,98.8
STU_05007,13,Male,High School,6.93,1.82,5.32,0,66.79,74.77
STU_05008,24,Female,University,4.26,4.09,5.03,0.16,62.72,82.12
STU_05009,19,Male,College,3.38,5.42,6.42,2.4,71.24,99.78
STU_05010,23,Female,University,3.22,5.49,7.72,1.97,83.32,98.24
STU_05011,15,Male,High School,1.27,2.12,8.94,2.52,76.73,99.87
STU_05012,22,Female,University,0.95,5.26,9.07,0.72,85.47,93.14
STU_05013,14,Female,High School,6,3.17,7.58,0.9,81.76,93.69
STU_05014,21,Male,College,8.2,1.85,8.21,2.74,79.15,97.4
STU_05015,15,Female,High School,9.87,1.08,4.93,0,66.16,79.05
STU_05016,14,Male,High School,7.29,3.36,6.61,0.8,69,83.49
STU_05017,24,Male,University,5.8,5.38,5.17,1.28,78.26,79.63
STU_05018,20,Female,College,5.27,4.71,6.8,0.67,71.86,86.43
STU_05019,22,Non-binary,University,7.77,1.07,7.43,0.47,75,82.41
STU_05020,18,Male,College,3.58,3.12,6.07,4.38,68.76,98.37
STU_05021,18,Male,College,9,0.96,6.53,1.06,64.91,82.36
STU_05022,22,Male,University,4.4,2.88,6.66,1.87,63.5,99.25
STU_05023,23,Male,University,5.15,3.34,6.71,2.92,71.49,99.65
STU_05024,19,Male,College,4.56,3.06,6.32,0.09,79.74,93.54
STU_05025,19,Female,College,7.31,4.29,4.39,0.23,82.06,99.59
STU_05026,23,Male,University,4.47,1.21,8.43,0,81.51,96.95
STU_05027,25,Female,University,5.51,4.91,6.72,0.47,67.51,58.96
STU_05028,18,Male,College,1.45,1.83,7.85,1.34,72.22,97.96
STU_05029,16,Female,High School,4.02,0.45,8.52,1.28,84.33,91.92
STU_05030,23,Female,University,7.12,4.31,7.2,1.26,67.43,92.4
STU_05031,21,Female,College,2.39,3.32,4.97,1.19,84.7,72.77
STU_05032,18,Male,College,4.43,4.25,7.86,1.73,64.34,98.22
STU_05033,16,Female,High School,4.4,2.77,6.9,1.63,71.2,99.57
STU_05034,24,Female,University,3.04,0,7.21,0.24,73.81,78.48
STU_05035,15,Female,High School,7.05,0.99,7.03,1.78,72.48,89.82
STU_05036,16,Female,High School,5.74,2.71,6.83,2.52,68.43,88.17
STU_05037,15,Male,High School,6.76,2.39,5.4,2.56,73.34,88.28
STU_05038,14,Female,High School,7.13,5.74,4.38,1.13,61.63,80.24
STU_05039,17,Non-binary,High School,4.58,1.06,2.81,2.3,66.16,86.98
STU_05040,14,Female,High School,8.41,4.05,6.88,2.66,67.79,95.21
STU_05041,18,Female,College,1.46,3.55,9.52,2.29,80.32,99.84
STU_05042,15,Female,High School,4.12,0,6.25,0.73,82.65,86.03
STU_05043,18,Female,College,4.87,2.47,7.85,1.86,55.4,99.76
STU_05044,23,Female,University,0.15,2.7,6.15,1.85,76.46,82.66
STU_05045,22,Female,University,8.04,4.86,5.21,2.38,64.82,70.47
STU_05046,21,Male,College,2.33,0,8.66,1.85,68.28,98.54
STU_05047,13,Female,High School,4.67,3.89,5.49,1.26,74.32,79.74
STU_05048,18,Female,College,6.39,3.21,5.75,2.2,70.16,98.26
STU_05049,21,Male,College,10.3,4.87,5.04,1.39,73.82,92.3
STU_05050,23,Male,University,0.34,1.36,7.03,3.48,77.68,98.25
STU_05051,16,Female,High School,5.99,3.89,7.5,1.24,55.7,83.18
STU_05052,23,Female,University,3.81,0.5,5.45,3.35,83.03,94.85
STU_05053,24,Male,University,6.12,6.21,5.5,1.68,57.85,80.02
STU_05054,14,Female,High School,6.84,1.74,5.35,1.61,71.53,92.93
STU_05055,25,Female,University,5.55,0,4.24,0.35,71.62,71.88
STU_05056,16,Male,High School,4.7,0.94,7.1,0,80.11,70.62
STU_05057,13,Male,High School,1.86,4.24,6.62,3.42,68.99,91.84
STU_05058,15,Female,High School,2.04,2.44,3.47,1.13,71.63,81.28
STU_05059,22,Female,University,6.51,4.32,6.76,2.19,81.03,83.44
STU_05060,21,Male,College,2.35,5.35,7.15,0,56.24,98.44
STU_05061,22,Male,University,5.56,4.25,5.64,0.86,69.72,74.43
STU_05062,17,Male,High School,7.76,4.18,4.52,2.21,71.63,89.32
STU_05063,23,Female,University,1.26,0.71,7.21,2.54,83,99.44
STU_05064,18,Male,College,7.76,1.12,9.53,1.39,69.38,97.78
STU_05065,15,Female,High School,7.68,0.37,6.03,0.25,74.66,83.3
STU_05066,17,Male,High School,5.36,2.56,5.69,1.43,80.23,93.86
STU_05067,23,Female,University,2.96,5.97,5.94,0.87,69.36,95.67
STU_05068,20,Male,College,5.83,2.05,4.7,1.12,70.2,82.89
STU_05069,18,Female,College,4.06,5.66,7.85,0.73,85.69,94.56
STU_05070,16,Female,High School,2.73,0,5.83,0,79.87,79.91
STU_05071,14,Male,High School,4.85,1.69,4.88,0,67.28,89.16
STU_05072,21,Male,College,2.31,0.84,6.41,2.16,74.77,98.35
STU_05073,25,Female,University,1.54,3.29,8.67,1.39,79.92,99.9
STU_05074,24,Male,University,3.14,3.15,7.63,2.58,62.49,83.48
STU_05075,13,Female,High School,0.2,0,7.12,0.21,82.53,84.43
STU_05076,13,Male,High School,7.5,1,5.72,2.48,78.86,86.33
STU_05077,25,Male,University,5.79,4.58,5.44,1.72,59.95,76.98
STU_05078,16,Female,High School,2.35,4.24,6.01,0,71.72,81.45
STU_05079,19,Female,College,3.23,0.99,6.58,1.61,68.29,86.55
STU_05080,13,Female,High School,6.4,1.16,7.6,1.66,80.14,99.75
STU_05081,21,Male,College,7.68,2.28,5.11,0.81,77.97,83.97
STU_05082,16,Male,High School,4.77,0.92,9.1,3.42,85.95,96.94
STU_05083,15,Female,High School,3.85,3.23,7.96,1,79.68,95.74
STU_05084,13,Male,High School,0.42,2.14,9.83,0,85.63,87.78
STU_05085,22,Male,University,3.7,4.25,4.52,1.82,61.76,84.62
STU_05086,16,Male,High School,1.65,2.05,6.45,0.76,68.05,83.8
STU_05087,21,Male,College,1.58,4.1,7.25,1.47,69.25,98.88
STU_05088,25,Female,University,7.58,1.57,6.27,0.6,76.33,75.59
STU_05089,22,Female,University,4.21,1.61,7.68,2.09,82.62,98.46
STU_05090,18,Female,College,4.85,2.41,7.22,0,59.1,79.18
STU_05091,18,Female,College,5.52,0,5.41,2.24,60.76,94.21
STU_05092,13,Female,High School,4.05,2.37,5.82,1.64,74.33,77.48
STU_05093,22,Female,University,4.67,4.47,6.24,2,63.74,83.29
STU_05094,14,Female,High School,4.55,0.44,4.92,0,70.88,73.82
STU_05095,23,Male,University,3.43,4.29,6.11,3.11,78.25,97.59
STU_05096,18,Male,College,5.18,2.64,7.02,0,77.97,88.83
STU_05097,14,Female,High School,4.28,2.82,8.16,2.4,81.93,96.77
STU_05098,15,Male,High School,4.72,3.23,6.83,0,73.62,92.5
STU_05099,16,Male,High School,4.51,1.97,3.41,0.49,76.29,93.69
STU_05100,23,Female,University,9.39,3.13,5.79,1.2,56.94,76.2
STU_05101,17,Female,High School,6.97,2.08,7.56,0.48,81.39,99.9
STU_05102,21,Female,College,6.44,1.44,4.38,0.86,78.78,60.04
STU_05103,24,Male,University,5.68,4.62,6.02,0,45.5,77.65
STU_05104,16,Non-binary,High School,5.57,0.26,7.93,2.38,78.69,89.51
STU_05105,25,Female,University,3.79,1.61,6.68,1.25,77.04,87.36
STU_05106,23,Female,University,7.3,3.99,5.68,2.78,62.11,85.77
STU_05107,21,Male,College,5.32,0.85,8.21,2.7,86.51,99.73
STU_05108,23,Male,University,5.96,2.19,6.3,0.03,61.91,56.81
STU_05109,22,Male,University,3.77,0.03,6.81,1.32,79.45,89.16
STU_05110,15,Male,High School,2.32,1.74,6.79,1.91,81.54,95.37
STU_05111,20,Male,College,7.34,0,7.83,1.11,66.02,66.95
STU_05112,24,Male,University,4.82,1.2,6.7,0.51,54.52,91.59
STU_05113,13,Female,High School,3.3,2.8,6.51,1.25,63.86,82.73
STU_05114,23,Female,University,5.36,2.4,6.11,0,77.14,81.25
STU_05115,21,Female,College,4.24,4.47,4.07,1.88,65.84,99.11
STU_05116,21,Male,College,8.37,3.79,6.45,1.44,59.79,89.08
STU_05117,22,Male,University,3.61,1.84,6.75,0,67.09,81.73
STU_05118,14,Male,High School,5.62,4.21,6.48,3.97,78.44,96.59
STU_05119,16,Male,High School,7.22,2.25,5.18,1.25,58.4,82.69
STU_05120,25,Male,University,6.14,1.27,5.04,0.27,66.88,79.63
STU_05121,20,Female,College,5.86,0.27,5.78,0.26,70.03,71.42
STU_05122,19,Female,College,3.23,5.13,4.26,2.97,67.77,93.52
STU_05123,13,Female,High School,4.79,4.8,5.54,0,51.48,84.55
STU_05124,17,Female,High School,5.65,2.14,9.61,1.35,73.02,84.27
STU_05125,19,Female,College,4.92,2.35,7.16,2.82,78.2,99.23
STU_05126,16,Female,High School,8.2,2.08,6.3,0,68.04,75.32
STU_05127,13,Female,High School,4.09,0,5.63,0.23,61.53,97.53
STU_05128,21,Female,College,4.58,2.3,5.47,1.12,72.47,93.47
STU_05129,17,Female,High School,10.96,0,5.58,0.94,67.28,76.15
STU_05130,23,Female,University,6.58,0.37,3.71,1.89,62.06,83.98
STU_05131,14,Male,High School,2.08,2.48,7.21,0.63,61.44,81.4
STU_05132,20,Female,College,5.74,3.96,5.61,1.01,67.66,74.68
STU_05133,23,Female,University,6.48,0,9.83,3.69,83.06,99.84
STU_05134,25,Female,University,2.5,2.21,8.63,1.89,77.22,91.69
STU_05135,14,Male,High School,3.75,2.37,7.49,0,83,88.2
STU_05136,15,Male,High School,1.52,2.21,6.47,0.62,69.78,90.84
STU_05137,22,Female,University,5.23,3.09,8.4,0,75.86,88.44
STU_05138,13,Female,High School,0.45,3.89,5.71,1.8,71.16,87.19
STU_05139,23,Male,University,2.53,2.58,7.69,0.24,77.22,91.1
STU_05140,14,Female,High School,1.04,5.27,6.14,0,81.9,83.75
STU_05141,19,Female,College,5.32,2.11,7.06,0,57.04,75.53
STU_05142,22,Male,University,3.65,0.67,6.62,3.33,75.23,97.91
STU_05143,14,Female,High School,5.49,5.76,4.72,1.6,62.81,98.37
STU_05144,18,Male,College,0,6.9,6.63,0.14,78.89,71.35
STU_05145,15,Female,High School,2.55,3.58,8.04,0.77,84.95,96.39
STU_05146,16,Female,High School,6.47,0,9.05,1.51,79.16,99.55
STU_05147,23,Female,University,1.62,2.98,8.47,0.78,82.27,98.02
STU_05148,25,Female,University,7.06,1.25,5.95,1.48,62.64,98.33
STU_05149,20,Male,College,4.12,5.18,5.09,1.09,71.04,72.94
STU_05150,15,Female,High School,2.41,2.48,6.62,2.05,79.89,99.09
STU_05151,22,Female,University,2.57,1.28,9.95,1.45,81.63,85.17
STU_05152,18,Female,College,5.04,3.11,4.87,0.59,66.55,76.28
STU_05153,13,Male,High School,9.99,4.82,5.49,1.08,74.09,77.74
STU_05154,19,Male,College,11.29,1.03,4.48,0,62.82,60.59
STU_05155,20,Female,College,1.16,3.89,4.29,1.03,77.27,80.79
STU_05156,23,Female,University,6.18,0,9.12,1.16,72.64,94.43
STU_05157,20,Male,College,8.67,2.34,6.07,0.47,47.44,75.03
STU_05158,15,Non-binary,High School,1.39,0.02,7.98,2.51,77.34,96.31
STU_05159,22,Female,University,2.94,0.97,7.09,2.63,81.81,88.62
STU_05160,13,Female,High School,5.23,4.64,7.26,0,85.54,81.59
STU_05161,21,Female,College,4.6,1.87,7.86,1.73,74.39,98.58
STU_05162,25,Female,University,1.04,1.19,6.2,2.16,62.35,97.44
STU_05163,18,Female,College,6.13,4.44,8.25,3.19,78.23,94.31
STU_05164,23,Male,University,5.59,3.54,8.16,3.68,80.75,99.86
STU_05165,21,Female,College,6.85,0,7.09,1.17,76.56,67.19
STU_05166,19,Female,College,5.83,2.37,5.25,1.08,61.87,89.12
STU_05167,13,Female,High School,5.82,2.61,5.22,1,72.12,89.24
STU_05168,24,Female,University,4.57,3.91,4.79,0.51,59.75,88.4
STU_05169,24,Male,University,7.52,1.99,6.17,1.48,64.1,69.88
STU_05170,13,Male,High School,1.18,6,7.94,0,82.28,73.96
STU_05171,18,Female,College,1.75,3.02,7.49,2.18,74.28,89.46
STU_05172,17,Male,High School,7.24,0,5.84,1.08,76.56,84.05
STU_05173,21,Female,College,3.79,1.83,5.19,2.62,80.56,85.22
STU_05174,14,Male,High School,2.23,4.46,8.27,0.54,84.16,98.66
STU_05175,20,Male,College,6.61,1.97,5.5,0.43,65.39,93.31
STU_05176,23,Male,University,6.19,2.7,4.25,3.03,86.99,81.22
STU_05177,17,Female,High School,0,2.44,7.59,0,59.49,97.65
STU_05178,14,Female,High School,6.21,0,6.18,3.13,75.22,98.45
STU_05179,25,Female,University,2.92,1.77,7.85,0,59.93,67.11
STU_05180,22,Female,University,5.73,1.68,5.82,2.68,70.01,95.03
STU_05181,23,Male,University,4.3,5.47,6.41,0.89,87.87,92.57
STU_05182,23,Male,University,6.03,4.89,6.16,0.6,79.01,71.09
STU_05183,24,Female,University,4.47,0.37,6.46,2.84,68.23,92.38
STU_05184,18,Female,College,1.38,0,6.41,2.17,74.84,84.06
STU_05185,22,Male,University,0.48,3.79,8.24,4.01,80.16,98.4
STU_05186,20,Female,College,1.13,2.52,7.49,5,77.64,98.88
STU_05187,16,Female,High School,1.72,2.81,7.03,0.2,74.89,99.55
STU_05188,14,Male,High School,5.6,0.41,6.55,1.53,73.05,89.42
STU_05189,24,Male,University,6.9,2.38,6.17,0.92,70.6,86.94
STU_05190,23,Female,University,3.72,1.26,5.91,1.22,82.11,71.23
STU_05191,17,Male,High School,2.26,0.45,6.03,0.41,73.22,99.36
STU_05192,24,Male,University,4.58,1.87,6.78,0,66.27,93.46
STU_05193,14,Female,High School,0,2.17,7.9,1.29,77.58,98.37
STU_05194,14,Male,High School,6.05,0.29,7.18,1.6,82.81,99.1
STU_05195,18,Female,College,4.32,1.81,7.9,0.38,78.33,95.4
STU_05196,23,Male,University,4.68,1.24,7.65,2.75,74.07,92.79
STU_05197,22,Female,University,3.16,2.15,6.32,2.78,83.32,99.45
STU_05198,21,Female,College,2.94,1.75,9.97,1.01,84.67,98.79
STU_05199,25,Male,University,0.38,5.5,8.99,0.81,76.22,97.67
STU_05200,16,Male,High School,6.67,2.91,5.04,2.97,71.34,96.31
STU_05201,18,Female,College,1.35,1.62,7.47,1.9,69.53,87.67
STU_05202,19,Female,College,2.7,4.29,5.78,0.19,58.16,87.14
STU_05203,25,Female,University,2.13,0,6.23,1.38,77.42,88.96
STU_05204,23,Male,University,6.58,3.51,5.81,2.18,72.04,98
STU_05205,18,Female,College,3.04,2.87,8.21,2.67,84.69,97.51
STU_05206,20,Female,College,6.91,3.03,4.82,1.19,84.92,75.27
STU_05207,16,Female,High School,5.96,1.56,9.28,1.1,68.76,83.96
STU_05208,24,Female,University,2.14,4.01,7.5,2.13,82.27,90.59
STU_05209,13,Male,High School,4.25,3.12,4.99,0.55,78.04,74.45
STU_05210,19,Female,College,0.26,4.06,7.79,4.13,74.86,92.67
STU_05211,15,Male,High School,5.5,0.92,5.97,0.42,70.02,88.35
STU_05212,18,Male,College,2.86,4.5,5.96,1.15,65.37,97.91
STU_05213,14,Female,High School,1.86,1.55,8.28,0.96,67.64,98.14
STU_05214,21,Non-binary,College,3.82,0,6.99,2.33,76.1,97.9
STU_05215,13,Male,High School,3.34,5.79,6.04,4.61,80.62,97.8
STU_05216,18,Female,College,5.21,3.99,6.66,2.76,84.86,86.73
STU_05217,18,Male,College,9.25,5.96,4.08,0.27,54.3,71.2
STU_05218,17,Female,High School,7.81,2.46,6.12,1.43,66.84,97.94
STU_05219,25,Female,University,1.52,4.28,9.09,2.1,77.57,98.79
STU_05220,17,Male,High School,8.34,4.73,3.55,0.79,55.24,72.9
STU_05221,13,Male,High School,4.62,1.88,7.01,0.22,77.96,66.89
STU_05222,22,Male,University,0,0,7.84,3.39,81.54,98.85
STU_05223,24,Male,University,3.93,3.25,6.41,2.61,78.43,96.99
STU_05224,17,Male,High School,0.6,3.01,3.97,3.59,78.66,98.19
STU_05225,14,Female,High School,3.4,3.09,6.1,3.38,86.8,96.72
STU_05226,19,Male,College,9.27,2.5,6.58,3.57,80.34,96
STU_05227,15,Female,High School,1.22,1.57,8.98,2.15,81.12,97.74
STU_05228,25,Male,University,1.15,1.4,6.5,1.83,83.67,99.49
STU_05229,16,Female,High School,4.25,3.74,5.02,1.59,80.56,95.29
STU_05230,15,Male,High School,2.46,0,7.85,1.22,69.65,91.99
STU_05231,15,Male,High School,3.86,0,7.77,3.2,76.05,96.91
STU_05232,16,Female,High School,4.77,0,6.12,0.02,73.32,90.67
STU_05233,17,Male,High School,0.8,0,8.31,2.54,84.29,99.81
STU_05234,13,Female,High School,5.07,2.24,5.37,0.07,65.33,94.39
STU_05235,16,Female,High School,2.6,3.51,6.89,0,78.01,81.54
STU_05236,24,Female,University,7.18,3.44,6.37,0,68.4,93.55
STU_05237,24,Male,University,2.32,0.31,5.96,2.65,67.96,98.25
STU_05238,23,Male,University,2.72,0,7.11,0,82.27,77.82
STU_05239,20,Female,College,2.17,2.8,6.6,0.46,65.46,81.52
STU_05240,22,Female,University,3.46,3.42,4.91,0.52,74.34,75.85
STU_05241,19,Male,College,0.9,3.54,6.19,0,76.03,88.5
STU_05242,21,Male,College,5.81,0,6.63,0,77.77,75.21
STU_05243,17,Male,High School,3.18,3.99,7.18,1.56,75.89,98.12
STU_05244,25,Female,University,6.53,2.83,5.85,1.19,62.83,83.19
STU_05245,22,Male,University,4.65,0.71,7.57,1.72,86.23,83.64
STU_05246,16,Female,High School,8.78,1.37,7.2,2.62,68.74,99.96
STU_05247,20,Male,College,3.85,0.9,6.81,0,47.89,62.04
STU_05248,21,Male,College,3.61,1.04,9.43,4.07,86.07,96.93
STU_05249,25,Male,University,5.97,4.47,7.3,0.21,58.74,72.07
STU_05250,19,Female,College,0,3.44,7.34,1.42,71.9,97.99
STU_05251,19,Male,College,3.3,0.5,6.11,0.67,72.72,91.65
STU_05252,17,Male,High School,4.28,1.69,7.56,0.7,79.18,91.4
STU_05253,16,Male,High School,6.31,3.58,5.82,0,65.55,76.47
STU_05254,22,Male,University,6.83,0,5.76,0.64,71.58,98.04
STU_05255,13,Male,High School,7.3,3.58,4.68,1.29,64.28,87.75
STU_05256,22,Female,University,3.76,6.06,5.84,1.1,68.15,84.37
STU_05257,22,Female,University,2.66,3.07,5.15,0.64,74.57,83.54
STU_05258,19,Male,College,4.65,2.17,8.56,1.6,67.85,93.24
STU_05259,13,Female,High School,3.83,0,7.09,0.89,66.65,99.89
STU_05260,13,Male,High School,0.31,0,6.41,3.08,82.26,99.64
STU_05261,17,Male,High School,4.91,1.58,6.83,1.62,78.52,92.69
STU_05262,25,Non-binary,University,2.21,3.39,6.96,2.02,75.04,72.55
STU_05263,21,Female,College,3.93,2.21,8.84,3.35,88.57,94.38
STU_05264,18,Non-binary,College,3.78,4.71,7.66,1.38,82.9,85.54
STU_05265,15,Male,High School,9.85,3.16,4.73,0.79,66.6,63.49
STU_05266,25,Male,University,6.75,1.06,5.27,1.82,55.84,87.22
STU_05267,15,Female,High School,6.1,4.76,7.35,1.28,74.5,92.34
STU_05268,19,Female,College,6.93,3.56,5.83,0,55.88,78.5
STU_05269,18,Male,College,3.63,0,5.12,1.13,78.45,93.69
STU_05270,21,Female,College,1.39,0.71,6.76,0.66,78.15,83.78
STU_05271,18,Female,College,0,1.62,7.14,2.26,74.54,84.1
STU_05272,17,Male,High School,5.85,5.68,6.98,0,56.27,78.92
STU_05273,22,Female,University,5.88,3.83,6.34,1.47,82.7,81.19
STU_05274,19,Female,College,2.6,0.64,6.07,0,70.98,78.22
STU_05275,13,Male,High School,2.91,8.2,6.79,1.15,70.37,72.59
STU_05276,24,Non-binary,University,2.5,3.91,6.89,2.47,84.25,91.37
STU_05277,19,Male,College,2.5,0.36,3.74,0.86,77.87,99.36
STU_05278,15,Male,High School,3.24,1.96,7.42,2.4,79.19,75.73
STU_05279,21,Female,College,5.34,1.57,5.31,1.07,82.01,77.14
STU_05280,18,Non-binary,College,7.16,0.99,5.96,2.67,77.73,98.91
STU_05281,21,Female,College,4.44,4.85,5.7,4.26,80.45,96.17
STU_05282,25,Female,University,7.67,2.27,3.4,3.07,64.09,88.6
STU_05283,17,Female,High School,10.43,4.17,5.98,0.54,69.88,73.77
STU_05284,19,Female,College,5.5,2.28,4.74,1.1,54.48,88.18
STU_05285,25,Male,University,4.35,1.85,6.18,0.05,79.18,88.31
STU_05286,16,Female,High School,0,1.42,7,2.91,77,98.29
STU_05287,19,Female,College,6.01,2.53,4.31,2.74,67.54,74.04
STU_05288,25,Male,University,4.66,1.1,7.81,0.42,77.24,68.32
STU_05289,13,Female,High School,4.72,2.45,6.08,1.62,67.12,82.92
STU_05290,19,Female,College,3.94,1.47,6.39,0.03,74.12,95.24
STU_05291,20,Female,College,3.41,0.08,7.18,0,68.18,67.04
STU_05292,17,Male,High School,2,1.85,6.58,3.28,82.13,99.72
STU_05293,14,Female,High School,6.52,0,5.4,0,55.25,80.93
STU_05294,17,Male,High School,0,4.94,5.62,3.09,83.09,93.64
STU_05295,18,Male,College,5.61,3.4,8.45,0.56,46.92,85.55
STU_05296,24,Female,University,0.71,1.66,7.18,1.16,73.95,98.17
STU_05297,14,Female,High School,7.7,0,5.41,1.48,74.46,70.54
STU_05298,18,Male,College,3.67,2.53,7.1,1.32,60.15,98.81
STU_05299,18,Male,College,5.9,2.91,7.41,1.79,69.3,94.5
STU_05300,13,Female,High School,4.98,3.25,9.77,0,85.13,87.88
STU_05301,13,Non-binary,High School,7.49,1.11,6.24,0.84,65.12,74.31
STU_05302,23,Female,University,9.11,2.88,5.23,0.96,61.92,89.71
STU_05303,22,Female,University,7.4,5.94,3,0.75,58.1,93.24
STU_05304,15,Male,High School,6.05,1.56,6.34,0.54,69.53,89.19
STU_05305,22,Male,University,3.79,4.36,5.81,2.63,79.71,98.62
STU_05306,22,Male,University,5.71,2.47,6.51,1.38,66.94,79.97
STU_05307,24,Male,University,7.07,2.24,6.3,0.23,61.08,64.92
STU_05308,15,Male,High School,3.53,2.73,8.16,0.29,88.19,89.23
STU_05309,16,Male,High School,4.67,1.53,6.89,0,76.43,86.14
STU_05310,14,Female,High School,2.59,2.75,6.95,0.94,76.58,92.75
STU_05311,21,Male,College,6.67,4.24,6.29,1.01,80.07,86.96
STU_05312,22,Female,University,5.75,4.12,5.84,0,85.48,88.22
STU_05313,24,Female,University,1.32,4.57,8.53,1.81,80.03,98.34
STU_05314,23,Female,University,5.34,1.38,7.05,0.21,70.31,85.07
STU_05315,19,Female,College,4.01,2.6,7.56,0,75.01,88.12
STU_05316,19,Female,College,4.82,6.42,5.84,0.21,72.81,91.99
STU_05317,18,Male,College,2.75,0.75,5.72,0.81,73.18,91.38
STU_05318,15,Male,High School,7.79,2.3,4.92,0,59.13,71.86
STU_05319,18,Male,College,2.86,0.32,8.84,1.68,63.88,98.96
STU_05320,24,Male,University,9.78,2.69,7.98,1.55,77.1,86.49
STU_05321,20,Female,College,4.87,4.38,5.42,1.74,86.52,93.4
STU_05322,20,Female,College,3.77,5.59,5.06,0.02,66.25,99.8
STU_05323,23,Female,University,5.62,0.7,7.52,0.5,67.81,88.25
STU_05324,25,Male,University,5.27,1.01,6.03,0.03,66.05,85.57
STU_05325,21,Non-binary,College,9.45,5.34,3.63,3.35,63.97,81.99
STU_05326,13,Male,High School,5.66,0,5.15,0.34,75.59,72.56
STU_05327,13,Female,High School,0,1.35,7.28,4.47,80.29,99.04
STU_05328,15,Male,High School,2.91,4.25,9.37,0.2,79.86,90.51
STU_05329,15,Male,High School,6.53,0,8.56,1.16,68.91,97.03
STU_05330,22,Male,University,4.07,0.61,6.11,1.25,69.99,88.68
STU_05331,20,Female,College,3.24,4.77,4.85,1.26,81.65,92.88
STU_05332,22,Male,University,2.82,0,6.55,2.37,82.04,97.79
STU_05333,13,Male,High School,2.2,0,6.97,0.84,63.09,77
STU_05334,25,Female,University,5.14,4.01,6.44,3.02,67.43,75.85
STU_05335,14,Female,High School,2.84,5.42,5.77,0.48,71.16,87.61
STU_05336,14,Male,High School,7.86,5.08,5.1,0,64.44,88.78
STU_05337,15,Female,High School,2.43,0,7.86,0.13,84.74,71.06
STU_05338,25,Male,University,1.24,5.13,6.37,0.26,73.06,90.26
STU_05339,18,Male,College,4.45,2.64,6.24,2.19,75.94,98.2
STU_05340,13,Male,High School,0,1.05,7.7,1.78,85.35,97.28
STU_05341,14,Male,High School,0,0.81,8.37,2.39,81.99,99.57
STU_05342,25,Female,University,6.06,3.76,6.45,0,71.91,89.88
STU_05343,25,Female,University,4.64,3.29,7.18,2.03,75.24,86.86
STU_05344,13,Male,High School,0,5.03,8.87,3.82,85.67,97.45
STU_05345,17,Female,High School,4.73,1.37,6.27,1.08,66.88,81.95
STU_05346,25,Female,University,3.77,1.62,7.62,0.1,73.93,97.33
STU_05347,25,Male,University,0.69,3.95,5.99,0.67,66.4,98.44
STU_05348,19,Male,College,6.33,1.07,6.44,0,74.51,72.62
STU_05349,20,Female,College,8.3,3.98,5.23,0,62.19,78.01
STU_05350,22,Female,University,9.31,0.49,6.24,2.61,54.61,98.3
STU_05351,13,Female,High School,5.12,5.94,6.98,3.96,82.66,97.25
STU_05352,19,Female,College,4.56,6.09,5.16,0.81,62.64,97.83
STU_05353,25,Male,University,8.94,1.18,7.45,0.68,80.53,71.44
STU_05354,17,Female,High School,5.13,2.61,6.22,0.77,78.38,93.97
STU_05355,22,Male,University,3.65,2.72,6.69,0,70.69,69.48
STU_05356,13,Female,High School,2.86,2.26,5.98,0.68,73.04,95.84
STU_05357,15,Female,High School,5.88,0.7,4.77,0.87,76.43,67
STU_05358,19,Male,College,0.41,2.69,6.41,0,71.52,64.38
STU_05359,22,Male,University,7.4,0,7.16,0,62.46,97.78
STU_05360,13,Female,High School,1.02,5.27,5.55,2.25,67.13,99.25
STU_05361,19,Male,College,2.38,5.38,7.24,2.24,72.91,98.62
STU_05362,17,Female,High School,5.27,4.93,4.78,1.59,70.9,98.23
STU_05363,13,Female,High School,8.86,5.05,3.99,0.3,68.88,70.17
STU_05364,13,Female,High School,3.83,3.84,5.82,0.34,60.58,90.43
STU_05365,13,Male,High School,1.87,0.86,6.43,0.44,64.87,89.44
STU_05366,23,Female,University,7.17,0.14,7.88,0.57,82.57,94.49
STU_05367,21,Female,College,3.4,0.57,8.07,0,67.18,87.87
STU_05368,23,Non-binary,University,0.3,3.31,6.47,2.07,79.48,99.8
STU_05369,25,Female,University,6.02,0.09,7.81,2.07,85.14,97.85
STU_05370,15,Non-binary,High School,3.94,2.81,6.78,2.7,85.39,93.42
STU_05371,25,Female,University,3.89,3.5,5.12,2.99,73.36,93.44
STU_05372,17,Male,High School,6.34,2.17,5.97,0,60.43,75.84
STU_05373,23,Female,University,6.57,2.57,5.49,2.52,75.82,71.73
STU_05374,22,Male,University,2.62,7.19,7.1,1.66,74.49,97.84
STU_05375,24,Male,University,4.81,2.44,5.34,0,62.28,92.64
STU_05376,21,Male,College,0.6,3.23,6.63,0.66,85.62,90.6
STU_05377,18,Female,College,3.86,4.62,6.89,0.71,69.19,86.58
STU_05378,24,Female,University,2.31,4.13,6.53,0.01,79.09,84.3
STU_05379,21,Female,College,3.97,4,7.41,0.78,65.39,74.8
STU_05380,20,Male,College,3.48,2.99,6.92,0.76,60.58,87.44
STU_05381,20,Male,College,4.05,3,5.21,0,83.84,98.23
STU_05382,13,Male,High School,0.32,0,8.02,1.82,75.69,94.21
STU_05383,25,Female,University,1.21,5.62,8.36,2.88,76.8,98.39
STU_05384,21,Male,College,3.96,1.43,6.8,0.88,52.93,79.31
STU_05385,18,Male,College,8.24,4.08,6.23,1.02,80.97,97.51
STU_05386,21,Male,College,6.33,2.08,5.11,0.41,64.98,92.61
STU_05387,15,Female,High School,5.58,8.11,4.94,1.73,80.09,83.53
STU_05388,24,Female,University,3.01,1.01,8.97,2.36,78.44,97.67
STU_05389,15,Female,High School,2.14,6.76,7.98,0.93,72.49,96.8
STU_05390,18,Male,College,6.06,2.27,6.55,0.63,71.22,97.34
STU_05391,21,Male,College,1.59,3.81,6.97,2.34,76.98,97.42
STU_05392,19,Male,College,8.58,2.53,6.69,0.62,74.62,72.8
STU_05393,25,Male,University,4.39,5.35,5.06,0,68.94,69.56
STU_05394,15,Male,High School,9.54,2.73,7.22,0.47,66.43,78.13
STU_05395,15,Male,High School,8.76,3.08,6.78,0.76,70.47,85.18
STU_05396,14,Male,High School,5.55,2.69,6.01,0.23,71.05,93.24
STU_05397,21,Male,College,5.45,3.52,6.24,1,48.73,74.36
STU_05398,25,Male,University,2.89,0.83,6.86,2.56,83.09,97
STU_05399,15,Female,High School,7.81,0,5.78,0.05,69.41,69.47
STU_05400,23,Non-binary,University,3.55,3.33,6.32,0.49,73.43,89.23
STU_05401,17,Female,High School,0.28,6.34,7.62,1.77,80.91,79.1
STU_05402,21,Male,College,7.38,1.76,6.55,1.05,70.45,89.01
STU_05403,20,Male,College,5.86,3.88,6.15,0.72,75.26,97.19
STU_05404,14,Female,High School,3.21,0,8,0.14,72.07,96.17
STU_05405,15,Male,High School,5.16,1.5,8.05,0.31,77.17,88.86
STU_05406,14,Female,High School,4.58,2.59,5.62,4.03,75.68,97.95
STU_05407,20,Female,College,8.2,2.45,8.08,0,75.27,92.65
STU_05408,18,Female,College,1.98,4.51,7.97,0.56,79.77,87.12
STU_05409,18,Female,College,8.23,0,7.83,1.4,75.03,81.43
STU_05410,24,Female,University,7.14,2,8.83,4.03,83.28,98.92
STU_05411,21,Female,College,2.9,1.37,7.96,1.25,85.31,91.65
STU_05412,20,Male,College,5.55,0.86,4.59,1.34,72.75,96.03
STU_05413,16,Male,High School,5.87,1.18,5.51,0,66.73,94.93
STU_05414,24,Male,University,11.95,2.99,3.82,0,54.73,74.17
STU_05415,16,Male,High School,2.55,2.76,8.55,1.43,78.77,98.5
STU_05416,21,Male,College,0,2.15,8.92,2.28,81.6,98.09
STU_05417,13,Male,High School,0,0.07,9.65,0.77,87.19,99.22
STU_05418,25,Female,University,5.03,2.02,7.49,0.18,67.26,82.05
STU_05419,14,Male,High School,7.06,4.53,8.03,0,57.2,66.72
STU_05420,14,Male,High School,2.28,0,5.25,2.48,89.45,96.4
STU_05421,25,Male,University,4.02,1.22,6.73,1.68,68.19,88.83
STU_05422,25,Female,University,3.39,0.44,5.85,2.4,77.73,99.35
STU_05423,18,Male,College,1.64,0.51,5.26,1.42,78.38,97.29
STU_05424,16,Non-binary,High School,6.01,2.06,8.54,2,68.69,92.18
STU_05425,25,Female,University,0.13,1.35,5.91,1.01,75.42,78.32
STU_05426,23,Female,University,6.1,0.96,6.3,0.31,59.15,72.26
STU_05427,22,Male,University,3.42,2.53,7.32,0.74,67.2,99.25
STU_05428,25,Female,University,6.96,0,5.48,0.31,65.53,61.31
STU_05429,15,Female,High School,4.93,6.09,3.93,1.76,52.15,88.25
STU_05430,15,Male,High School,0.62,1.48,7.44,0,74.65,82.41
STU_05431,15,Male,High School,5.28,1.82,5.89,1,76.26,80.42
STU_05432,18,Male,College,3.54,1.88,9.04,0,70.84,90.54
STU_05433,20,Non-binary,College,7.23,0.76,6.7,2.39,70.43,98.4
STU_05434,23,Male,University,6.32,4.75,6.79,1.74,76.9,97.47
STU_05435,19,Female,College,7.36,2.96,2.48,0,80.26,62.66
STU_05436,16,Male,High School,3.64,0,7.52,1.58,69.74,97.94
STU_05437,23,Female,University,2.21,0.27,7.01,1.8,83.39,96.76
STU_05438,24,Female,University,4.46,1.34,8.45,0,68.1,81.37
STU_05439,16,Male,High School,6.33,3.64,5.36,1.16,73.52,93.69
STU_05440,23,Male,University,2.1,4.64,7.34,2,86.37,98.44
STU_05441,22,Male,University,5.27,2.25,5.21,1.51,72.68,87.47
STU_05442,23,Male,University,5.44,5.36,4.39,2.02,66.32,87.21
STU_05443,23,Female,University,7.94,3.89,5.28,0,59.38,84.76
STU_05444,23,Male,University,1.89,6.36,6.12,2.21,72.8,97.67
STU_05445,14,Female,High School,5.73,1.49,5.2,2.73,75.8,81.36
STU_05446,13,Male,High School,3.27,1.77,6.52,1.16,66.45,87.9
STU_05447,21,Male,College,2.61,2.88,7.24,1.08,83.16,77.14
STU_05448,24,Female,University,9.36,1.17,7.05,0.82,76.16,86.61
STU_05449,24,Female,University,5.61,3.91,3.85,0,79.21,75.44
STU_05450,14,Male,High School,8.34,0.27,6.29,1.52,70.24,72.04
STU_05451,25,Female,University,2.63,0,4.67,0.83,77,88.23
STU_05452,20,Male,College,8.69,2.4,7.71,1.32,76.35,72.59
STU_05453,21,Female,College,3.48,5.16,7.9,2.49,75.01,91.14
STU_05454,16,Male,High School,6.49,3.39,6.04,0.92,77.08,90.29
STU_05455,20,Male,College,2.14,3.97,5.75,2.17,72.51,93.17
STU_05456,21,Female,College,1.82,5.5,6.56,0,56.6,86.82
STU_05457,22,Male,University,4.43,3.28,4.98,0.93,66.89,98.38
STU_05458,22,Male,University,8.37,1.88,8.09,1.4,56.27,97.47
STU_05459,17,Male,High School,7.66,5.12,4.58,0,54.1,86.58
STU_05460,25,Female,University,4.85,4.24,7.19,2.83,79.48,89.12
STU_05461,19,Female,College,3.69,1.18,6.06,2.15,75.16,90.14
STU_05462,22,Female,University,5.3,0.97,7.23,0.37,71.44,73.79
STU_05463,16,Female,High School,1.87,2.41,6.64,1.32,81.11,94.64
STU_05464,13,Female,High School,4.85,4.12,7.24,1.09,63.62,92.47
STU_05465,15,Male,High School,4.62,0.75,8.06,0.65,83.87,86.23
STU_05466,17,Male,High School,4.63,2.74,6.1,0,78.91,92.85
STU_05467,15,Female,High School,5.66,4.13,6.56,0.3,70.86,86.84
STU_05468,24,Male,University,6.48,2.06,8.64,1.82,79.41,96.18
STU_05469,25,Male,University,0,3.01,7.22,1.63,76.56,99.06
STU_05470,23,Female,University,2.42,3.38,7.48,2.37,82.96,97.48
STU_05471,19,Female,College,2.86,3.86,7.63,0.09,67.39,93.53
STU_05472,24,Male,University,4.1,2.64,5.28,2.19,66.33,86.72
STU_05473,21,Male,College,4.32,2.28,4.89,1.93,70.23,78
STU_05474,24,Female,University,6.09,4.33,6.23,0.21,65.76,85.11
STU_05475,18,Female,College,5.31,0,6.21,1.25,68.75,83.08
STU_05476,25,Male,University,7.5,4.05,4.79,0.1,64.18,64.51
STU_05477,22,Male,University,3.75,3.55,4.16,1.85,77.5,77.48
STU_05478,13,Non-binary,High School,2.8,5.24,6.16,3.26,78.02,83.48
STU_05479,19,Male,College,4.15,3.53,6.34,1.42,80.54,98.46
STU_05480,15,Female,High School,4.57,0.63,7.42,0.1,73.85,81.32
STU_05481,17,Male,High School,4.75,2.68,6.37,0.73,65.8,79.3
STU_05482,22,Male,University,3.86,0.74,5,4.1,78.41,94.1
STU_05483,16,Male,High School,7.21,4.56,5.52,0,63.44,60.11
STU_05484,22,Female,University,6.96,0,5.19,0.12,72.93,85.01
STU_05485,17,Female,High School,7.22,0,7.2,1.08,79.96,98.38
STU_05486,17,Male,High School,2.03,0.34,8.98,3.09,73.33,98.68
STU_05487,18,Female,College,6.31,0,6.55,0,72.85,99.34
STU_05488,22,Male,University,8.51,1.91,5.67,0,79.38,84.18
STU_05489,24,Female,University,7.3,1.75,6.55,0,60.16,76.51
STU_05490,22,Male,University,3.22,3.99,8.19,0.77,70.54,99.66
STU_05491,25,Female,University,3.67,0,3.98,0,65.83,79.64
STU_05492,25,Male,University,0.58,1.54,6.23,2.72,73.34,92.93
STU_05493,23,Female,University,7.71,2.97,5.1,0,58.09,73.71
STU_05494,18,Female,College,2.06,0.82,7.19,3.04,83.37,97.04
STU_05495,20,Male,College,3.3,0,7.49,2.88,87.92,99.7
STU_05496,20,Male,College,5.9,3.77,6.65,0.5,78.35,81.34
STU_05497,23,Male,University,4.86,3.52,6.79,0,74.2,98.53
STU_05498,21,Female,College,5.41,0,6.76,1.66,71.16,92.69
STU_05499,20,Male,College,3.06,1.73,6.34,2.67,75.57,98.23
STU_05500,25,Female,University,1.35,1.39,7.22,0,70.81,71.66
STU_05501,23,Female,University,5.04,5.77,3.36,0.24,62.42,65.81
STU_05502,14,Male,High School,2.3,0,6.14,1.58,77.25,99.81
STU_05503,24,Male,University,5.8,1.69,6.65,0.4,51.88,88.87
STU_05504,22,Female,University,2.27,3.87,5.11,3.65,84.31,87.6
STU_05505,24,Female,University,4.13,2.28,5.13,1.13,80.51,92.66
STU_05506,23,Female,University,8.79,4.43,5.53,1.34,72.3,95.05
STU_05507,13,Male,High School,5.05,0,8.26,2.2,81.24,97.5
STU_05508,22,Male,University,2.5,0.18,7.13,0,72.66,72.02
STU_05509,14,Female,High School,5.75,1.93,4.63,1.38,58.96,75
STU_05510,14,Female,High School,4.15,3.38,6.6,0.51,56.51,99.4
STU_05511,24,Female,University,2.53,2.51,7.8,0.46,81.17,74.1
STU_05512,15,Male,High School,4.56,3.6,6.92,0.58,72.51,96.43
STU_05513,22,Male,University,7.6,1.89,5.49,0.74,60.2,63.91
STU_05514,19,Male,College,6.01,0.14,6.34,0.25,71.96,83.65
STU_05515,14,Female,High School,4.05,3.49,6.85,1.17,77.73,82.92
STU_05516,13,Male,High School,1.47,0,7.97,0.08,81.91,94.4
STU_05517,18,Female,College,6.34,0.76,6.26,2.2,79.33,97.72
STU_05518,21,Female,College,5.69,0.04,5.41,0.75,75.48,74.32
STU_05519,15,Male,High School,0.43,2.83,7.01,2.56,72.9,98.81
STU_05520,18,Male,College,0.8,2.36,6.73,3.04,83.96,98.24
STU_05521,15,Female,High School,8.43,0.45,6.53,2.94,85.34,94.01
STU_05522,25,Male,University,5.3,1.07,8.33,0.99,60.23,82.49
STU_05523,13,Male,High School,1.02,1.87,8.58,0,74.85,88.11
STU_05524,25,Male,University,7.34,3.64,5.87,1.37,69.42,77.77
STU_05525,24,Female,University,7.54,2.55,6.3,0.95,68.82,88.96
STU_05526,17,Non-binary,High School,2.73,3.01,5.23,1.12,73.77,85.91
STU_05527,22,Female,University,2.19,3.28,7.57,1.82,82.22,98.79
STU_05528,25,Female,University,4.7,2.46,6.8,1.95,75.4,91.78
STU_05529,23,Female,University,4.9,2.88,7.09,1.23,86.64,72.27
STU_05530,16,Female,High School,4.1,2.24,5.67,0.89,75.48,81.3
STU_05531,19,Non-binary,College,1.82,5.15,6.81,2.36,83.81,99.9
STU_05532,18,Male,College,3.62,3.45,5.92,2.68,71.33,95.02
STU_05533,22,Male,University,3.44,5.8,7.62,3.21,81.12,98.26
STU_05534,19,Female,College,0.78,4.78,7.42,2.32,74.23,92.54
STU_05535,17,Female,High School,6.98,2.14,7.67,0.08,66.28,82.93
STU_05536,16,Male,High School,1.85,2.15,5.73,4.5,68.47,90.7
STU_05537,19,Non-binary,College,7.76,0,6.17,0,65.05,95.75
STU_05538,19,Male,College,4.88,0.5,6.48,1.19,86.69,95.97
STU_05539,18,Male,College,2.9,4.32,7.05,3.52,75.5,98.35
STU_05540,20,Female,College,5.47,4.23,6.54,1.34,71.48,79.07
STU_05541,16,Male,High School,4.17,0,6.99,4.68,79.44,97.46
STU_05542,22,Female,University,7.81,4.87,4.08,0.49,63.22,88.52
STU_05543,17,Male,High School,9.8,4.63,4.33,0.06,70.18,99.24
STU_05544,16,Male,High School,5.48,4.51,5.84,1.55,80.6,83.72
STU_05545,24,Female,University,4.05,3.42,6.95,0.35,72.67,86.6
STU_05546,13,Female,High School,8.5,3.41,7.65,2.45,81.39,97.98
STU_05547,24,Male,University,3.99,2.17,6.93,0.39,72.64,83.58
STU_05548,20,Non-binary,College,3.18,1.36,8.23,2.05,78.33,71.03
STU_05549,13,Female,High School,7.58,4.54,5.46,1.63,74.52,87.79
STU_05550,17,Male,High School,6.6,2.03,4.57,1.71,61.21,83.18
STU_05551,18,Male,College,3.21,0,7.55,2.49,73.66,90.62
STU_05552,18,Female,College,5.29,3.62,6.33,0.32,65.49,80.42
STU_05553,25,Female,University,3.64,0.6,6.39,1.46,77.57,96.73
STU_05554,17,Male,High School,6.01,2.77,4.42,0.72,66.04,86.86
STU_05555,15,Male,High School,5.76,5.49,3.64,2.7,76.06,80.38
STU_05556,17,Male,High School,1.3,6.28,8.08,1.91,70.22,99.86
STU_05557,24,Male,University,4.6,3.75,5.67,3.5,68.93,97.01
STU_05558,20,Female,College,0.79,4.87,7.84,3.34,79.46,97.36
STU_05559,14,Female,High School,0.94,3.84,8.98,0.06,85.18,90.6
STU_05560,18,Male,College,3.27,3.95,6.17,1.17,77.71,73.95
STU_05561,21,Female,College,3.01,4.15,7.97,1.53,69.3,97.66
STU_05562,20,Female,College,0.23,0.58,7.99,1.34,83.84,99.3
STU_05563,23,Female,University,1.53,0.2,8.55,0.73,78.23,97.69
STU_05564,20,Female,College,0.65,4.32,7.04,1.26,66.11,92.69
STU_05565,20,Female,College,2.65,3.05,7.26,2.07,78.49,97.26
STU_05566,25,Female,University,5.82,2.79,7.2,2.12,56.9,91.85
STU_05567,19,Male,College,8.19,1.65,4.28,0,73.12,78.52
STU_05568,20,Female,College,7.14,1.86,5.89,0,61.45,89.2
STU_05569,25,Female,University,5.58,4.76,4.39,0,74.61,84.97
STU_05570,18,Male,College,5.44,0.97,6.43,1.03,72.99,91.99
STU_05571,14,Male,High School,4.24,2.52,6.11,1.44,66.93,87.48
STU_05572,14,Male,High School,4.25,1.08,8.49,1.46,72.62,97.97
STU_05573,20,Female,College,7.96,0,8.64,0.46,73.92,80.19
STU_05574,23,Female,University,6.05,2.69,6.83,0.79,47.37,72.37
STU_05575,13,Female,High School,5,3.83,8.32,0,69.1,86.51
STU_05576,18,Male,College,0.11,0.59,7.63,1.16,69.42,76.48
STU_05577,25,Female,University,6.32,1.22,5.61,1.85,80.08,80.31
STU_05578,18,Male,College,6.35,0.37,7.42,0.75,75.55,84.88
STU_05579,23,Female,University,2.95,2.74,6.4,0,75.84,81.19
STU_05580,16,Male,High School,5.07,1.63,6.4,3.24,69.12,99.16
STU_05581,24,Non-binary,University,4.17,0,7.53,0.1,60.62,84.76
STU_05582,23,Female,University,3.15,1.86,6.28,1.5,86.73,93.87
STU_05583,25,Female,University,5.53,4.37,8.68,1.52,63.95,87.49
STU_05584,23,Female,University,1.8,4.59,4.16,3.19,67.01,97.92
STU_05585,25,Female,University,9.6,4.68,4.19,0.63,68.89,83.47
STU_05586,22,Male,University,5.83,0.71,6.77,1.49,65.06,90.84
STU_05587,15,Female,High School,4.23,0.37,7.18,0.59,70.97,84.56
STU_05588,25,Female,University,6.9,1.33,6.21,0.39,52.58,83.71
STU_05589,23,Male,University,6.46,4.25,6.05,0.83,78.57,77.44
STU_05590,15,Female,High School,2.64,4.19,5.15,2.66,55.42,99.1
STU_05591,25,Non-binary,University,3.24,2.51,7.65,2.38,84.52,98.87
STU_05592,25,Female,University,0,4.51,7.24,0.68,72.95,85.44
STU_05593,13,Female,High School,1.82,3.59,6.85,1.84,77.65,83.85
STU_05594,15,Female,High School,6.17,1.63,7.22,1.28,77.08,98.82
STU_05595,16,Female,High School,4.96,1.88,7.3,0.92,84.44,93.88
STU_05596,23,Female,University,3.27,0.22,6.02,0,69.2,89.1
STU_05597,23,Non-binary,University,5.37,2.28,6.78,1.41,53.66,90.22
STU_05598,17,Female,High School,3.17,1.4,6.9,1.79,73.21,96.44
STU_05599,15,Male,High School,0.87,0.7,8.08,1.14,79.69,99.4
STU_05600,18,Male,College,2.13,1.17,8.41,0.98,73.97,95.58
STU_05601,23,Male,University,9.56,4.85,4.8,2.79,64.72,90.39
STU_05602,24,Female,University,4.12,1.67,7.49,0.73,72.85,69.11
STU_05603,17,Female,High School,4.26,5.34,6.54,2.41,67.06,93.27
STU_05604,15,Female,High School,5.81,2.6,4.87,0.73,79.74,71.17
STU_05605,18,Female,College,6.95,2.09,5.33,1.05,68.91,76.84
STU_05606,18,Male,College,3.94,3.44,5.66,0.92,56.68,81.69
STU_05607,20,Male,College,7.27,0,7.71,0.89,60.93,79.19
STU_05608,14,Female,High School,3.95,6.25,4.85,0,52.09,51.68
STU_05609,13,Male,High School,4.47,4.22,4.55,2.1,79.68,85.93
STU_05610,16,Male,High School,3.3,2.87,7.78,0.63,72.49,76.16
STU_05611,19,Female,College,6.42,3.96,6.4,0,53.27,99.32
STU_05612,23,Male,University,1.05,2.6,6.73,2.63,81.46,95.53
STU_05613,22,Non-binary,University,5.07,1.41,4.36,3.05,74.73,93
STU_05614,15,Male,High School,5.98,2.46,4.16,1.05,73.45,90.81
STU_05615,15,Female,High School,7.06,1.74,3.31,1.31,49.39,72.28
STU_05616,17,Male,High School,5.87,0.88,5.51,2.19,88.83,99.79
STU_05617,17,Male,High School,2.2,1.79,9.75,0.32,83.79,94.98
STU_05618,25,Female,University,5.94,2.88,6.6,1.32,71.39,84.63
STU_05619,22,Female,University,6.35,3.14,6.74,2.61,70.73,98.69
STU_05620,15,Female,High School,6.12,5.04,6,1.12,70.57,84.73
STU_05621,21,Male,College,3.9,1.94,5.12,0.84,66.7,91.76
STU_05622,16,Male,High School,4.12,1.23,6.19,1.31,66.03,99.57
STU_05623,25,Female,University,6.99,0.24,7.77,0,76,81.81
STU_05624,25,Male,University,4.51,3.3,6.99,3.08,65.21,98.8
STU_05625,15,Male,High School,2.11,5.13,3.77,2.51,74.1,90.74
STU_05626,23,Female,University,3.48,1.8,8.89,1.92,77.78,90.65
STU_05627,14,Male,High School,8.23,1.49,6,1.05,59.01,97.02
STU_05628,22,Male,University,1.14,4.06,6,1.22,84.66,97.83
STU_05629,25,Male,University,7.75,0.59,5.94,0.13,76.75,85.3
STU_05630,23,Non-binary,University,4.56,5.42,5.74,0.07,75.23,76.07
STU_05631,21,Male,College,1.19,2.36,6.22,2.79,77.01,99.03
STU_05632,16,Female,High School,6.48,3.18,6.88,2.08,86.69,93.4
STU_05633,15,Male,High School,2.72,2.57,5.84,0.13,83.59,81.83
STU_05634,19,Female,College,4.73,0,5.75,0.9,67.05,86.34
STU_05635,20,Male,College,0,2.38,7.42,1.22,79.19,89.3
STU_05636,23,Female,University,7.86,1.81,6.57,1.64,74.62,94.49
STU_05637,14,Female,High School,3.76,3.2,7.46,2.43,76.23,89.01
STU_05638,19,Female,College,2.97,4.56,7.38,0.25,75.49,71.03
STU_05639,24,Female,University,4.98,3.39,6.59,0.25,66,86.74
STU_05640,17,Female,High School,6.71,1.3,4.23,0.37,63.46,75.46
STU_05641,23,Male,University,4.03,5.46,7.85,0.91,74.09,74.88
STU_05642,17,Female,High School,6.63,2.58,7.44,0,52.57,85.9
STU_05643,15,Female,High School,4.44,4.81,6.67,0,72.04,99.1
STU_05644,17,Female,High School,4.72,4.09,6.12,1.27,68.06,86
STU_05645,24,Male,University,2.5,0.71,6.35,1.58,75.44,83.04
STU_05646,14,Female,High School,7.14,4.41,6.93,0.9,72.6,93.99
STU_05647,16,Male,High School,6.18,4.06,3.98,2.39,67.72,84.38
STU_05648,18,Female,College,5.87,2.64,6.82,0,67.92,82.13
STU_05649,13,Male,High School,7.17,1.7,6.92,2.99,75.42,90.22
STU_05650,22,Male,University,1.88,3.97,4.18,1.21,76.43,86.43
STU_05651,16,Female,High School,4.68,4.29,8.66,1.15,85.99,93.98
STU_05652,18,Female,College,7.27,1.76,9.05,1.33,81.82,89.24
STU_05653,21,Female,College,4.41,3.59,9.03,0,82.48,98.74
STU_05654,23,Female,University,4.87,1.89,7.41,0.57,83.2,89.02
STU_05655,23,Female,University,4.8,1.51,8.84,2.88,81.66,96.99
STU_05656,25,Female,University,5.68,3.28,6,1.59,71.52,96.86
STU_05657,14,Female,High School,0,3.92,9.89,1.4,80.6,96.6
STU_05658,23,Female,University,4.8,3.43,6.64,0,56.46,80.55
STU_05659,19,Male,College,5.49,2.25,4.01,0,72.71,79.23
STU_05660,18,Male,College,5.48,0.44,5.75,0.5,78.47,98.13
STU_05661,14,Female,High School,8.5,1.94,6.51,0.92,74.81,88.73
STU_05662,20,Female,College,3.04,3.17,6.96,2.49,73.99,95.09
STU_05663,19,Male,College,8.62,6.38,4.17,1.87,45.03,83.42
STU_05664,23,Male,University,3.59,0.75,8.46,2.62,87.17,98.95
STU_05665,17,Female,High School,1.13,2.29,8.44,1.11,75.02,97.74
STU_05666,24,Male,University,8.26,2.21,5.25,0,70.77,86.03
STU_05667,17,Female,High School,7.13,0,4.16,0.1,56.73,62.32
STU_05668,19,Female,College,4.84,1.44,7.45,1.23,74.18,99.38
STU_05669,21,Male,College,3.04,0.35,6.42,1.75,76.76,83.09
STU_05670,23,Female,University,3.98,1.78,6.04,0,85.43,87.66
STU_05671,21,Female,College,5.14,5.21,4.87,0.59,77.12,76.93
STU_05672,21,Female,College,7.97,3.68,7.56,0,57.99,85.4
STU_05673,18,Male,College,1.21,2.81,5.2,3.85,65.76,99.62
STU_05674,22,Male,University,3.97,6.01,5.39,2.12,81.12,93.17
STU_05675,18,Female,College,3.84,5.04,5.88,0.89,74.88,90.56
STU_05676,15,Male,High School,3.29,1.05,6.37,0.77,64.89,93.89
STU_05677,13,Male,High School,2.88,0,4.5,3.21,56.34,97.5
STU_05678,19,Male,College,8.52,0,5.6,0,46.83,71.15
STU_05679,16,Male,High School,2.5,0.92,7.57,1.19,77.17,98.97
STU_05680,13,Male,High School,4.84,1.48,6.97,0.17,73.8,87.42
STU_05681,20,Male,College,1.55,5.29,3.72,0.6,81.58,97.93
STU_05682,24,Female,University,6.67,4.66,7.2,1.48,71.78,88.35
STU_05683,18,Female,College,3.27,4.15,7.29,0,72.27,84.27
STU_05684,18,Male,College,0,1.59,5.25,3.52,78.82,98.44
STU_05685,14,Female,High School,6.93,2.16,5.89,1.72,70.85,79.9
STU_05686,13,Male,High School,3.11,1.77,5.27,1.06,72.35,76.65
STU_05687,25,Female,University,7.78,6.47,7.01,0,73.18,86.4
STU_05688,14,Male,High School,7.22,1.37,7.87,0,69.6,76.55
STU_05689,16,Male,High School,4.22,1.07,7.63,0.95,79.59,82.57
STU_05690,14,Female,High School,5.49,3.52,8.33,0.38,63.18,97.62
STU_05691,13,Male,High School,4.74,0.77,7.27,0.8,76.23,98.38
STU_05692,19,Female,College,1,3.5,7.1,1.44,83.93,75.79
STU_05693,23,Male,University,8.06,3.02,6.74,1.84,69.43,87.25
STU_05694,23,Male,University,3.86,1.17,5.76,2.04,84.66,98.35
STU_05695,24,Female,University,4.56,1.88,5.32,1.53,62.76,79.07
STU_05696,20,Female,College,4.59,0.98,6.47,2.74,83.19,98.53
STU_05697,18,Male,College,3.93,4.33,5.95,1,71.52,96.73
STU_05698,16,Male,High School,6.1,2.23,5.43,1.19,71.64,99.49
STU_05699,18,Male,College,4.26,2.11,8.57,2.93,80.19,97.78
STU_05700,15,Female,High School,3.22,3.96,5.7,3.41,71.24,98.93
STU_05701,24,Female,University,3.46,3.72,4.79,1.42,70.52,91.61
STU_05702,20,Male,College,8.66,2.92,4.11,0.56,48.45,65.28
STU_05703,22,Female,University,4.65,4.38,6.53,2.72,61.29,97.57
STU_05704,25,Male,University,8.56,2.22,7.96,0.81,75.53,88.16
STU_05705,25,Male,University,2.11,0.89,4.62,0.95,83.16,98.34
STU_05706,14,Male,High School,2.89,2.77,7.46,1.11,85.28,93.32
STU_05707,17,Female,High School,3.29,2.44,8.28,2.49,84.42,97.03
STU_05708,13,Male,High School,4.29,5.09,5.25,1.17,73.1,84.38
STU_05709,18,Female,College,2.71,2.03,5.73,1.07,75.47,81.6
STU_05710,14,Female,High School,4.18,5.36,8.69,0.19,77.79,97.5
STU_05711,16,Male,High School,5,0.31,8.26,0.51,77.85,84.21
STU_05712,18,Male,College,7.01,2.08,5.62,1.66,55.15,95.02
STU_05713,22,Male,University,1.14,1.93,7.62,2.27,82.34,87.53
STU_05714,23,Female,University,6.82,1.92,6.28,0,72.22,95.3
STU_05715,20,Female,College,6.35,4.55,7.21,1.26,72.66,61.81
STU_05716,24,Male,University,2.06,1.67,6.94,2.61,80.39,95.74
STU_05717,20,Male,College,2.53,4.28,5.86,0,70.81,84.65
STU_05718,23,Male,University,5.4,2.35,5.66,1.63,79.68,77.58
STU_05719,18,Male,College,2.92,2.32,8.38,2.24,77.24,98.77
STU_05720,16,Female,High School,7.93,0.09,6.59,2.16,70.36,99.51
STU_05721,20,Male,College,4.48,4.76,6.43,2.11,80.55,70.65
STU_05722,25,Male,University,1.48,5.26,7.51,0.85,77.5,96.06
STU_05723,20,Female,College,1.71,0.25,7.9,0,77.47,70.26
STU_05724,22,Male,University,0.77,5.41,5.36,1.76,81.36,99.49
STU_05725,13,Female,High School,4.24,0,6.32,1.74,73.59,98.78
STU_05726,16,Male,High School,4.36,2.2,5.13,0.39,69.83,87.15
STU_05727,16,Female,High School,5.78,2.32,5.33,1.27,65.86,76.98
STU_05728,19,Male,College,7.66,1.96,7.96,0.35,76.74,88.05
STU_05729,23,Female,University,4.53,4.46,9.85,1.61,83.66,86.92
STU_05730,19,Male,College,7.67,3.85,4.76,0.65,60.33,97.94
STU_05731,25,Female,University,2.68,0,6.39,0,65.25,86.51
STU_05732,23,Male,University,0.82,5.15,6.6,1.78,77.84,98.8
STU_05733,20,Female,College,6.48,5.51,2.67,2.01,74.36,90.84
STU_05734,23,Male,University,6.31,3.72,9.14,2.27,72.78,98.93
STU_05735,17,Female,High School,5.13,1.87,5,0.73,70.45,82.13
STU_05736,19,Female,College,6.2,2.9,5.92,1.57,78.98,96.98
STU_05737,20,Female,College,0,1.99,7.77,0,68.25,92.52
STU_05738,21,Female,College,3.33,4.26,6.61,3.83,88.44,98.61
STU_05739,15,Male,High School,7.3,0,6.48,0,70.54,97.4
STU_05740,15,Male,High School,3.85,3.22,7.02,0,60.56,94.67
STU_05741,16,Female,High School,6.13,4.58,4.49,2.37,77.3,98.31
STU_05742,17,Male,High School,11.01,2.06,5.59,2.04,73.3,87.94
STU_05743,22,Male,University,7.06,3.49,7.62,1.08,70.89,76.85
STU_05744,13,Male,High School,3.6,0,6.31,3.58,81.09,96.8
STU_05745,19,Male,College,0.08,0.78,7.53,2.48,84.72,99.9
STU_05746,21,Female,College,6.29,3.21,6.78,0.26,75.76,73.82
STU_05747,20,Female,College,0,3.31,7.86,2.33,86.38,99.4
STU_05748,17,Female,High School,2.53,1.45,7.16,0,74.73,79.83
STU_05749,16,Male,High School,2.65,3.05,7.14,0.54,76.42,74.21
STU_05750,24,Female,University,4.2,2.4,5.48,2.98,76.56,98.77
STU_05751,19,Female,College,5.19,0,5.11,1.01,69.59,92.27
STU_05752,17,Female,High School,2.34,2.08,7.41,1.11,84.98,73.93
STU_05753,19,Female,College,7.13,3.8,5.56,1.62,78.01,89.9
STU_05754,24,Female,University,8.05,4.89,6.16,2.09,64.78,97.21
STU_05755,13,Male,High School,3.89,2.07,6.68,3.4,79.45,98.15
STU_05756,13,Male,High School,7.18,3.2,5.22,0.77,57.99,79.11
STU_05757,22,Male,University,2.77,2.81,6.12,0,86.74,82.14
STU_05758,25,Female,University,1.91,3.46,4.74,2.46,79.12,96.07
STU_05759,15,Female,High School,7.2,1.33,6.14,0,82.02,80.26
STU_05760,23,Female,University,5.17,2.37,5.3,1.06,78.59,93.76
STU_05761,14,Female,High School,5.48,3.48,6.92,0,76,88.61
STU_05762,14,Female,High School,9.1,3.23,5.74,0.93,77.55,64.68
STU_05763,19,Female,College,6.17,3.59,6.69,0,68.26,71.4
STU_05764,24,Female,University,10.51,3.93,5.78,0,61.49,84.53
STU_05765,22,Male,University,4.73,2.79,7.31,0.21,82.93,95.28
STU_05766,14,Male,High School,8.28,3.03,6.74,0,71.26,72.6
STU_05767,23,Male,University,4.37,1.48,6.22,0.39,70.36,73.33
STU_05768,16,Male,High School,1.62,4.05,7.57,3.77,54.75,99.27
STU_05769,14,Female,High School,6.58,0.56,7.68,1.99,77.85,99.87
STU_05770,18,Male,College,4.41,3.61,6.24,1.89,73.05,84.78
STU_05771,20,Female,College,9.69,2.74,6.61,0,73.24,65.47
STU_05772,22,Male,University,5.91,1.21,6.8,0.36,72.87,73.87
STU_05773,16,Male,High School,6.88,1.29,7.06,1.1,69.23,83.2
STU_05774,17,Female,High School,0.58,2.89,7.83,3.59,79.53,99.47
STU_05775,16,Female,High School,6.31,2.05,7.72,0,88.76,90.16
STU_05776,15,Male,High School,4.32,1.73,4.58,1.17,73.28,91.49
STU_05777,17,Female,High School,2.56,3.26,7.62,0,75.41,88.99
STU_05778,21,Male,College,8.01,0,7.07,1.07,74.93,90.78
STU_05779,20,Female,College,1.27,2.67,8.64,1.78,78.33,93.83
STU_05780,20,Female,College,5.39,1.83,6.94,0.98,67.88,98.98
STU_05781,20,Male,College,2.96,0.29,7.96,3.33,73.86,91.79
STU_05782,24,Female,University,5.18,1.89,6.35,0,69.85,87.34
STU_05783,20,Female,College,3.8,0.14,5.84,0.13,85.85,90.24
STU_05784,19,Female,College,4.05,4.63,6.46,0.68,75.86,89.87
STU_05785,20,Female,College,4.64,3.8,6.31,0.15,65.24,84.96
STU_05786,23,Male,University,2.1,3.99,7.15,0,78.35,73.9
STU_05787,20,Female,College,7.07,3.42,8.84,0,62.73,84.47
STU_05788,25,Female,University,6.16,0,6.91,1.54,81.07,89.61
STU_05789,20,Female,College,2.03,0.38,7.2,1.97,82.68,85.63
STU_05790,24,Male,University,8.03,4.11,5.92,0,73.17,72.28
STU_05791,22,Female,University,6.4,6.05,6.46,2.61,72.69,99.34
STU_05792,19,Female,College,4.75,3.18,6.65,0.84,77.11,76.17
STU_05793,24,Female,University,0.95,5,7.1,0.45,80.3,84.91
STU_05794,13,Male,High School,2.89,1.04,6.8,1.75,74.64,91.43
STU_05795,16,Male,High School,0,1.38,8.21,0.65,88.25,93.54
STU_05796,25,Male,University,4.95,3.71,5.29,2.05,72.16,82.5
STU_05797,25,Male,University,6.62,1.06,5.91,1.36,70.17,99.37
STU_05798,16,Female,High School,2.69,0,8.53,1.96,86.54,99.04
STU_05799,17,Female,High School,4.51,3.85,6.08,0,48.84,77.48
STU_05800,22,Female,University,6.98,1.21,5.33,2.26,79.26,90.44
STU_05801,18,Female,College,2.94,0,7.27,3.05,83.43,96.6
STU_05802,16,Male,High School,5.89,4.59,5.56,0.2,59.25,78.25
STU_05803,14,Male,High School,9.76,3.41,4.41,0,51.54,65.53
STU_05804,18,Female,College,6.34,3.76,7.27,0,81.57,80.93
STU_05805,20,Female,College,1.92,3.87,6.23,0,79.66,82.41
STU_05806,20,Female,College,4.44,4.25,6.61,1.77,61.15,95.1
STU_05807,19,Male,College,6.31,3.41,6.11,0.05,64.52,90.13
STU_05808,18,Female,College,5.75,0,6.13,2.14,81.84,86.52
STU_05809,14,Male,High School,1.82,0.54,6.71,2.59,71,85.38
STU_05810,19,Female,College,5.6,4.31,6.21,0.59,58.9,82.05
STU_05811,23,Non-binary,University,3.97,3.53,7.96,2.51,75.14,97.97
STU_05812,24,Female,University,3.36,2.26,7.15,1.73,79.34,94.51
STU_05813,17,Male,High School,5.88,0,8.43,2.27,76.29,87.75
STU_05814,18,Female,College,8.91,0.99,5.41,0,61.34,71.3
STU_05815,22,Male,University,2.64,1.95,7.03,1.09,81.98,76.25
STU_05816,20,Male,College,5.63,1.14,5.11,2.3,75.22,98.18
STU_05817,20,Female,College,4.3,0.62,7.58,0,67.65,76.68
STU_05818,15,Male,High School,6.02,3.1,7.54,2.04,79.71,99.28
STU_05819,24,Female,University,4.77,5.14,7.14,1.46,68.58,98.47
STU_05820,24,Male,University,3.06,3.65,7.77,2.56,79.66,96.88
STU_05821,19,Female,College,2.96,1.65,6.87,1.02,67.8,94.83
STU_05822,13,Female,High School,5.65,2.38,6.95,1.44,45.62,92.68
STU_05823,13,Male,High School,4.83,3.61,7.49,0,67.81,76.99
STU_05824,19,Female,College,6.05,1.43,7.82,1.97,63.24,87.24
STU_05825,22,Female,University,0.51,2.88,7.13,1.83,72.19,95.87
STU_05826,21,Female,College,7.23,1.86,5.5,0,77.72,97.81
STU_05827,19,Female,College,8.04,1.82,7.77,0,81,90.69
STU_05828,22,Non-binary,University,4.88,0,6.88,0,71.45,98.43
STU_05829,17,Male,High School,6.15,2.58,6.27,0.69,81.5,87.58
STU_05830,20,Male,College,6.94,3.24,5.29,1.74,68.9,98.56
STU_05831,14,Male,High School,4.05,4.02,6.39,0.58,74,88.04
STU_05832,21,Female,College,5.08,0,6.32,1.82,62.21,95.32
STU_05833,18,Female,College,5.71,4.22,5.12,0,70.43,86.09
STU_05834,25,Female,University,3.19,3.81,5.66,1.31,74.33,93.22
STU_05835,21,Female,College,4.84,5.15,6.98,1.14,71.19,76.25
STU_05836,14,Female,High School,0,1.84,7,2.23,81.72,99.82
STU_05837,15,Male,High School,2.94,2.62,6.98,2.81,86.24,99.84
STU_05838,24,Male,University,8.16,0.65,5.93,0.71,77.87,76.88
STU_05839,20,Female,College,5.47,2.39,5.34,0.6,69.05,82.84
STU_05840,13,Male,High School,2.51,1.93,8.36,0.57,75.02,98.8
STU_05841,22,Female,University,1.42,2.77,7.33,2.24,82.95,92.34
STU_05842,19,Male,College,10.77,2.41,6.45,2.37,80.78,78.45
STU_05843,19,Male,College,2.75,3.96,7.19,0.76,71.07,98.57
STU_05844,25,Female,University,3.26,2.13,6.69,0.63,68.57,83.09
STU_05845,13,Male,High School,6,4.79,5.53,1.09,56.56,92.66
STU_05846,21,Female,College,2.42,0,5.2,1.38,80.53,76.3
STU_05847,20,Male,College,5.44,4.83,3.82,0.01,54.05,76.21
STU_05848,16,Female,High School,4.57,0.02,7.81,4.13,84.44,99.9
STU_05849,22,Female,University,1.57,3.98,8.09,0,70.82,83.58
STU_05850,23,Female,University,4.63,3.72,7.96,0,65.86,94.64
STU_05851,17,Female,High School,5.32,0.57,6.52,0,71.65,99.8
STU_05852,14,Male,High School,1.86,4.7,5.95,1.32,78.08,98.51
STU_05853,25,Male,University,5.8,0.37,7.32,1.25,63.52,94.16
STU_05854,21,Male,College,6.24,0.12,8.02,0,70.18,69.85
STU_05855,24,Female,University,1.94,1.69,9.1,3.67,85.74,99.32
STU_05856,24,Non-binary,University,5.71,1.78,6.11,0.43,75.71,99.81
STU_05857,18,Male,College,5.07,1.41,7.73,0,65.41,98.52
STU_05858,15,Female,High School,3.64,2.63,7.26,1.01,69.56,78.6
STU_05859,24,Male,University,3.85,3.17,6.67,2.28,72.65,84.91
STU_05860,19,Male,College,5.49,2.36,5.67,0,73.46,64.72
STU_05861,21,Female,College,3.02,0.41,8.53,2.25,77.77,97.9
STU_05862,15,Male,High School,5.95,0.97,7.91,0.33,77.78,95.4
STU_05863,14,Male,High School,2.49,6.29,6.31,1.99,72.48,98.15
STU_05864,19,Female,College,2.68,0.61,7.94,2.69,70.78,97.47
STU_05865,19,Female,College,1.29,0.68,7.98,3.14,82.87,96.89
STU_05866,16,Male,High School,0.2,0,8.23,0,83.04,82.19
STU_05867,23,Female,University,4.88,4.25,5.24,2.93,76.6,90.99
STU_05868,21,Female,College,0,4.23,5.97,2.75,80.21,97.57
STU_05869,20,Male,College,5.32,3.21,6.19,0,66.91,73.53
STU_05870,25,Female,University,4.29,4.82,6.87,0,67.12,93.55
STU_05871,25,Male,University,9.22,1.2,8.12,0,59.46,91.98
STU_05872,13,Male,High School,6.02,0.42,4.81,3.66,67.25,95.9
STU_05873,13,Male,High School,5.78,3,7.68,1.43,79.4,81.85
STU_05874,17,Female,High School,2.82,3.35,5.22,0.25,69.28,86.69
STU_05875,18,Male,College,3.09,2.84,7.04,1.46,74.96,95.5
STU_05876,15,Male,High School,3.45,1.94,4.59,3.05,68.56,98.73
STU_05877,25,Male,University,4.41,4.35,8.05,1.17,69.46,89.8
STU_05878,21,Male,College,3.04,2.42,7.13,0.48,78.25,97.65
STU_05879,24,Female,University,5.93,2.96,6.82,0.76,80.31,89.73
STU_05880,22,Male,University,3.53,2.45,7.72,0,67.09,92.02
STU_05881,18,Female,College,7.29,1.61,5.92,0.06,57.88,75.44
STU_05882,16,Female,High School,2.45,0.59,5,0.83,66.59,72.15
STU_05883,24,Female,University,6.37,3.26,4.09,1.13,65.78,86.96
STU_05884,19,Female,College,9.33,0,6.76,0.11,67.77,87.44
STU_05885,20,Male,College,8.92,1.36,5.71,0,60.6,54.27
STU_05886,21,Male,College,2.35,1.6,8.43,1.61,84.13,90.88
STU_05887,25,Female,University,7.38,0.32,6.42,0.95,66.38,70.89
STU_05888,23,Male,University,0,1.97,8.11,0,73.24,96.33
STU_05889,18,Female,College,0.61,3.3,8.19,0,78.68,96.78
STU_05890,18,Male,College,6,2.73,7.42,1.05,75.22,87.27
STU_05891,20,Male,College,5.59,1.47,6.24,3.02,66.84,91.14
STU_05892,24,Male,University,6,3.61,6.36,0,61.72,80.96
STU_05893,17,Male,High School,3.28,2.97,7.71,0,84.65,88.1
STU_05894,15,Female,High School,1.71,0.44,7.51,1.38,79.06,92.95
STU_05895,24,Male,University,0,1.1,5.28,3.88,81.14,97.52
STU_05896,15,Female,High School,2.35,0,4.56,0.29,75.12,80.25
STU_05897,25,Female,University,6.13,1.87,5.67,0.8,73.29,74.04
STU_05898,18,Female,College,6.65,1.3,7.51,2.4,78.07,87.35
STU_05899,14,Male,High School,5.24,2.09,6.54,3.67,65.24,99.27
STU_05900,18,Female,College,4.99,5.98,8.06,0,66.54,81.44
STU_05901,25,Male,University,8.73,0,7.15,0.78,75.35,89.94
STU_05902,18,Female,College,8.02,0,4.72,1.41,74.7,69.21
STU_05903,20,Male,College,6.86,5.19,7.18,0,70.49,94.39
STU_05904,19,Male,College,7.39,3.45,4.59,1.75,62.73,76.31
STU_05905,20,Female,College,5.37,4.26,8.27,3.61,77.3,98.06
STU_05906,21,Female,College,5.7,1.88,7.08,1.42,82.43,92.31
STU_05907,18,Male,College,2.57,3.74,8.46,1.44,80.21,79.61
STU_05908,15,Male,High School,5.45,2.27,7.12,0,73.19,82.52
STU_05909,22,Female,University,2.89,4.06,6.65,0,72.08,91.33
STU_05910,15,Female,High School,7.6,4.33,6.1,1.97,76.42,88.62
STU_05911,23,Male,University,6.06,4.16,5.14,2.63,79.39,99.45
STU_05912,24,Female,University,3.43,1.32,7.11,1.05,78,98.79
STU_05913,13,Female,High School,6.26,2.67,6.44,0,77.29,81.95
STU_05914,23,Female,University,7.3,0.77,7,1.15,66.11,94.62
STU_05915,25,Female,University,2.32,3.5,6.54,2.15,82.46,88
STU_05916,17,Male,High School,3.86,3.11,5.57,0.04,82.53,96.65
STU_05917,16,Non-binary,High School,2.07,0,7.18,0,78.13,79.29
STU_05918,21,Male,College,4.4,3.33,5.5,1.47,57.91,93.43
STU_05919,21,Male,College,7.84,3.28,4.91,0.29,64.48,84.17
STU_05920,17,Female,High School,4.5,3.52,4.96,1.59,59.98,86.48
STU_05921,22,Male,University,5.95,2.58,6.19,1.29,77.49,85.07
STU_05922,16,Female,High School,3.14,3.52,6.83,2.59,67.16,99.05
STU_05923,19,Male,College,6.63,3.07,5.54,1.53,68.7,86.88
STU_05924,18,Male,College,4.34,0.9,7.2,0,54.59,81.63
STU_05925,16,Female,High School,6.41,3.64,6.07,1.09,47.57,80.42
STU_05926,25,Male,University,6.67,0.78,6.01,0.51,54.29,79.82
STU_05927,25,Male,University,1.86,0.58,8.46,1.19,80.96,96.59
STU_05928,22,Female,University,2.79,2.88,6.05,3.29,79.39,98.88
STU_05929,14,Male,High School,3.47,0,6.59,0.79,78.92,97.43
STU_05930,13,Male,High School,8.94,1.3,6.39,0.28,61.45,72.25
STU_05931,16,Female,High School,7.89,1.94,7.01,0.52,79.71,89.04
STU_05932,16,Male,High School,4.75,4.88,5.04,0,72.75,83.7
STU_05933,25,Female,University,11.35,2.11,5.73,0,65.27,68.28
STU_05934,13,Male,High School,1.22,5.97,6.64,0.33,85.55,98.44
STU_05935,18,Male,College,3.91,0,7.74,0.92,87.24,88.14
STU_05936,16,Male,High School,7.44,3.35,5.3,0.6,67.37,86.91
STU_05937,13,Male,High School,4.61,3.67,6.47,0,77.41,84.67
STU_05938,13,Male,High School,2.38,0.84,9.01,2.36,82.55,96.84
STU_05939,25,Male,University,5.49,2.34,5.94,2.12,79,94.54
STU_05940,13,Male,High School,11.19,2.31,6.93,0,74.29,74.31
STU_05941,20,Male,College,2.41,4.46,6.27,1.68,85.05,98.45
STU_05942,22,Female,University,2.67,0,6.95,1.02,63.69,98.35
STU_05943,20,Female,College,1.81,5.88,6.18,2.71,81.23,79.22
STU_05944,14,Male,High School,3.45,0,5.77,2.73,73.32,98.75
STU_05945,23,Female,University,7.21,3.26,4.89,4.15,85.33,94.79
STU_05946,25,Female,University,8.42,0.93,6.93,0.3,68.04,75.65
STU_05947,19,Female,College,1.34,3.36,6.35,0.58,78.71,76.42
STU_05948,20,Female,College,6.02,1.31,5.6,1.78,51.32,97.92
STU_05949,20,Non-binary,College,6.43,4.92,5.24,0,52.65,81.62
STU_05950,23,Male,University,2.79,2.68,4.88,2.29,69.53,73.37
STU_05951,22,Female,University,6.35,1.75,5.62,2.26,73.61,98.48
STU_05952,23,Female,University,5.44,0.48,6.39,2.32,78.36,90.24
STU_05953,25,Male,University,7.23,3.2,4.94,0,59.35,79.98
STU_05954,19,Male,College,0,3.31,7.54,1.18,81.42,98.83
STU_05955,17,Female,High School,5.23,1.85,6.35,1.43,68.15,90.11
STU_05956,13,Female,High School,6.54,2.55,5.4,2.01,67.14,97.84
STU_05957,24,Male,University,7.12,3.01,6.34,0.13,64.17,68.93
STU_05958,21,Male,College,6.52,3.65,6.15,0.38,70.41,74.57
STU_05959,25,Female,University,1.48,0.7,8.07,0.49,84.15,86.56
STU_05960,19,Male,College,8.07,1.67,4.54,1.52,47.29,91.5
STU_05961,14,Female,High School,6.36,3.6,8.03,0.69,58.14,77.88
STU_05962,18,Male,College,4.55,2.31,6.29,0.92,74.07,97.25
STU_05963,14,Male,High School,4.59,0,7.78,1.97,70.15,96.84
STU_05964,13,Male,High School,8.91,5.37,4.28,2.39,46.28,87.56
STU_05965,19,Male,College,6.28,4.02,6.15,0,71.41,75.97
STU_05966,25,Male,University,4.89,0,6.3,0.76,59.7,77.79
STU_05967,14,Female,High School,2.38,1.32,7.51,3.73,76.57,98.07
STU_05968,25,Female,University,3.93,5.33,8.12,2.09,72.53,91.46
STU_05969,14,Male,High School,2.37,3.32,6.88,0.35,78.64,93.32
STU_05970,25,Female,University,0.12,0,6.85,0.15,81.53,99.57
STU_05971,23,Female,University,5.06,0,6.8,0.38,82.24,77.77
STU_05972,17,Male,High School,0.12,0,4.83,0.06,76.44,65.5
STU_05973,17,Male,High School,2.93,1.62,6.39,1.16,86.17,97.03
STU_05974,19,Male,College,3.73,3.7,4.09,0,73.04,66.82
STU_05975,13,Non-binary,High School,0.85,0,8.52,1.27,74.01,92.46
STU_05976,20,Female,College,7.05,3.53,7.07,1.26,66.96,80.64
STU_05977,15,Male,High School,4.21,0.92,7.51,0,69.66,76.06
STU_05978,16,Female,High School,0,0,6.51,0.05,85.22,99.65
STU_05979,21,Male,College,6.6,1.87,4.72,3.93,68.19,91.59
STU_05980,16,Male,High School,8.54,5.79,6.4,1.26,63.25,90.03
STU_05981,22,Male,University,4.95,4.92,9.29,1.68,88.25,94.61
STU_05982,24,Female,University,6.05,1.6,7.19,0.41,63.24,97.89
STU_05983,17,Male,High School,5.31,2.87,8.24,1.11,76.16,61.01
STU_05984,19,Female,College,5.93,1.45,6.7,2.32,67.85,97.09
STU_05985,16,Male,High School,3.15,0,6.68,0,75.87,93.05
STU_05986,13,Male,High School,2.63,1.4,9.01,0.28,79.9,78.64
STU_05987,21,Non-binary,College,1.87,3.65,6.79,1.16,74.71,87.02
STU_05988,16,Female,High School,4.8,0.38,7.92,0.12,71.08,67.85
STU_05989,21,Female,College,6.11,4.43,5.97,0,64.77,72.82
STU_05990,18,Female,College,6.08,4.51,5.78,3.98,88.18,85.75
STU_05991,13,Female,High School,3.45,1.69,6.57,2.41,76.09,96.73
STU_05992,24,Male,University,4.01,2.7,7.13,1.25,77.27,90
STU_05993,15,Male,High School,4,4.84,5.92,1.88,67.29,97.79
STU_05994,23,Female,University,3.24,3.15,9.19,0,81.74,98.15
STU_05995,14,Female,High School,0,5.13,7.35,1.96,71.65,72.75
STU_05996,21,Female,College,4.01,0,6.69,0,84.09,78.1
STU_05997,24,Male,University,3.75,1.45,5.98,1.67,65.76,80.71
STU_05998,13,Male,High School,4.38,1.91,7.35,0,68.95,91.3
STU_05999,25,Female,University,3.17,4.74,3.85,1.81,62.45,97.47
STU_06000,21,Male,College,5.23,2.5,6.24,1.69,82.94,92.37
STU_06001,21,Male,College,11.27,1.17,6.63,0.5,64.39,74.58
STU_06002,20,Male,College,6.46,2.3,4.94,0.91,69.33,66.4
STU_06003,20,Male,College,3.31,3.44,7.13,2.47,83.65,95.7
STU_06004,23,Female,University,3.94,1.93,7.31,1.46,73.65,97.5
STU_06005,24,Female,University,4.22,4.01,6.13,1.51,63.65,85.36
STU_06006,13,Male,High School,4.79,2.71,6.69,1.01,77.03,86.31
STU_06007,23,Male,University,4.49,1.96,6.53,0,59.7,75.55
STU_06008,20,Female,College,3.37,4.62,5.43,2.82,68.48,97.12
STU_06009,22,Male,University,3.24,5.09,8.56,1.75,84.27,97.43
STU_06010,15,Female,High School,6.11,4.6,6.63,0.25,71.42,66.34
STU_06011,23,Female,University,3.84,1.05,6.69,1.06,72.14,69.63
STU_06012,19,Female,College,5.93,4.64,6.11,1.09,79.81,98.94
STU_06013,23,Female,University,3.96,4.3,7.54,0,59.74,76.66
STU_06014,13,Male,High School,0,0.44,5.33,2.34,63.63,96.92
STU_06015,13,Female,High School,1.86,1.9,6.82,3.56,82.56,97.67
STU_06016,22,Male,University,0.5,4.74,5.44,2.2,72.37,97.96
STU_06017,25,Male,University,5.02,4.22,7.23,0,83.25,85.92
STU_06018,17,Male,High School,0.25,1.55,8.22,0,73.05,76.22
STU_06019,17,Male,High School,3.25,0.54,6.59,0.34,72.48,79.36
STU_06020,20,Male,College,3.58,4.84,7.04,2.75,77.69,99.72
STU_06021,19,Male,College,3.88,3.51,7.05,2.55,76.3,99
STU_06022,20,Female,College,6.7,2.57,8.22,0,71.39,69.74
STU_06023,18,Non-binary,College,7.14,1.06,7.01,0.68,77.18,98.54
STU_06024,18,Male,College,2.64,3.8,5.37,0.62,74.19,82.68
STU_06025,14,Female,High School,4.45,0.64,5.89,0.68,59.46,85.96
STU_06026,18,Male,College,3.45,0.87,7.04,0,73.21,86.39
STU_06027,17,Female,High School,5.55,3.22,3.9,1.04,66.34,96.29
STU_06028,25,Male,University,4.29,4.28,7.82,0.11,68.57,92.38
STU_06029,15,Female,High School,5.63,2.76,6.81,0.62,71.62,97.55
STU_06030,18,Male,College,1.67,1.85,5.1,1.52,81.64,78.19
STU_06031,20,Female,College,5.07,4.1,6.29,1.88,73,70.78
STU_06032,21,Male,College,0.99,0.42,10.46,0,73.84,88.01
STU_06033,13,Male,High School,2.55,0.79,6.42,0,81.33,74.88
STU_06034,15,Male,High School,4.75,4.46,4.6,1.51,72.89,90.74
STU_06035,15,Male,High School,0,0.37,6.81,1.2,76.87,83.08
STU_06036,23,Female,University,0,0,5.43,0.12,76.75,84.84
STU_06037,20,Female,College,1.61,0.72,7.51,0.89,74.62,98.22
STU_06038,13,Male,High School,2.15,4.46,5.48,1.61,77.72,88.4
STU_06039,17,Non-binary,High School,2.41,4.11,7.51,1.86,82.73,97.83
STU_06040,15,Male,High School,3.19,0,7.32,0,72.22,95.18
STU_06041,14,Non-binary,High School,5.27,1.02,5.82,0.87,71.31,94.44
STU_06042,20,Male,College,9.4,0,4.32,0.04,59.01,73.94
STU_06043,15,Female,High School,2.93,3.65,7.07,3.43,76.31,96.9
STU_06044,19,Male,College,5.45,0.3,6.75,0,74.49,80.11
STU_06045,24,Female,University,7.61,3.31,4.18,0.1,62.75,82.2
STU_06046,23,Male,University,7.17,2.13,5.26,0.59,70.56,63.65
STU_06047,13,Female,High School,2.54,2.67,4.98,1.08,78.04,74.48
STU_06048,18,Female,College,6.68,0,5.4,0,59.95,58.84
STU_06049,15,Male,High School,7.73,4.11,5.64,1.71,77.07,85.16
STU_06050,20,Non-binary,College,8.33,5.28,4.94,0.97,69.06,69.28
STU_06051,18,Non-binary,College,8.42,5.16,4.22,2.99,72.3,99.9
STU_06052,24,Non-binary,University,1.75,2.62,7.38,1.95,70.55,97.69
STU_06053,14,Non-binary,High School,5.1,0,7.36,1.33,74.27,95.52
STU_06054,18,Female,College,2.77,1.85,7.78,0,69.54,98.37
STU_06055,19,Non-binary,College,1.23,2.98,8.99,1.34,87.7,96.97
STU_06056,17,Female,High School,5.7,2.74,6.86,1.84,71.46,87.6
STU_06057,15,Male,High School,5,0,5.53,1.32,75.17,74.63
STU_06058,16,Female,High School,4.93,3.78,5.64,2.14,68.34,84.6
STU_06059,16,Female,High School,3.31,3.89,7.04,1.78,89.46,97.76
STU_06060,18,Female,College,10.6,3.88,5.96,1.56,70.4,84.71
STU_06061,22,Male,University,8.27,1.21,5.06,0,69.2,78.34
STU_06062,13,Male,High School,3.45,0,8.02,1.49,67.79,95.16
STU_06063,23,Female,University,4.44,1.62,5.26,0.35,70.83,86.43
STU_06064,16,Female,High School,5.74,4.62,4.34,0.6,60.26,83.99
STU_06065,22,Male,University,7.07,0.76,7.05,0,53.08,73.1
STU_06066,25,Male,University,5.71,0.94,5.72,3.04,66.46,98.62
STU_06067,16,Male,High School,4.79,0.59,6.06,0,69.3,98.39
STU_06068,22,Female,University,0.96,1.74,6.43,0.77,83.53,89.39
STU_06069,13,Male,High School,9.41,3.25,5.93,0.39,56.14,87.2
STU_06070,21,Female,College,2.92,3.72,6.24,2.79,79.1,94.05
STU_06071,16,Non-binary,High School,7.15,0.23,6.37,0,69.37,97.8
STU_06072,19,Female,College,4.58,4.32,7.32,0.05,79.42,83.98
STU_06073,24,Male,University,7.63,4.58,5.28,1.97,76.5,93.12
STU_06074,15,Female,High School,1.25,1.99,7.66,0.77,83.56,92.87
STU_06075,22,Female,University,2.91,0,8.88,0,53.75,69.96
STU_06076,24,Male,University,4.15,4.76,5.04,0.35,71.02,66.92
STU_06077,15,Female,High School,2.21,3.18,8.4,2.46,84.32,93.13
STU_06078,20,Female,College,3.16,5.93,5.29,1.88,79.88,94.86
STU_06079,20,Female,College,7.73,0,5.41,1.51,68.33,85.04
STU_06080,23,Female,University,5.88,3.02,4.47,2.08,63.55,88.74
STU_06081,24,Male,University,8.12,5.14,5.08,1.65,59.93,85.92
STU_06082,13,Male,High School,4.66,3.34,6.88,1.06,70.71,97.25
STU_06083,22,Male,University,4.1,0,7.71,2.46,81.43,88.43
STU_06084,14,Female,High School,1.23,0,8.43,0.64,77.53,85.1
STU_06085,20,Female,College,7.12,5.74,3.33,1.73,63.42,79.22
STU_06086,13,Male,High School,4.1,1.39,4.71,0,73.14,82.54
STU_06087,24,Male,University,4.99,3.36,6.74,1.74,82.88,92.32
STU_06088,20,Female,College,3.1,0.16,7.63,2.2,77.44,98.29
STU_06089,20,Female,College,11.61,1.48,6.78,0.21,69.78,72.9
STU_06090,14,Male,High School,4.81,4.22,6.74,3.32,53.99,97.89
STU_06091,16,Female,High School,2.71,3.01,5.32,0.92,72.34,89.81
STU_06092,18,Female,College,1.6,1.69,5.93,2.14,73.24,82.73
STU_06093,24,Male,University,5.82,3.94,6.36,3.03,62.59,99.15
STU_06094,23,Male,University,2.62,2.4,5.11,2.92,74.88,97.12
STU_06095,21,Male,College,3.37,4.3,5.38,2.29,86.79,99.69
STU_06096,20,Male,College,0.68,1.73,7.09,0.46,77.08,99.5
STU_06097,24,Female,University,4.67,3.03,6.18,0.69,51.81,86.86
STU_06098,20,Male,College,4.64,6.1,6.16,0,67.85,66.26
STU_06099,19,Male,College,9.14,2.78,6.19,0.5,73.81,80.53
STU_06100,25,Female,University,3.16,3.75,4.92,2.26,77.09,99.01
STU_06101,21,Male,College,0,0,7.57,1.92,71.96,99.87
STU_06102,14,Female,High School,3.94,2.76,5.06,0,49.72,67.31
STU_06103,15,Male,High School,7.76,2.87,5.91,3.03,69.37,98.58
STU_06104,22,Female,University,6.03,0.32,7.28,0.95,71.29,79.3
STU_06105,20,Non-binary,College,7.22,2.01,6.67,0.53,60.11,64.28
STU_06106,18,Male,College,5.63,1.98,5.25,0.92,57.78,79.45
STU_06107,22,Female,University,3.4,0.5,5.6,2.65,66.64,99.22
STU_06108,21,Male,College,1.69,1.59,8.83,0.56,86.09,80.66
STU_06109,22,Female,University,2.04,6.3,7.43,2.04,79.86,98.09
STU_06110,16,Female,High School,2.99,2.54,6.55,2.3,70.8,93.36
STU_06111,20,Male,College,6.09,3.06,7.68,3.02,77.39,97.79
STU_06112,22,Female,University,4.3,5.89,6.08,0,64.38,77.22
STU_06113,15,Male,High School,0,0,10.24,0.99,80.41,99.9
STU_06114,15,Non-binary,High School,5.3,6.38,5.75,0.34,69.84,65.32
STU_06115,20,Male,College,7.56,3.84,8.94,0.67,78.89,99.67
STU_06116,17,Female,High School,0.55,0.28,7.59,1.32,81.67,97.7
STU_06117,15,Male,High School,5.87,0.27,5.13,0.9,74.25,98.97
STU_06118,22,Female,University,0,3.94,7.15,2.31,80.88,81.24
STU_06119,23,Non-binary,University,2.31,3.9,7.61,0.94,57.22,86.54
STU_06120,13,Female,High School,1.29,3.28,7,1.91,59.05,92.3
STU_06121,15,Male,High School,6.21,0.79,5.79,1.83,81.32,97.57
STU_06122,24,Female,University,8.66,2.92,6.23,1.53,71.62,95.94
STU_06123,21,Male,College,7.16,1.34,7.05,1.08,66.15,87.09
STU_06124,17,Male,High School,7.07,2.01,5.4,1.88,56.84,83.52
STU_06125,24,Male,University,2.17,0.72,7.03,0.29,69.02,84.86
STU_06126,22,Male,University,5.96,1.28,5.28,0.31,77.9,76.77
STU_06127,14,Female,High School,5.1,0,7.17,0.5,73.19,89.24
STU_06128,19,Male,College,1.56,5.21,5.62,1.98,73.03,98.45
STU_06129,14,Female,High School,7.19,0.98,6.6,1.38,65.07,92.13
STU_06130,16,Male,High School,5.58,4.97,7.53,2.32,74.77,94.61
STU_06131,24,Male,University,3.95,1.68,7.55,0.28,73.57,86.08
STU_06132,19,Female,College,6.55,1.43,6.07,3.29,78.53,99.68
STU_06133,16,Male,High School,4.87,0,5.2,1.18,78.85,83.58
STU_06134,19,Male,College,7.5,5.93,5.81,0.28,71.39,91.77
STU_06135,19,Male,College,9.22,4.39,5.23,2.02,68.97,99.48
STU_06136,13,Female,High School,3.8,0.8,6.88,1.98,79.2,81.56
STU_06137,18,Female,College,3.77,4.16,6.65,1.11,83.25,72.67
STU_06138,21,Male,College,3.27,4.43,6.08,0.81,73.72,97.34
STU_06139,14,Male,High School,4.54,2.87,5.71,0.7,71.11,95.48
STU_06140,15,Female,High School,7.88,2.81,6.55,1.14,75.04,67.78
STU_06141,22,Non-binary,University,1.85,2.48,8.82,1.4,87.09,99.24
STU_06142,17,Male,High School,1.07,1.09,7.46,0,81.24,94.52
STU_06143,21,Female,College,5.09,1.78,6.47,0.72,71.7,98.74
STU_06144,16,Male,High School,4.41,0.76,8,2.01,60.82,97.04
STU_06145,13,Male,High School,4.98,4.36,6.01,0.41,64.42,88.77
STU_06146,16,Male,High School,0,5.49,8.5,0.45,83.76,80.72
STU_06147,18,Female,College,8.35,3.15,6.89,1.59,86.28,88.45
STU_06148,17,Male,High School,5.01,1.56,3.32,3.11,74.67,77.29
STU_06149,25,Female,University,10.62,1.7,6.22,1.31,57.71,70.41
STU_06150,13,Male,High School,5.53,3.14,5.63,0,69.02,99.17
STU_06151,16,Male,High School,3.5,3.51,7.57,1.13,76.03,96.81
STU_06152,18,Female,College,5.14,2.76,4.51,2.28,61.4,93.25
STU_06153,25,Male,University,8.2,1.2,6.07,0,68.85,96.21
STU_06154,22,Male,University,2.7,4.61,6.43,2.86,79.62,98
STU_06155,22,Male,University,5.96,2.73,5.86,1.87,58.62,85.51
STU_06156,16,Male,High School,5.59,3.33,7.54,1.54,78.5,96.09
STU_06157,21,Male,College,5.99,0,9.98,0,78.63,89.47
STU_06158,17,Male,High School,2.23,2.11,7.26,2.72,66.91,94.31
STU_06159,20,Male,College,6.09,3.78,7.8,1.05,79.17,99.89
STU_06160,21,Male,College,5.91,0.28,8.19,0.11,78.75,67.09
STU_06161,22,Non-binary,University,8.42,0,9.15,0.13,69.51,81.65
STU_06162,17,Male,High School,8.93,4.54,6.64,0,65.52,92.16
STU_06163,18,Male,College,5.43,2.73,7.4,1.54,75.6,84.69
STU_06164,13,Non-binary,High School,5.07,2.86,6.31,1.23,70.18,97.99
STU_06165,23,Female,University,2.1,3.22,5.72,0.8,75.59,61.87
STU_06166,24,Male,University,4.01,2.97,7.97,1.96,64.29,89.42
STU_06167,19,Male,College,3.36,0,6.34,1.31,66.29,98.4
STU_06168,16,Female,High School,6.94,1.77,3.88,0.55,68.46,67.51
STU_06169,23,Male,University,5.27,2.24,8.32,0,81.41,87.98
STU_06170,14,Female,High School,2.05,2.79,6.7,3.68,70.22,98.66
STU_06171,17,Non-binary,High School,2.4,2.55,7.31,4.29,81.94,97.52
STU_06172,24,Female,University,10.88,1.73,4.38,0,70.36,92.49
STU_06173,15,Male,High School,3.43,4.09,7.62,0,69.44,94.14
STU_06174,18,Female,College,6.19,1.99,6.06,0.57,54.85,91.99
STU_06175,20,Female,College,4.56,2.83,6.75,1.01,55.4,97.75
STU_06176,19,Female,College,3.88,5.37,7.13,1.12,74.79,93.69
STU_06177,15,Male,High School,7.43,0,6.32,1.69,81.8,87.45
STU_06178,20,Female,College,3.36,0,6.14,0.33,75.73,84.16
STU_06179,14,Female,High School,3.75,3.12,6.64,1.79,77.69,83.94
STU_06180,22,Non-binary,University,7.94,3.56,5.51,0,74.29,59.54
STU_06181,21,Female,College,3.54,6.42,3.11,0.36,69.31,71.79
STU_06182,16,Male,High School,0.98,2.56,7.15,3.6,78.67,99.66
STU_06183,13,Female,High School,1.68,2.18,8.08,4.29,84.97,98.51
STU_06184,20,Male,College,5.79,1.55,4.3,0.36,59.09,92.5
STU_06185,19,Female,College,2.75,4.45,7.42,0.59,66.82,96.32
STU_06186,23,Male,University,7.32,3.42,6.84,1.41,57.5,83.09
STU_06187,25,Male,University,4.55,3.98,7.87,0,69.47,89
STU_06188,17,Female,High School,6.41,3,6.59,3.15,84,86.69
STU_06189,22,Male,University,5.38,4.04,6.02,0,83.23,93.42
STU_06190,25,Female,University,7.15,5.03,5.93,0,65.46,83.76
STU_06191,17,Female,High School,9.21,3.57,5.6,0,56.9,85.61
STU_06192,19,Male,College,5.91,1.53,5.06,2.66,76.32,85.45
STU_06193,17,Male,High School,5.79,0.76,6.11,2.61,80.17,84.77
STU_06194,20,Female,College,7.28,2.78,6.72,0.81,57.7,71.51
STU_06195,23,Male,University,3.09,5.22,6.41,1.37,60.22,90.95
STU_06196,25,Female,University,5.85,2.87,5.79,0.09,52.68,88.04
STU_06197,18,Female,College,2.2,0,7.27,3.14,82.21,99.37
STU_06198,25,Female,University,2.6,5.7,5.66,0.22,71.12,85.19
STU_06199,17,Female,High School,3.31,3.33,6.87,1.16,83.5,89.75
STU_06200,21,Female,College,7.67,2.34,6.64,0.25,50.05,86.16
STU_06201,23,Female,University,4.15,2.2,6.84,2.63,59.62,98.11
STU_06202,14,Female,High School,2.55,0,5.9,1.27,80.5,66.68
STU_06203,13,Female,High School,6.4,1.01,7.47,0,75.17,94.52
STU_06204,20,Male,College,0.38,0.98,6.39,0.27,75.79,77.08
STU_06205,24,Male,University,0,3.62,7.18,0.13,77.51,83.11
STU_06206,15,Female,High School,3.87,2.12,8.34,0,66.25,82.97
STU_06207,23,Female,University,3.83,4.46,4.44,1.04,49.94,99.19
STU_06208,24,Male,University,7.11,0,5.43,2.14,69.22,98.61
STU_06209,24,Male,University,7.5,6.57,5.79,0.32,63.36,81.6
STU_06210,24,Female,University,4.25,4.74,5.81,0.48,60.32,99.71
STU_06211,19,Male,College,3.98,3.27,4.79,0,54.99,88.11
STU_06212,22,Male,University,2.56,1.88,6.98,2.28,70.41,91.57
STU_06213,25,Male,University,4.23,3.92,3.83,2.03,76.7,83.75
STU_06214,23,Female,University,0,2.66,9.85,1.36,81.8,99.4
STU_06215,20,Female,College,3.37,2.14,7.84,1.33,68.03,98.87
STU_06216,25,Male,University,4.3,3.85,5.43,0,78.75,96.75
STU_06217,25,Male,University,2.54,4.06,6.34,0.99,64.2,89.71
STU_06218,18,Female,College,2.89,3.14,4.84,1.44,64.35,97.41
STU_06219,24,Female,University,3.75,1.64,8.41,1.34,75.16,88.38
STU_06220,22,Female,University,4.48,2.28,6.77,0.9,81.76,84.06
STU_06221,21,Male,College,6.66,0.08,4.86,1.17,67.92,86.8
STU_06222,19,Male,College,5.57,0,6.22,1.97,80.26,88.03
STU_06223,22,Female,University,6.7,1.42,7.21,0.9,85.51,75.51
STU_06224,17,Male,High School,5.93,4.25,6.86,0.38,75.45,81.57
STU_06225,20,Female,College,4.79,2.71,7.19,2.12,73.55,95.59
STU_06226,14,Male,High School,9.9,4.15,5.62,2.33,57,97.28
STU_06227,19,Male,College,2.71,4.82,3.87,0.98,76.13,84.35
STU_06228,16,Male,High School,2.22,3.15,9.79,1.76,78.85,99.32
STU_06229,21,Female,College,4.12,0.63,6.4,1.57,79.07,94.82
STU_06230,24,Male,University,4.35,3.96,6.87,0.24,74.17,88.17
STU_06231,13,Male,High School,4.84,0.46,8.72,1.86,65.37,98.91
STU_06232,19,Male,College,2.11,1.54,7.31,0,69.78,88.36
STU_06233,18,Male,College,9.39,4.94,7.36,0,38.31,77.24
STU_06234,20,Male,College,3.64,2.49,8.09,0.99,72.23,83.73
STU_06235,17,Male,High School,2.09,3.33,8.76,2.46,75.43,99.33
STU_06236,13,Male,High School,5.16,0,7.47,1.9,54.78,78.9
STU_06237,13,Female,High School,7.24,1.93,5.84,0.87,65.91,76.13
STU_06238,21,Female,College,8.53,3.01,5.34,2.38,64.63,89.38
STU_06239,22,Male,University,0,2.67,9.41,0.41,80.97,99.14
STU_06240,18,Male,College,6.42,3.92,5.94,0.82,63.49,79.94
STU_06241,22,Female,University,8.89,1.36,7.19,1.78,76.41,71.53
STU_06242,17,Male,High School,3.01,4.57,5.87,0.36,71.65,90.02
STU_06243,13,Male,High School,3.92,1.67,6.28,1.6,61.39,92.73
STU_06244,18,Female,College,2.13,2.54,7.14,2.29,75.92,78.75
STU_06245,18,Female,College,3.1,0.72,6.44,0,69.4,76.58
STU_06246,15,Male,High School,1.84,3.5,6.12,0,65.08,83.99
STU_06247,25,Male,University,6.84,1.13,6.01,0.79,75.5,94.05
STU_06248,20,Female,College,4.23,2.97,7.46,0,54.78,66.49
STU_06249,13,Male,High School,0,3.97,6.51,0.59,58.23,86.5
STU_06250,13,Female,High School,2.99,4.16,6.67,1.87,62.24,99.48
STU_06251,18,Male,College,2.77,7.21,8.41,2.38,67.49,93.53
STU_06252,22,Male,University,6.64,2.51,6.91,1.49,83.6,79.04
STU_06253,25,Female,University,4.33,1.94,8.25,0,77.16,97.83
STU_06254,13,Female,High School,4.26,1.37,7.06,0,80.48,69.09
STU_06255,18,Female,College,6.11,3.61,6.08,0.63,62.79,82.31
STU_06256,13,Male,High School,7.14,2.27,8.04,1.16,63.09,91.66
STU_06257,25,Female,University,5.17,0.98,5.03,1.68,82.22,97.44
STU_06258,18,Female,College,2.86,0.92,8.02,1.97,87.44,96.88
STU_06259,15,Female,High School,0.74,4.76,8.47,2.1,76.97,96.94
STU_06260,20,Female,College,8.12,4.09,4.07,1.99,61.15,87.84
STU_06261,25,Male,University,12.65,4.76,4.19,0.4,70.6,75.89
STU_06262,18,Male,College,4.81,0,7.08,0.66,84.14,97.74
STU_06263,25,Female,University,5.29,1.86,7.09,0.54,66.84,98.9
STU_06264,23,Female,University,8.26,0.85,7.51,0,64.07,77.06
STU_06265,25,Male,University,0.22,2.74,5.85,3.48,81.49,87.1
STU_06266,13,Male,High School,6.89,1.08,5.51,1.44,78.41,93.01
STU_06267,17,Non-binary,High School,5.44,5.01,8.1,0.21,68.47,83.94
STU_06268,20,Female,College,2.58,1.86,7.94,0,65.43,93.12
STU_06269,15,Female,High School,3.2,5.84,7.17,1.49,71.68,97.11
STU_06270,24,Male,University,1.21,4.05,6.92,2.09,74.53,79.9
STU_06271,18,Female,College,7.31,4.13,5.93,1.58,43.61,86.21
STU_06272,17,Male,High School,1.9,5.61,7.72,2.33,88.2,97.35
STU_06273,18,Male,College,5.53,2.62,7.4,1.21,61.7,84.42
STU_06274,22,Male,University,0.43,4.02,7.16,2.33,82.78,98.93
STU_06275,13,Female,High School,7.99,3.07,4.47,0.75,78.68,98.37
STU_06276,19,Female,College,3.99,1.08,5.19,1.73,61.74,98.77
STU_06277,21,Female,College,7.18,1.36,7.27,0.21,70.52,74.17
STU_06278,14,Male,High School,3.97,2.14,7.18,0.37,78.16,90.93
STU_06279,22,Female,University,2.98,3.31,6.38,0,64.7,81.9
STU_06280,17,Female,High School,1.15,3.85,5.16,1.08,79.71,90.05
STU_06281,22,Female,University,7.13,3.51,7.68,0.61,69.5,98.44
STU_06282,16,Non-binary,High School,3.59,3.54,5.87,0.04,58.97,76.77
STU_06283,18,Male,College,5.24,2,6.06,1.62,81.33,98.8
STU_06284,18,Female,College,2.73,0,6.9,1.37,76.5,87.91
STU_06285,23,Female,University,4.46,3.87,5.01,2.72,74.36,98.89
STU_06286,14,Female,High School,5.01,1.06,5.01,1.79,59.53,81.94
STU_06287,14,Female,High School,0.11,6.38,7.08,0.31,65.75,83.13
STU_06288,16,Male,High School,2.79,3.12,8.32,3.14,85.64,98.2
STU_06289,13,Female,High School,8.36,4.94,8.6,0.1,73.28,90.09
STU_06290,21,Female,College,2.46,0.52,7.78,0.27,83.55,85.02
STU_06291,25,Male,University,6.52,4.37,7.97,3.14,84.48,99.13
STU_06292,19,Female,College,5.32,3.79,7.08,1.68,79.8,85.36
STU_06293,24,Male,University,5.78,3.18,7.77,0.44,60.37,88.25
STU_06294,19,Male,College,6.08,0.61,6.51,2.23,62.41,85.11
STU_06295,15,Female,High School,4.55,1.23,7.1,1.98,80.65,96.41
STU_06296,23,Female,University,3.08,3.68,7.18,2.86,80.25,97.21
STU_06297,24,Male,University,2.64,1.23,7.12,0,61.45,83.33
STU_06298,15,Male,High School,3.67,1.01,6.46,0.48,68.58,93.89
STU_06299,13,Male,High School,7.63,1.59,7.11,0.41,82.94,92.42
STU_06300,15,Male,High School,1.11,3.4,6.54,2.58,59.4,90.64
STU_06301,15,Male,High School,3.72,5.06,6.96,0.25,64.43,92.33
STU_06302,16,Male,High School,0.71,3.25,6.8,0,81.97,91.34
STU_06303,16,Male,High School,3.04,4.7,8.45,0,83.8,84.03
STU_06304,15,Female,High School,4.19,2.25,8.13,0.39,78.61,80.48
STU_06305,22,Female,University,7.99,6.17,5,1.43,63.09,92.06
STU_06306,24,Female,University,8.26,4.9,5.46,0.85,59.31,72.21
STU_06307,20,Female,College,0.01,4.11,6.71,1.96,80.89,96.62
STU_06308,20,Male,College,0.72,3.32,7.26,1.98,87.13,99.36
STU_06309,25,Female,University,4.09,3.21,4.05,0.23,65.32,82.58
STU_06310,25,Female,University,6.4,0,7.09,0.88,67.17,85.53
STU_06311,13,Male,High School,0.49,0,5.77,2.47,81.25,97.35
STU_06312,19,Male,College,3.57,3.68,5.91,1.52,67.27,96.14
STU_06313,23,Male,University,7.09,2.63,6.93,0.07,78.64,92.11
STU_06314,14,Female,High School,7.39,3.51,8.13,0.76,89.79,93.78
STU_06315,13,Male,High School,3.74,0.47,6.73,0.25,70.55,82.91
STU_06316,15,Female,High School,0,5.24,7.49,2.09,76.24,99.63
STU_06317,16,Male,High School,7.12,2.14,4.86,1.4,41.57,90.85
STU_06318,25,Male,University,2.2,3.18,6.42,2.38,84.4,97.56
STU_06319,18,Female,College,5.84,1.59,5.5,1.05,74.42,92.9
STU_06320,22,Female,University,2.25,3.09,7.12,0,79.16,98.37
STU_06321,17,Male,High School,4.75,6.79,4.84,2.31,77.15,83.38
STU_06322,16,Female,High School,5.28,4.58,7.64,0.77,69.96,99.68
STU_06323,20,Male,College,7.71,1.48,5.37,1.27,57.69,81.37
STU_06324,23,Female,University,0.98,0.69,6.99,1.32,56.39,96.2
STU_06325,24,Female,University,2.3,3.14,5.96,1.35,78.95,79.9
STU_06326,16,Female,High School,8.53,1.91,4.51,1.01,70.24,98.84
STU_06327,25,Male,University,5.08,1.28,4.66,0,64.88,77
STU_06328,22,Male,University,2.35,6.08,3.69,0.9,72.87,78.65
STU_06329,24,Female,University,6.31,0,6.4,1.5,82.77,85.55
STU_06330,25,Male,University,2,3.78,8.02,1.59,76.02,99.44
STU_06331,14,Female,High School,4.99,6,5.55,0.68,82.85,84.79
STU_06332,15,Female,High School,2.79,0.41,5.49,0.67,70.57,92.58
STU_06333,18,Male,College,7.61,1.75,5.21,0.63,61.4,72.94
STU_06334,20,Female,College,2.36,1.91,6.59,1.14,84.55,80.98
STU_06335,20,Male,College,0,5.4,6.07,3.1,79.68,97.93
STU_06336,23,Non-binary,University,3.38,2.45,7.87,0.52,74.81,85.88
STU_06337,21,Female,College,2.83,6.19,8,3.7,81.94,99.26
STU_06338,19,Female,College,3.89,4.03,6.19,1.32,71.05,83.74
STU_06339,25,Male,University,5.89,1.87,4.48,2.28,78.96,91.72
STU_06340,14,Female,High School,1.55,0.47,6,2.24,74.65,92.83
STU_06341,20,Female,College,2.56,0.68,6.88,1.46,67.06,93.57
STU_06342,19,Male,College,4.49,3.69,4.81,1.37,76.88,70.52
STU_06343,20,Male,College,2.85,7.12,6.35,2.32,73.6,99.04
STU_06344,24,Male,University,4.66,1.65,7.11,2.9,71.39,94.62
STU_06345,15,Non-binary,High School,5.84,1.34,6.24,0.22,52.6,85
STU_06346,19,Female,College,4.53,3.68,6.43,0.05,65.83,88.52
STU_06347,22,Female,University,7.25,2.15,5.05,0.74,60.24,79.8
STU_06348,25,Female,University,2.13,1.66,6.12,1.02,80.36,87.54
STU_06349,21,Male,College,3.05,5.29,6.44,1.98,57.85,82.95
STU_06350,15,Male,High School,8.23,5.25,5.09,0.91,69.45,94.66
STU_06351,22,Male,University,2.66,3.02,6.81,1.09,84.38,98.11
STU_06352,18,Male,College,10.63,1.33,4.42,0,47.93,89.91
STU_06353,14,Female,High School,6.92,3.2,4.34,1.87,56.16,92.61
STU_06354,14,Female,High School,2.45,4.34,6.4,2.1,79.96,92.14
STU_06355,17,Non-binary,High School,5.96,4.92,7.48,0.44,86.23,83.11
STU_06356,17,Male,High School,5.24,4.52,4.34,0.52,64.36,75.26
STU_06357,25,Female,University,0.86,0,9.03,2.34,79.63,94.37
STU_06358,19,Female,College,8.36,3.39,7.66,1.07,58.93,85.76
STU_06359,24,Female,University,6.55,3.89,3.85,0.42,58.25,79.71
STU_06360,14,Female,High School,8.18,4.16,7.35,2.31,64.86,79.26
STU_06361,23,Male,University,7.12,3.15,4.45,0,54.59,74.21
STU_06362,25,Female,University,5.37,2.58,6.97,2.03,61.64,85.45
STU_06363,19,Female,College,7.2,1.97,8.09,3.83,77.78,97.43
STU_06364,17,Female,High School,1.16,1.07,7.67,0,71.45,97.86
STU_06365,18,Male,College,9.46,1.36,6.59,0,77.53,65.88
STU_06366,20,Male,College,6.36,4.99,7.02,3.01,86.42,98.59
STU_06367,22,Male,University,0,3.79,10.83,1.61,88.55,98.28
STU_06368,25,Female,University,0.76,3.99,6.26,1.7,66.56,99.17
STU_06369,24,Female,University,5.22,1.48,8.06,1.83,81.42,97.4
STU_06370,16,Male,High School,2.28,3.46,5.29,0,72.61,97.08
STU_06371,25,Female,University,5.8,5.81,4.59,2.18,67.56,92.47
STU_06372,19,Male,College,2.04,2.75,7.35,0.05,56.96,93.06
STU_06373,18,Male,College,1.32,3.92,8.06,2.39,82.84,98.69
STU_06374,22,Female,University,3.15,1.59,7.6,0,78.48,84.44
STU_06375,14,Female,High School,12.67,1.8,4.94,1.06,70.55,78.46
STU_06376,20,Male,College,1.76,3.01,6.48,1.57,87.38,99.16
STU_06377,22,Male,University,7.64,1.25,5.21,1.38,67.62,96.35
STU_06378,21,Female,College,2.61,1.16,7.36,3.22,80.57,97.78
STU_06379,17,Male,High School,4.28,2.2,7.26,0.89,77.68,91.16
STU_06380,22,Female,University,4.81,2.87,7.84,3.16,77.74,97.05
STU_06381,16,Female,High School,4.34,1.4,5,0,66.68,83.35
STU_06382,18,Male,College,4.62,2.8,10.86,3.73,83.21,97.5
STU_06383,20,Male,College,5.35,0.48,5.3,0.3,69.34,83.45
STU_06384,23,Female,University,0.77,2.8,5.93,2.28,78.66,99.32
STU_06385,15,Female,High School,4.17,0,6.68,1.93,73.28,99.89
STU_06386,22,Female,University,4.36,4.45,6.4,0.75,51.16,84.37
STU_06387,23,Male,University,5.89,0,7.36,2.28,73.51,98.44
STU_06388,23,Female,University,3.8,5.3,7.17,1.58,76.79,98.72
STU_06389,13,Male,High School,5.82,3.27,7.08,1.71,72.39,80.26
STU_06390,16,Female,High School,2.87,3.56,8.51,0.6,78.28,88.2
STU_06391,16,Female,High School,3.12,1.71,8.05,1.92,67.77,91.68
STU_06392,13,Male,High School,5.28,3.48,4.82,0.19,74.54,81.93
STU_06393,21,Female,College,1.93,2.84,6.46,0.82,75.75,78.1
STU_06394,15,Male,High School,3.09,0.43,6.27,0.11,51.67,81.39
STU_06395,17,Female,High School,3.26,3.89,6.39,2.24,69.54,99.92
STU_06396,18,Male,College,3.4,1,8.41,1.17,77.47,97.15
STU_06397,20,Female,College,4.64,6.71,7.05,0.02,74.72,74.02
STU_06398,18,Male,College,2.27,1.09,6.92,2.49,66.42,97.22
STU_06399,15,Female,High School,6.06,0,8.02,0,71.94,94.04
STU_06400,18,Female,College,3.82,5.55,7.57,0.33,58.12,88.6
STU_06401,13,Non-binary,High School,5.51,3.9,4.63,0.59,67.6,78.06
STU_06402,16,Female,High School,1.43,3.32,5.84,0.62,67.02,88.67
STU_06403,18,Male,College,0,1.5,7.84,2.72,77.47,98.97
STU_06404,19,Male,College,6.86,2.62,6.04,2.19,55.25,94.65
STU_06405,23,Male,University,5.02,2.22,7.44,1.87,68.75,98.67
STU_06406,25,Female,University,5.87,4.11,5.72,0,43.26,66.93
STU_06407,23,Male,University,7.79,1.43,7.18,0.3,45.57,77.63
STU_06408,22,Male,University,2.15,1.6,7.01,1.58,73.64,76.53
STU_06409,15,Male,High School,0,3.8,7.83,2.44,74.17,92.51
STU_06410,21,Female,College,6.95,4.89,6.44,0.67,69.04,87.43
STU_06411,24,Male,University,6.13,1.8,6.06,1.35,85.45,79.39
STU_06412,24,Male,University,7.26,3.66,8.09,1.77,72.63,85.4
STU_06413,19,Male,College,8.65,4.37,5.44,1.93,56.68,96.8
STU_06414,13,Female,High School,1.57,0.85,9.85,1.85,79.82,98.91
STU_06415,14,Female,High School,6.84,2,4.09,0.46,68.14,77.89
STU_06416,13,Male,High School,3.87,0,5.62,1.02,60.86,90.05
STU_06417,23,Female,University,6.92,6.21,6.13,0.39,60.62,67.74
STU_06418,21,Male,College,9.09,2.94,3.99,1.8,55.84,79.2
STU_06419,21,Male,College,4.57,4.14,5.76,0.97,67.06,79.13
STU_06420,19,Male,College,2.64,1.79,7.93,3.75,76.29,97.77
STU_06421,22,Female,University,1.11,1.61,6.96,1.11,83.06,97.25
STU_06422,15,Female,High School,0,2.31,8.15,0.18,78.01,92.99
STU_06423,25,Male,University,8.1,2.17,7.73,4,82.57,97.02
STU_06424,17,Female,High School,7.84,6.4,5.85,1.91,68.48,98.71
STU_06425,16,Male,High School,7.03,3.22,4.9,0,67.38,95.18
STU_06426,19,Non-binary,College,3.75,3.72,6.41,0,64.47,64.1
STU_06427,21,Female,College,6.47,2.54,6.21,3.53,68.51,99.68
STU_06428,24,Female,University,5.26,2.64,6.62,0,67.31,89.08
STU_06429,14,Female,High School,1.6,3.72,6.39,1.34,70.06,90.6
STU_06430,25,Non-binary,University,7.37,2.44,6.27,1.52,72,87.35
STU_06431,20,Non-binary,College,5.77,5.02,7.2,2.42,63.87,91.75
STU_06432,21,Female,College,6.34,1.02,3.42,3.46,67.38,97.68
STU_06433,22,Male,University,5.32,4.69,6.96,1.97,84.26,88.12
STU_06434,22,Male,University,4.83,4.6,5.5,3.36,78.59,90.84
STU_06435,21,Male,College,5.38,6.25,3.81,2.45,71.73,97.92
STU_06436,22,Female,University,3.79,0,4.93,2.59,66.93,98.71
STU_06437,19,Male,College,6.02,4.44,6.65,1.84,65.96,98.62
STU_06438,21,Female,College,9.38,1.31,5.63,0,64.72,81.13
STU_06439,21,Female,College,5.66,4.11,8.07,3.28,68.07,99.04
STU_06440,15,Female,High School,7.29,4.1,7.69,0.53,63.75,74.21
STU_06441,16,Male,High School,1.55,0.96,5.74,2.5,84.11,99.61
STU_06442,14,Female,High School,6.53,3.79,6.04,0,60.83,82.77
STU_06443,22,Male,University,5.77,1.89,8.12,1.87,72.72,93.45
STU_06444,15,Female,High School,7.19,1.26,5.27,2.68,79.63,87.44
STU_06445,23,Female,University,3.44,0,9.09,0,60.6,83.62
STU_06446,23,Male,University,6.96,5.04,5.82,1.52,67.78,84.86
STU_06447,17,Female,High School,2.7,2.34,7.29,0,65.57,89.41
STU_06448,17,Male,High School,7.35,0.61,6.42,0.97,57.22,79.57
STU_06449,18,Female,College,7.52,3.07,6.31,2.33,78.82,89.45
STU_06450,25,Male,University,1.74,2.69,7.95,0.75,81.82,89.1
STU_06451,19,Female,College,5.41,0.84,5.58,1.66,80.57,82.9
STU_06452,19,Male,College,3.95,0.88,7.01,1.68,82.03,97.6
STU_06453,13,Female,High School,5.72,4.49,6.36,0.4,71.29,77.85
STU_06454,14,Male,High School,4.6,2.88,6.87,0.58,80.89,72.96
STU_06455,24,Male,University,3.94,1.34,8.17,1.96,75.49,84.52
STU_06456,21,Female,College,3.05,1.81,6.87,2.32,82.14,90.99
STU_06457,22,Male,University,8.1,1.84,6.65,0,70.06,81.26
STU_06458,14,Female,High School,2.65,0,9.09,4.03,84.08,98.26
STU_06459,18,Male,College,3.14,4.2,7.55,0.8,76.65,78.67
STU_06460,23,Male,University,1.36,1.84,7.2,2.16,76.81,97.7
STU_06461,23,Female,University,6.64,2.22,5.78,1.67,71.53,89.92
STU_06462,13,Female,High School,7.09,3.51,7.64,1.17,60.26,85.64
STU_06463,15,Female,High School,5.48,4.74,4.78,0.52,47.17,87.7
STU_06464,14,Female,High School,2.57,2.86,7.43,0.72,64.87,79.29
STU_06465,15,Male,High School,0.24,0.54,7.63,1.06,78.19,77.58
STU_06466,17,Male,High School,5.9,2.05,6.9,0.34,68.79,78.17
STU_06467,23,Male,University,6.75,2.38,7.35,0,72.6,75.51
STU_06468,22,Female,University,3.23,0,6.41,2.14,86.15,87.93
STU_06469,18,Female,College,4.69,3.36,5.52,0.17,63.4,75.63
STU_06470,21,Male,College,0.57,3.68,5.47,4.79,86.85,96.9
STU_06471,24,Male,University,2.52,2.67,6.91,2.05,87.48,98.78
STU_06472,23,Male,University,5.47,1,7.81,1.11,66.65,86.45
STU_06473,22,Non-binary,University,4.24,2.88,5.67,1.91,64.92,91.99
STU_06474,24,Female,University,4.97,4.34,4.34,0,69.57,65.19
STU_06475,24,Male,University,7.35,2.11,5.23,3.31,78.09,97.87
STU_06476,25,Female,University,1.39,3.93,7.49,1.05,70.37,93.25
STU_06477,16,Male,High School,5.01,3.28,6.41,2.83,52.06,91.58
STU_06478,19,Female,College,2.8,0,7.75,1.94,85.05,93.03
STU_06479,18,Female,College,4.06,1.57,7.66,3.41,72.29,87.53
STU_06480,14,Male,High School,5.23,3.44,7.59,1.46,66.49,84.48
STU_06481,22,Female,University,1.34,2.74,6.09,0.47,77.82,94.48
STU_06482,23,Female,University,2.87,4.19,8.77,1.94,74.16,94.82
STU_06483,23,Male,University,3.47,2.93,6.7,1.45,57.87,91.97
STU_06484,23,Female,University,5.49,3.67,7.06,1.48,74.77,79.61
STU_06485,20,Male,College,7.25,1.9,6.28,1.35,69.23,93.65
STU_06486,19,Female,College,0.32,3.1,7.88,0,87.7,89.45
STU_06487,19,Male,College,2.83,0.66,6.4,2.13,84.87,81.62
STU_06488,20,Male,College,4.13,4.07,5.7,0,77.87,78.23
STU_06489,24,Female,University,4.12,2.99,6.97,1.88,66.32,95.61
STU_06490,24,Female,University,5.54,0.31,7.81,1.71,85.93,98.82
STU_06491,25,Male,University,1.4,2.09,8.67,2.71,75.15,98.5
STU_06492,23,Non-binary,University,3.99,7,5.75,1.21,66.28,97.42
STU_06493,13,Male,High School,3.47,2.16,7.83,0,69.53,87.09
STU_06494,25,Male,University,6.3,1.94,6.77,0.8,65.59,82.23
STU_06495,13,Female,High School,4.69,1.13,6.76,1.01,67.39,93.34
STU_06496,20,Male,College,3.39,0.56,7.17,2.36,85.73,96.8
STU_06497,16,Male,High School,7.54,0.74,6.26,2.89,68.75,98.08
STU_06498,17,Female,High School,3.18,6.13,6.99,2.83,75.82,98.58
STU_06499,20,Male,College,2.5,3.16,4.77,1.02,75.66,96.06
STU_06500,17,Non-binary,High School,5.97,0,4.78,0.23,67.05,66.21
STU_06501,22,Male,University,3.31,2.54,5.9,2.87,75.7,97.21
STU_06502,16,Female,High School,4.66,4.35,7.3,0.06,77.32,74.33
STU_06503,24,Male,University,8.83,3.26,6.34,0,62.67,87.07
STU_06504,18,Male,College,3.28,0.02,7.17,2.12,81.26,99.9
STU_06505,25,Female,University,2.08,3.67,8.36,0.12,80.06,86.52
STU_06506,24,Female,University,3.96,2.55,6.11,0.62,68.72,89.37
STU_06507,17,Female,High School,3.73,2.89,7.17,1.5,81.25,78.07
STU_06508,19,Male,College,6.42,5.83,5.52,1.76,72.36,76.96
STU_06509,22,Female,University,1.08,2.46,6.73,2.02,80.85,77.24
STU_06510,19,Male,College,11.22,1.24,7.54,0.25,54.57,84.7
STU_06511,25,Female,University,2.7,0,6.84,0.39,76.33,68.69
STU_06512,16,Female,High School,5.81,1.25,6.79,0,75.21,79.65
STU_06513,24,Male,University,6.84,1.15,6.34,1.02,72.43,78.63
STU_06514,25,Female,University,4.98,0,6.7,0.68,72.98,81.71
STU_06515,17,Male,High School,6.05,3.71,6.82,3.36,62.56,86.25
STU_06516,25,Female,University,4.68,3.41,5.19,0.11,55.67,73.91
STU_06517,15,Female,High School,6.08,2.46,5.04,1.18,82.1,74.52
STU_06518,16,Male,High School,3.44,0.71,6.82,0.19,71.35,73.41
STU_06519,16,Female,High School,2.87,2.95,6.51,0,68.13,88.32
STU_06520,15,Male,High School,0.05,3.63,7.97,1.71,86.03,85.73
STU_06521,25,Female,University,5.59,5.68,7.27,0,53.2,80.92
STU_06522,22,Male,University,3.64,3.13,5.35,1.36,76.67,88.38
STU_06523,17,Female,High School,5.44,3.33,5.09,0.45,70.17,81.12
STU_06524,17,Male,High School,3.71,2.8,6.29,0,71.59,87.13
STU_06525,23,Male,University,7.6,2.15,5.63,1.1,62.14,69.06
STU_06526,19,Female,College,4.09,3.91,6.59,1.76,85.06,90.4
STU_06527,16,Male,High School,2.95,2.41,7.95,3,84.12,88.87
STU_06528,25,Male,University,3.5,2.24,7.14,0,56.45,68.59
STU_06529,16,Female,High School,5.75,1.84,7.25,1.68,74.07,85.34
STU_06530,21,Female,College,11.8,1.97,4.99,0,51,71.55
STU_06531,18,Female,College,7.93,3.11,5.1,2.04,71.17,77
STU_06532,16,Male,High School,1.48,3.62,6.14,1.65,76.91,99.48
STU_06533,14,Female,High School,5.09,1.21,6.24,2.17,63.8,97.92
STU_06534,18,Male,College,2.54,2.88,7.02,0.98,80.01,71.84
STU_06535,14,Female,High School,3.52,0.89,6.82,2.71,66.56,96.9
STU_06536,17,Female,High School,3.74,3.63,5.9,0,80.53,98.26
STU_06537,18,Female,College,4.28,5.15,6.34,1.31,63.83,86.54
STU_06538,16,Male,High School,6.7,3.49,5.51,1.93,74.93,77.49
STU_06539,25,Female,University,3.85,1.93,5.28,2.32,76.4,92.69
STU_06540,15,Female,High School,4.92,4.35,7.13,0,65.17,83.93
STU_06541,19,Female,College,4.48,0.27,6.73,0.76,85.68,94.31
STU_06542,14,Male,High School,2.75,3.04,6.87,0.33,71.21,73.89
STU_06543,25,Female,University,3.15,7.59,6.57,1.6,72.38,99.56
STU_06544,23,Female,University,2.98,0.92,6.77,1.85,83.43,92.51
STU_06545,18,Male,College,6.16,1.92,6.74,1.13,68.02,73.11
STU_06546,25,Male,University,3.57,2.1,9.09,0.46,70.2,99.38
STU_06547,16,Male,High School,8.92,0.49,7.48,1.84,58.58,98.44
STU_06548,18,Male,College,2.54,1.15,6.14,0.4,75.09,83.42
STU_06549,16,Male,High School,2.54,2.55,4.75,0,71.94,79.44
STU_06550,16,Male,High School,1.83,5.4,7.87,0.59,75.29,97.76
STU_06551,16,Female,High School,4.23,3.36,7.11,0.37,74.96,97.4
STU_06552,21,Female,College,3.15,4.52,7.22,0.5,74.49,97.29
STU_06553,19,Male,College,3.62,4,5.87,1.5,74.54,83.66
STU_06554,15,Female,High School,7.06,3.12,5.4,0,80.35,72.5
STU_06555,15,Female,High School,4.08,0,7.08,2.16,78.78,82.78
STU_06556,18,Male,College,3.56,5.4,6.85,1.36,80.61,98.79
STU_06557,18,Male,College,5.21,4.35,8.74,0.74,78.31,97.88
STU_06558,16,Female,High School,4.97,3.01,7.43,1.69,84.92,89.21
STU_06559,21,Female,College,6.38,0.19,6.83,0,60.65,82.96
STU_06560,16,Female,High School,6.59,0,3.18,0.98,52.54,72.61
STU_06561,21,Female,College,5.63,0.34,6.93,0.25,63.79,81.4
STU_06562,16,Male,High School,6.84,1.26,6.52,0.67,55.26,71.52
STU_06563,14,Female,High School,2.8,3.16,5.41,0.97,72,81.54
STU_06564,14,Male,High School,4.2,2.05,7.41,0.36,57.68,65.12
STU_06565,17,Male,High School,4.81,2.67,8.09,0.09,77.91,77.27
STU_06566,16,Male,High School,4.72,3.5,8.77,1.06,76.76,97.77
STU_06567,19,Male,College,11.74,4.68,5.14,0.45,49.56,64.17
STU_06568,23,Female,University,7.24,1.37,5.63,2.34,68.58,97.05
STU_06569,17,Female,High School,7.15,0,7.91,1.36,64.74,83.33
STU_06570,18,Non-binary,College,3.78,1.06,5.9,0,60.82,82.3
STU_06571,22,Male,University,4.33,3.58,6.71,0,76.75,58.69
STU_06572,16,Non-binary,High School,6.41,4.01,4.73,0.95,72.49,91.13
STU_06573,25,Female,University,8.26,4.05,7.22,1,58.65,75.35
STU_06574,24,Male,University,2.36,1.25,6.31,0.91,79.55,94.99
STU_06575,14,Female,High School,3.32,3.09,7.76,0.7,88.47,99.64
STU_06576,25,Female,University,4,5.24,6.47,1.17,70.75,78.51
STU_06577,22,Male,University,5.15,3.85,7.04,2.57,83.27,99.9
STU_06578,21,Female,College,6.43,0,6.19,2.19,67.6,89.03
STU_06579,22,Female,University,6.29,2.41,6.71,1.1,84.2,92.58
STU_06580,19,Female,College,5.64,1.9,7.61,1.41,72.03,83.39
STU_06581,16,Female,High School,2.6,0,6.54,0.18,76.55,82.56
STU_06582,15,Male,High School,4.07,5.14,6.84,0.22,75.24,76.26
STU_06583,22,Female,University,1.16,0.01,8.83,0.34,74.06,92.49
STU_06584,15,Female,High School,6.95,2.31,5.18,0.83,65.09,71.75
STU_06585,21,Male,College,4.58,4.85,5.54,0,76.7,71.09
STU_06586,17,Male,High School,1.59,0.92,6.32,1.32,67.33,99.65
STU_06587,25,Female,University,10.38,2.44,5.43,1.3,68.95,68.16
STU_06588,15,Male,High School,0,3.38,5.42,2.57,68.93,98.26
STU_06589,17,Female,High School,4.34,1.06,6.87,0.97,68.02,79.21
STU_06590,14,Female,High School,7.79,1.46,8.3,0,75.38,75.27
STU_06591,23,Male,University,3.29,3.04,6.85,0.25,60.54,94.76
STU_06592,16,Male,High School,4.91,3.65,8.9,1.76,81.9,95.82
STU_06593,22,Male,University,5.7,3.92,4.4,0,78.38,94.52
STU_06594,14,Female,High School,0,0.76,5.99,1.33,87.65,89.45
STU_06595,14,Female,High School,1.78,0,5.22,1.33,58.81,97.49
STU_06596,24,Female,University,4.35,4.04,3.33,2.27,60.44,79.33
STU_06597,20,Male,College,4.29,4.74,6.5,0.82,57.17,91.94
STU_06598,13,Female,High School,1.13,7.17,5.26,0.89,59.13,86.36
STU_06599,19,Female,College,4.45,8.13,3.41,0,62.7,77.88
STU_06600,17,Male,High School,5.84,5.67,5.65,1.81,62.91,91.12
STU_06601,23,Female,University,7.72,0.64,6.31,0,67.86,76.38
STU_06602,20,Male,College,5.02,2.15,6.92,0,80.87,84.86
STU_06603,13,Female,High School,2.23,3.66,6.61,1.59,76.08,95.98
STU_06604,23,Male,University,5.93,3.33,6.96,0,79.84,72.19
STU_06605,19,Male,College,6.22,2.2,5.22,2.35,84.74,86.28
STU_06606,17,Female,High School,4.09,4.88,5.19,2.5,57.18,99.02
STU_06607,16,Female,High School,3.56,1.6,8.31,0.45,75.86,75.26
STU_06608,19,Male,College,3.35,2.9,8.68,1.13,75,98.57
STU_06609,22,Female,University,6.07,2.64,4.72,0,70.53,73.32
STU_06610,14,Female,High School,4.15,3.36,6.82,0.27,78.33,85.6
STU_06611,24,Male,University,5.33,3.49,5.27,1.98,81.77,99.24
STU_06612,13,Female,High School,2.64,0.95,5.8,2.38,66.38,91.09
STU_06613,13,Female,High School,4.68,0,7.08,0.3,63.66,87.03
STU_06614,23,Female,University,1.75,1.67,7.39,0.88,80.13,81.07
STU_06615,24,Male,University,3.04,2.95,6.22,0.96,73.39,98.3
STU_06616,13,Female,High School,4.62,3.39,6.03,0,77.31,96.8
STU_06617,24,Female,University,2.64,1.4,5.63,0.75,69.9,90.79
STU_06618,17,Female,High School,3.51,3.02,8.02,1.24,81.4,97.9
STU_06619,22,Male,University,6.4,2.98,6.14,2.99,63.22,94.97
STU_06620,19,Female,College,3.76,1.3,5.69,2.75,85.39,95.64
STU_06621,14,Male,High School,3.59,2.21,6.68,2.77,83.73,90.56
STU_06622,22,Female,University,2.28,0.34,6.74,3.08,72.29,98.27
STU_06623,20,Non-binary,College,3.2,0,6.07,2.42,75.89,86.13
STU_06624,16,Male,High School,4.48,4.7,5.3,0.45,58.39,86.55
STU_06625,24,Male,University,6.08,2.86,5.11,0.2,79.01,86.62
STU_06626,15,Female,High School,0.66,1.89,5.88,1.32,78.5,95.72
STU_06627,22,Female,University,6.51,3.18,6.27,0,73.46,73.56
STU_06628,23,Male,University,3.55,3.34,6.22,3.07,71.71,96.92
STU_06629,20,Female,College,4.26,6.13,8.7,0.92,78,84.59
STU_06630,14,Female,High School,6.26,4.91,6.85,1.66,65.87,94.45
STU_06631,23,Female,University,10.06,3.13,6,2.24,77.35,67.87
STU_06632,23,Female,University,5.86,6.36,5.61,2.18,65.66,99.49
STU_06633,25,Male,University,3.27,2.34,6.39,0.81,66.62,83.48
STU_06634,15,Female,High School,4.96,4.68,4.54,0,63.27,74.2
STU_06635,24,Male,University,5.55,1.54,5.08,1.63,83.02,83.35
STU_06636,15,Male,High School,0.99,2.6,5.78,1.98,74.89,99.37
STU_06637,22,Male,University,1.79,3.71,4.93,2.14,84.57,90.57
STU_06638,23,Female,University,5.51,2.89,6.28,0.39,73.08,59.71
STU_06639,13,Female,High School,5.82,3.02,4.38,0,53.67,67.52
STU_06640,18,Male,College,5.45,2.95,6.75,0,78.88,92.63
STU_06641,14,Female,High School,6.13,4.85,5.88,1.81,84.43,93.1
STU_06642,13,Female,High School,3.57,2.68,8.59,2.35,81.62,90.52
STU_06643,14,Female,High School,7.2,1.43,6.6,2.36,88.17,98.91
STU_06644,24,Female,University,9.05,2.41,4.55,1.43,58.9,97.07
STU_06645,18,Male,College,2.89,4.83,4.96,0.36,75.6,84.72
STU_06646,16,Male,High School,1.35,4.04,8.69,1.67,75.08,92.24
STU_06647,18,Female,College,4.32,2.31,5.55,0.08,68.88,77.89
STU_06648,24,Female,University,6.7,1.1,5.58,0.54,71.91,68.18
STU_06649,21,Male,College,6.15,1.51,5.96,1.71,75.36,97.99
STU_06650,25,Female,University,4.86,2.47,6.46,0.18,65.38,64.74
STU_06651,22,Female,University,0,2.35,9.07,1.44,88.58,99.66
STU_06652,24,Female,University,2.77,1.19,7.16,3.09,81.18,79.57
STU_06653,22,Male,University,7.26,4.21,6.07,3.89,76.43,99.08
STU_06654,20,Female,College,0.14,1.48,7.23,2.46,86.12,99.19
STU_06655,13,Female,High School,4.55,0.87,6.81,0,73.91,86.47
STU_06656,25,Male,University,3.07,2.14,7.8,1.93,64.81,98.5
STU_06657,20,Male,College,6.13,3.34,5.62,0.67,70.19,98.91
STU_06658,21,Male,College,0.33,0.85,6.76,0.89,74.6,76.88
STU_06659,18,Female,College,3.75,2.59,7.85,0.29,79.72,97.93
STU_06660,22,Male,University,4.89,1.72,5.92,0,73.43,98.35
STU_06661,17,Male,High School,3.62,1.91,5.98,1.96,77.94,98.4
STU_06662,18,Male,College,6.01,2.48,7.82,2.02,68.23,96.21
STU_06663,25,Male,University,0.65,3.57,6.68,2.35,66.24,98.02
STU_06664,18,Male,College,1.69,2.52,6.85,0.47,84.4,98.66
STU_06665,21,Female,College,3.68,7.21,5.81,0.67,56.23,70.98
STU_06666,16,Female,High School,5.34,3.74,5.68,3.62,84.38,98.04
STU_06667,14,Female,High School,5.78,3.23,5.94,0,73.16,52.01
STU_06668,23,Male,University,4.93,1.95,6.23,1.2,83.06,97.81
STU_06669,23,Male,University,2.2,1.59,8.08,0.17,68.31,96.89
STU_06670,21,Male,College,3.01,4.32,5.54,1.19,72.3,93
STU_06671,14,Male,High School,7.26,0,8.75,0,71.15,81.86
STU_06672,22,Male,University,9.55,4.52,4.82,0.38,75.76,81.65
STU_06673,21,Male,College,6.02,4.59,7.18,1.96,82.64,98.6
STU_06674,14,Non-binary,High School,5.36,2.29,4.75,0.35,55.12,80.16
STU_06675,24,Male,University,1.62,4.58,6,2.16,78.25,99.53
STU_06676,20,Female,College,4.99,1.98,6.29,0,74.24,90.18
STU_06677,21,Male,College,0.29,2.33,6.18,2.17,80.44,95.33
STU_06678,24,Male,University,7.78,3.42,6.69,0,73.3,82.07
STU_06679,22,Female,University,5.9,1.83,7.11,0.48,67.27,85.8
STU_06680,21,Male,College,4.36,3.78,5.62,1.49,75.73,63.3
STU_06681,22,Male,University,1.6,1.66,4.91,2.45,74.35,99.02
STU_06682,21,Non-binary,College,4.95,3,7.21,0.74,72.78,88.03
STU_06683,14,Female,High School,0.74,7.25,6.76,1.21,80.78,99.22
STU_06684,16,Male,High School,3.71,3.37,6.02,0.04,82.97,98.23
STU_06685,19,Male,College,5.54,4.46,5.53,1.75,77.61,89.43
STU_06686,24,Female,University,2.72,4.14,5.83,2.86,68.52,97.58
STU_06687,14,Female,High School,4.4,0,7.86,0,80.44,82.77
STU_06688,13,Male,High School,10.33,2.33,5.31,0,70.41,62.1
STU_06689,15,Male,High School,0.03,4.97,8.65,1.63,85.83,97.93
STU_06690,24,Female,University,2.57,0.37,9.92,3.47,80.54,98.5
STU_06691,16,Male,High School,3.85,2.19,7.5,1.97,86.38,97.85
STU_06692,20,Male,College,3.17,6.34,9.1,0.2,80.66,89.51
STU_06693,18,Female,College,5.63,0.47,7.45,0,72.92,59.39
STU_06694,23,Male,University,5.85,4.57,5.73,1.47,69.98,91.31
STU_06695,14,Female,High School,4.61,0.95,8.68,0.38,85.98,78.21
STU_06696,21,Female,College,4.84,3.52,6.23,0,79.74,88.29
STU_06697,14,Female,High School,0.01,3.82,10.04,0,85.66,91.22
STU_06698,25,Male,University,5.68,3.95,5.64,2.33,69.28,90.51
STU_06699,24,Male,University,4.98,0.81,7.79,0.19,80.55,84.81
STU_06700,17,Male,High School,2.77,4.61,6.63,0,78.37,86.22
STU_06701,24,Male,University,8.55,1.23,4.81,0,46.35,76.16
STU_06702,16,Female,High School,4.32,0,5.78,0.87,78.78,83.98
STU_06703,25,Male,University,5.06,0.74,3.78,1.57,73.28,75.69
STU_06704,19,Male,College,4.4,1,6.66,1.78,82.81,99.39
STU_06705,20,Male,College,0.37,3.86,7.68,1.53,74.57,83.28
STU_06706,17,Male,High School,1.97,4.33,4.17,2.38,73.09,98.9
STU_06707,22,Female,University,3.81,2.77,2.91,2.58,83.88,90.14
STU_06708,17,Female,High School,6.96,0.77,5.31,1.88,47.57,99.52
STU_06709,14,Female,High School,3.36,1.55,6.96,3.18,80.66,98.15
STU_06710,20,Female,College,5.01,2.35,5.32,2,63.64,68.56
STU_06711,14,Female,High School,5.64,0.28,6.81,0,71.13,77.34
STU_06712,22,Male,University,2.5,0.51,6.37,2.26,72.21,82.28
STU_06713,24,Male,University,2.16,2.49,5.25,1.31,80.53,96.99
STU_06714,18,Female,College,2.8,2.12,7.73,1.72,52.48,98.61
STU_06715,20,Male,College,2.64,0.52,7.42,1.68,88.2,97.29
STU_06716,18,Male,College,1.78,4.84,6.3,2.72,80.97,92.89
STU_06717,16,Non-binary,High School,6.66,1.24,4.12,0.29,58.65,76.81
STU_06718,25,Male,University,5.96,0.36,5.91,0.62,81.1,97.05
STU_06719,16,Female,High School,1.79,4.82,5.66,1.06,80.86,73.7
STU_06720,18,Female,College,4.92,3.05,5.78,1.86,77.05,98.78
STU_06721,25,Male,University,3.69,1.98,5.7,2.44,66.6,92.89
STU_06722,16,Male,High School,4.2,1.24,6.32,0.14,72.79,61.28
STU_06723,20,Female,College,4.58,1.84,6.2,2.76,80.73,88.57
STU_06724,21,Male,College,0.8,1.18,8.3,2.91,80.5,99.28
STU_06725,13,Male,High School,0,1.57,6.46,1.04,62.22,87.44
STU_06726,25,Female,University,4.55,2.81,6.63,0.47,59.87,85.25
STU_06727,16,Male,High School,3.53,0.87,5.77,2.54,74.11,92.58
STU_06728,16,Male,High School,3.94,0,6.03,1.17,82.1,78.44
STU_06729,14,Male,High School,2.88,5.55,5.72,0,49.19,88.03
STU_06730,18,Female,College,4.47,0.32,7.87,0.87,74.03,98.21
STU_06731,15,Male,High School,0.31,0,6.99,0,83.48,83.8
STU_06732,19,Male,College,4.57,4.68,6.12,0.22,60.44,81.67
STU_06733,25,Male,University,0,1.65,6.74,2.98,74.24,99.42
STU_06734,23,Male,University,2.65,3.12,6.61,3.58,79.88,97.49
STU_06735,23,Female,University,3.29,4.01,6.38,1.07,52.56,91.84
STU_06736,17,Female,High School,0,4.17,6.42,1.35,80.26,92.75
STU_06737,16,Male,High School,7.66,3.42,3.66,1.86,59.8,87.38
STU_06738,17,Male,High School,4.25,1.29,6,2.82,83.37,98.84
STU_06739,20,Male,College,2.6,0.17,7.22,0.18,63.41,99.73
STU_06740,15,Female,High School,9.2,5.74,6.36,0,73.9,72.83
STU_06741,19,Male,College,5.05,2.74,4.62,2.13,68.93,97.66
STU_06742,18,Male,College,5.37,3.34,4.73,0.61,79.16,89.23
STU_06743,24,Non-binary,University,3.9,1.63,6.01,0.82,84.15,77.68
STU_06744,13,Male,High School,3.11,3.09,6.15,0,52.55,98.44
STU_06745,25,Non-binary,University,4.97,1.74,3.87,1.88,76.18,87.04
STU_06746,19,Male,College,0,1.98,7.27,1.24,79.29,91.26
STU_06747,25,Male,University,0,0.07,8.6,3.23,83.96,98.91
STU_06748,19,Female,College,0.69,3.31,6.11,0.77,79.72,79.05
STU_06749,24,Male,University,0,0,7.25,2.6,83.68,98.16
STU_06750,13,Male,High School,5.61,4.53,6.51,1.33,76.76,58.6
STU_06751,21,Male,College,2.52,5.95,6.29,0.28,69.31,88.14
STU_06752,18,Non-binary,College,7.34,1.69,5.41,0.45,75,86.43
STU_06753,24,Male,University,3.77,4.1,5.76,0.87,66.79,97.4
STU_06754,14,Female,High School,2.1,1.8,6.9,0.95,64.26,98.32
STU_06755,17,Female,High School,3.92,2.49,7.42,1.55,60.12,99.38
STU_06756,25,Female,University,6.86,1.5,6.27,2.53,73,91.09
STU_06757,23,Female,University,3.46,1.74,7.8,0,66.45,77.94
STU_06758,16,Male,High School,7.2,1.74,5.96,1.08,70.24,90.02
STU_06759,19,Male,College,6.83,0,6.22,0.36,72.58,75.68
STU_06760,20,Male,College,2.65,3.09,8.18,0.64,77.21,99.83
STU_06761,23,Male,University,2.86,0,5.93,2.25,60.07,88.14
STU_06762,23,Male,University,2.72,1.79,7.72,2.55,81.89,98.8
STU_06763,13,Male,High School,1.07,0,7.57,0.35,83.56,79.09
STU_06764,17,Female,High School,0.36,1.83,6.48,1.69,78.43,97.43
STU_06765,15,Female,High School,2.83,2.97,5.4,0.71,68.12,95.96
STU_06766,13,Male,High School,0,4.95,6.94,0.69,84.52,93.96
STU_06767,24,Male,University,1.23,2.41,7.19,2.04,74.09,86.28
STU_06768,15,Male,High School,5.26,1.97,8.12,2.03,70.94,90.82
STU_06769,18,Male,College,0.57,0.49,7.5,2.9,78.96,98.32
STU_06770,19,Male,College,7.24,0.93,4.36,2.52,67.97,89.2
STU_06771,20,Female,College,5.51,4.61,6.45,2.15,79.85,80.56
STU_06772,25,Male,University,8.65,3.33,7.32,0,42.69,55.01
STU_06773,23,Male,University,9.18,0.86,6.1,3.01,85.65,93.05
STU_06774,16,Male,High School,5.87,0,6.96,0,83.53,82.94
STU_06775,15,Non-binary,High School,2.54,5.45,4.24,2.35,82.94,92.34
STU_06776,17,Female,High School,0,0.27,8.6,1.86,82.83,98.46
STU_06777,21,Female,College,0.32,2.48,6.15,2.9,77.42,99.9
STU_06778,25,Male,University,8.91,0.92,4.5,2.24,79.09,93.42
STU_06779,18,Male,College,0.27,0.52,6.58,0.45,76.36,79.87
STU_06780,21,Male,College,3.46,2.83,6.76,1.47,70.21,80.83
STU_06781,18,Male,College,7.01,4.04,5.09,0.48,69.23,94.96
STU_06782,14,Female,High School,1.82,3.68,7.59,0,67.93,96.88
STU_06783,25,Male,University,7.3,3.58,4.41,0.1,72.42,82.43
STU_06784,17,Male,High School,3.84,0.66,6.93,0.58,78.43,91.49
STU_06785,24,Female,University,4.55,2.8,5.4,2.65,62.03,96.83
STU_06786,23,Male,University,3.29,3.1,6.28,1.29,71.69,97.39
STU_06787,21,Female,College,1.71,0,8.71,3.07,84.22,97.71
STU_06788,20,Male,College,5.74,0,6.89,2.22,72.54,92.99
STU_06789,19,Male,College,5.43,2.59,6.48,1.47,61.46,75.66
STU_06790,13,Male,High School,5.85,1.01,5.24,0.54,56.27,73.29
STU_06791,16,Female,High School,6.54,0.17,6.09,0.58,76.45,80
STU_06792,24,Male,University,2.94,0,6.23,0.56,80.89,98.38
STU_06793,19,Male,College,5.43,1.23,3.99,2.7,39.01,94.05
STU_06794,23,Male,University,6.27,5.34,6.34,0,66.8,88.33
STU_06795,19,Female,College,5.05,4.05,4.74,0.89,79.54,87.04
STU_06796,18,Female,College,3,5.14,6.06,1.05,60.88,99.53
STU_06797,20,Male,College,4.92,1.17,6.79,3.82,62.03,97.84
STU_06798,23,Male,University,0,4.43,6.14,2.87,85.83,97.27
STU_06799,25,Female,University,4.97,4.73,4.88,0.88,71.75,98.74
STU_06800,18,Female,College,1.25,5.17,7.33,0.44,71.2,89.28
STU_06801,22,Female,University,4.08,2.04,4.78,0.15,61.77,86.73
STU_06802,15,Male,High School,2.98,1.64,5.76,2.77,68.6,96.32
STU_06803,16,Male,High School,4.15,2.34,6.58,0.62,65.73,76.08
STU_06804,15,Female,High School,0.15,2.67,6.92,1.12,79.39,94.09
STU_06805,13,Female,High School,5.79,0.14,6.12,1.88,79.55,98.66
STU_06806,22,Female,University,6.31,1.47,7.97,0.93,74.24,73.42
STU_06807,17,Male,High School,1.59,4.5,7.35,0.61,77.63,96.41
STU_06808,13,Female,High School,0.62,1.5,8.04,1.65,85.18,97.66
STU_06809,13,Female,High School,1.75,2.63,6.02,2.41,76.37,98.5
STU_06810,14,Female,High School,5.89,3.36,8.04,0,82.1,90.04
STU_06811,25,Male,University,3.86,4.74,5.58,0.41,63.14,84.03
STU_06812,16,Female,High School,3.52,3.59,6.91,2.84,82.64,97.35
STU_06813,18,Female,College,3.65,4.18,6.77,1.28,65.91,98.81
STU_06814,20,Female,College,2.35,3.28,5.95,0.42,82.96,89.29
STU_06815,25,Female,University,4.86,3.02,4.91,0.06,63.64,69.77
STU_06816,15,Non-binary,High School,7.82,4.07,5.53,2.32,71.71,98.17
STU_06817,13,Non-binary,High School,1.79,0,6.51,0.58,79.18,82.52
STU_06818,15,Male,High School,5.59,3.77,4.63,2.36,71.9,98.89
STU_06819,24,Female,University,3.89,0,6.01,1.73,63.27,86.55
STU_06820,15,Female,High School,3.87,1.57,7.51,0.59,75.18,74.68
STU_06821,17,Male,High School,7.47,4.11,4.9,0.44,49.84,66.08
STU_06822,23,Male,University,6.51,2.21,6.98,0.32,81.97,97.82
STU_06823,24,Male,University,4.05,2.37,7.07,1.27,81.33,83.71
STU_06824,24,Female,University,6.35,2.93,6.53,2.4,69.07,98.65
STU_06825,16,Male,High School,0,5.84,9.34,1.93,83.55,98.73
STU_06826,25,Female,University,0,0,6.52,0.22,80.52,95.72
STU_06827,16,Female,High School,2.27,1.2,7.38,2.88,81.98,99.87
STU_06828,21,Female,College,1.52,5.01,6.59,3.99,75.28,99.9
STU_06829,19,Male,College,3.43,2.05,6.63,0.02,75.81,93.5
STU_06830,16,Male,High School,6.88,2.15,2.94,0,61.57,82.9
STU_06831,15,Male,High School,3.51,3.73,5.65,1.26,74.05,89.52
STU_06832,18,Male,College,6.38,0.26,5.77,1.02,59.27,83.22
STU_06833,15,Female,High School,6.32,4.09,5.98,1.84,67.95,87.26
STU_06834,18,Female,College,0,1.84,5.46,1.65,66.46,74.87
STU_06835,23,Male,University,5.83,2.2,6.03,0.37,80.97,89.41
STU_06836,25,Female,University,7,1.04,5.14,0,72.86,80.47
STU_06837,23,Male,University,7.17,3.41,4.73,0.9,77.99,72.34
STU_06838,25,Male,University,3.84,1.93,4.35,2.39,72.78,97.48
STU_06839,25,Female,University,4.31,3,4.6,0.52,65.6,66.89
STU_06840,24,Male,University,4.47,1.83,5.97,1.81,77.36,82.69
STU_06841,21,Female,College,3.93,2.42,7.59,0.52,61.08,96.84
STU_06842,18,Female,College,1.55,1.49,6.81,0.55,77.48,97.55
STU_06843,24,Female,University,2.12,1.87,6.81,2.44,75.21,98.85
STU_06844,16,Male,High School,5.68,0.96,6.91,2.5,84.95,97
STU_06845,17,Male,High School,3.79,0.72,5.62,1.44,72.19,98.96
STU_06846,25,Male,University,4.42,5.65,4.71,0,48.82,91.46
STU_06847,18,Non-binary,College,6.9,2.83,6.46,0.18,70.12,86.82
STU_06848,23,Male,University,4.36,0,6.44,0,76.89,74.82
STU_06849,15,Male,High School,1.32,2.29,7.68,1.99,86.9,92.89
STU_06850,20,Female,College,9.69,4.27,4.61,0.48,64.52,65.67
STU_06851,16,Female,High School,3.43,0,7.88,1.22,78.1,84.8
STU_06852,20,Female,College,3.28,3.51,5.35,2.05,76.84,97.58
STU_06853,22,Non-binary,University,4.89,2.39,6.54,0.07,74.6,89.81
STU_06854,22,Male,University,3.82,0,7.5,2.02,81.55,85.77
STU_06855,15,Male,High School,4.02,1.35,5.54,2.67,82.43,85.69
STU_06856,22,Male,University,2.75,2.11,5.06,0,72.37,72.1
STU_06857,19,Male,College,6.6,0.19,5.36,1.73,79,83.92
STU_06858,23,Female,University,6.97,1.12,5.99,1.26,78.13,74.19
STU_06859,25,Male,University,8.72,2.91,5.37,1.57,71.75,88.61
STU_06860,24,Female,University,9.09,2.93,7.23,1.34,82.15,80.07
STU_06861,21,Male,College,0,3.28,6,0.83,79.29,87.12
STU_06862,16,Male,High School,5.7,1.29,7.63,1.99,83.78,97.75
STU_06863,20,Female,College,1.22,4.44,7.86,0.76,72.67,92.9
STU_06864,15,Male,High School,7.4,2.24,5.8,1.59,73.52,74.81
STU_06865,19,Female,College,4.99,1.71,4.33,2.81,63.05,87.09
STU_06866,15,Non-binary,High School,2.35,2.07,5.79,0,62.11,59.46
STU_06867,24,Female,University,1.34,3.13,7.8,0.53,81.75,92
STU_06868,19,Male,College,2.54,3.01,6.43,0.33,86.18,87.49
STU_06869,23,Female,University,2.17,1.66,8.21,1.68,64.04,94.74
STU_06870,22,Male,University,7.5,4.18,5.71,1.75,78.42,84.44
STU_06871,22,Female,University,4.36,2.11,5.12,0.85,61.88,78.32
STU_06872,23,Male,University,1.69,3.72,6.89,0.54,74.97,98.47
STU_06873,23,Male,University,5.24,4.94,8.36,2.66,84.39,86.29
STU_06874,18,Non-binary,College,5.2,1.58,5.67,2.18,66.6,98.05
STU_06875,14,Male,High School,3.86,1.79,8.4,0,59.53,77.38
STU_06876,23,Female,University,7.32,0.48,9.33,0.89,71.89,88.28
STU_06877,15,Male,High School,5.68,0.79,5.47,0.32,47.95,80.81
STU_06878,18,Female,College,5.48,3.7,4.25,1.36,71.24,97.75
STU_06879,16,Non-binary,High School,0,3.68,5.82,2.3,74.41,98.58
STU_06880,18,Male,College,3.42,0,5.69,2.13,79.96,83.6
STU_06881,13,Female,High School,5.92,0.65,5.7,0.69,68.3,75.68
STU_06882,22,Female,University,5.21,4.98,6.29,0.92,74.92,98.77
STU_06883,24,Female,University,4.5,0.96,4.3,0.96,64.25,94.29
STU_06884,13,Male,High School,6.01,2.01,6.14,0.01,72.55,81.4
STU_06885,15,Female,High School,5.42,2.56,6.96,0.75,68.23,93.66
STU_06886,20,Male,College,6.31,2.78,6.24,0,66.28,79.31
STU_06887,20,Male,College,5.28,0,7.46,0.97,62.56,88.31
STU_06888,23,Male,University,6.2,2.78,6.79,0.2,70.34,66.27
STU_06889,16,Female,High School,6.07,0,8.32,1.36,80.48,84.89
STU_06890,18,Female,College,4.29,1.31,5.64,1.94,64.9,96.75
STU_06891,20,Male,College,4.42,1.84,9.47,0,72.41,99.75
STU_06892,19,Female,College,4.69,0,5.73,1.19,82.5,75.05
STU_06893,23,Female,University,1.39,3.68,5.65,3.21,81.73,80.87
STU_06894,19,Male,College,0.64,0.84,7.1,1.05,83.78,92.82
STU_06895,25,Female,University,5.76,5.51,6.21,0,53.21,63.97
STU_06896,16,Male,High School,5.89,3.23,6.56,0.02,58.3,80.54
STU_06897,21,Male,College,4.44,2.04,8.12,1.52,85.43,98.99
STU_06898,24,Male,University,5.39,3.81,8.78,1.76,81.02,91.11
STU_06899,22,Female,University,6.14,0,6.89,0.26,69.24,60.92
STU_06900,18,Non-binary,College,5.59,2.81,8.5,1.29,83.67,98.77
STU_06901,24,Male,University,5.9,0.22,7.91,2.19,86.3,99.13
STU_06902,23,Male,University,1.26,3.96,4.49,1.4,79.55,81.53
STU_06903,15,Female,High School,8.61,1.67,6.74,1.46,80.45,82.58
STU_06904,17,Female,High School,5.31,0,4.03,1.51,62.75,91.98
STU_06905,17,Female,High School,6.84,0.02,7.73,1.11,83.72,88.49
STU_06906,17,Female,High School,5.96,2.48,7.03,0,74.47,93.44
STU_06907,20,Female,College,1.92,3.1,8.03,1.61,75.73,88.35
STU_06908,21,Female,College,2.78,0,5.37,0,65.83,91.36
STU_06909,25,Female,University,3.19,0,7.68,1.35,76.11,84.93
STU_06910,21,Male,College,7.37,1.7,6.53,0,68.91,91.94
STU_06911,25,Female,University,2.09,5.37,5.87,1.07,65.54,94.65
STU_06912,18,Male,College,1.37,1.51,7.47,1.68,85.93,97.58
STU_06913,18,Male,College,5.57,2.88,5.34,3.59,75.79,88.83
STU_06914,21,Male,College,8.88,0,5.44,0.05,60.45,86.24
STU_06915,16,Female,High School,2.4,7.35,7.51,0.98,74.88,75.2
STU_06916,18,Female,College,8.08,0.5,6.05,1.49,56.2,90.38
STU_06917,16,Female,High School,6.37,2.66,6.58,0,66.43,90.33
STU_06918,23,Male,University,3.45,0,7.03,2.46,75.72,99.58
STU_06919,13,Female,High School,1.19,3.22,7.42,1.66,82.9,97.28
STU_06920,19,Male,College,3.66,1.4,6.87,1.29,87.37,92.77
STU_06921,22,Female,University,2.52,2.9,4.24,2.41,63.18,85.35
STU_06922,23,Male,University,7.5,1.95,5.1,0,65.71,71.54
STU_06923,24,Female,University,4.42,3.33,5.76,0.34,73.94,86.66
STU_06924,18,Female,College,5.7,4.36,3.92,0.88,64.49,67.83
STU_06925,21,Female,College,5.72,0,6.69,0,59.51,73.35
STU_06926,19,Female,College,2.9,5.48,5.47,2.25,84.4,97.52
STU_06927,25,Female,University,4.68,1.19,5.46,0.29,81.79,82.67
STU_06928,19,Male,College,7,3.3,3.7,1.13,81.19,54.9
STU_06929,14,Female,High School,4.31,0.88,6.2,0.64,51.75,87.61
STU_06930,24,Male,University,3.84,2.71,6.9,0.8,74.69,82.11
STU_06931,23,Male,University,6.23,1.81,6.42,0,80.65,96.22
STU_06932,21,Male,College,1.25,6.05,7.38,0.62,71.32,84.22
STU_06933,22,Female,University,0,1.08,6.81,0.78,65.95,99.87
STU_06934,21,Male,College,5.22,5.37,7.26,0.62,66.74,80.5
STU_06935,18,Male,College,7.06,0.66,7.12,0.26,78.08,81.09
STU_06936,25,Non-binary,University,9,5.37,5.27,0,49.29,71.41
STU_06937,15,Female,High School,4.99,4.25,5.94,0,70.41,70.38
STU_06938,13,Male,High School,6.56,1.82,8.6,0.45,62.84,89.65
STU_06939,16,Female,High School,7.8,2.18,5.48,1.47,76.08,80.05
STU_06940,15,Male,High School,4.58,2.78,8.57,0,81.38,83.06
STU_06941,24,Female,University,2.9,2.5,7.64,2.76,80.89,98.98
STU_06942,13,Female,High School,2.64,3.22,5.68,0,66.29,94.21
STU_06943,15,Female,High School,3.76,2.71,6.59,0,64.75,91.01
STU_06944,16,Female,High School,8.12,0.69,5.56,0,59.09,94.1
STU_06945,25,Male,University,6.83,1.54,5.35,2.18,70.59,95.98
STU_06946,25,Male,University,3.95,3,6.51,0.75,69.64,89.47
STU_06947,20,Female,College,7.61,0.55,5.34,2.6,62.48,78.73
STU_06948,21,Male,College,5.63,1.54,5.46,0,73.97,71.61
STU_06949,15,Non-binary,High School,3.96,3.45,6.6,4.07,80.49,87.33
STU_06950,18,Male,College,4.94,2.93,7.64,0.07,77.3,65.38
STU_06951,22,Male,University,5.51,1.97,5.99,0.76,74.5,99.31
STU_06952,23,Female,University,4.84,4.32,6.53,0.88,67.44,83.51
STU_06953,17,Male,High School,8.85,4.24,5.93,1.1,72.1,95.08
STU_06954,18,Male,College,4.13,1.43,5.63,1.23,78.99,87.92
STU_06955,16,Male,High School,1.04,3.69,8.56,1.47,88.5,89.94
STU_06956,22,Non-binary,University,5.28,0.88,6.12,2.41,78.71,83.63
STU_06957,18,Male,College,3.77,2.97,5.76,0.62,70.85,90.55
STU_06958,19,Male,College,1.14,2.95,8.5,0.79,82.47,98.1
STU_06959,21,Male,College,6.16,2.5,6.71,2.74,72.78,97.02
STU_06960,22,Male,University,0,2.02,8.36,1.66,76.04,95.07
STU_06961,19,Male,College,5.22,2.6,5.27,0.38,78.34,93.15
STU_06962,18,Female,College,0,2.47,9.51,2.34,85.96,96.07
STU_06963,13,Non-binary,High School,4.51,0,5.28,0.93,64.62,88.53
STU_06964,14,Male,High School,5.88,4.99,7.07,3.24,76.81,98.24
STU_06965,13,Female,High School,6.33,3.62,6.96,0,87.36,75.7
STU_06966,21,Non-binary,College,6.52,1.67,6.15,1.35,62.92,88.32
STU_06967,22,Male,University,1.86,4.2,7.81,0.13,70.95,99.75
STU_06968,22,Male,University,4.97,1.56,4.83,0.89,81.35,87.26
STU_06969,21,Female,College,2.75,0,7.04,0.41,71.33,78.69
STU_06970,19,Female,College,2.6,3.11,7.81,1.3,65.44,91.34
STU_06971,25,Male,University,4.22,0,8.15,0.69,81.06,97.69
STU_06972,14,Male,High School,3.45,0.09,7.98,0.24,76.53,77
STU_06973,18,Male,College,1.91,0.54,4.53,0.12,77.95,77.55
STU_06974,23,Male,University,5.3,2.67,7.39,1.11,89.6,91.43
STU_06975,16,Female,High School,5.87,2.8,6.62,0.59,86.07,88.07
STU_06976,13,Female,High School,2.35,4.4,8.32,2.07,85.3,98.02
STU_06977,13,Female,High School,4.04,0.28,6.79,0,68.22,73.14
STU_06978,24,Male,University,4.08,1.18,4.49,1.48,67.12,82.78
STU_06979,17,Male,High School,4.12,4.81,6.35,1.51,75.98,92.83
STU_06980,24,Male,University,4.36,3.44,4.71,3.17,67.32,70.3
STU_06981,14,Female,High School,5.22,3.05,6.64,1.31,67.74,76.92
STU_06982,16,Female,High School,7.42,2.43,4.89,1.43,73.87,96.64
STU_06983,13,Male,High School,4.83,3.22,8.06,0,75.64,76.56
STU_06984,16,Male,High School,3.22,2.55,6.88,1.44,74.23,97.89
STU_06985,23,Female,University,4.47,2.68,4.09,0,51.61,90.39
STU_06986,18,Female,College,1.84,3.33,8.52,0,80.44,91.35
STU_06987,22,Male,University,2.26,0.86,9.89,1.07,87.66,98.92
STU_06988,16,Male,High School,5.58,2.84,5.48,1.48,59.79,87.82
STU_06989,13,Male,High School,0,0,5.95,2.26,87.44,99.13
STU_06990,19,Female,College,3.96,2.51,5.18,3.1,50.77,97.1
STU_06991,14,Female,High School,6.82,1.6,3.74,0.31,62.18,83.56
STU_06992,21,Female,College,5.51,3.97,6.84,0.14,59.5,69.13
STU_06993,25,Female,University,6.65,0,5.66,0,66.76,78.48
STU_06994,15,Non-binary,High School,5.34,2.85,5.49,0.39,71.52,77.97
STU_06995,20,Male,College,9.48,3.61,5.3,0,76.14,86.82
STU_06996,25,Male,University,1.42,3.84,8.47,2.63,76.12,98.34
STU_06997,20,Male,College,4.79,1.33,6.22,3.16,67.84,97.8
STU_06998,15,Male,High School,6.32,1.86,5.74,1.29,66.24,76.73
STU_06999,16,Female,High School,3.45,3.25,5.4,1.53,70.47,87.65
STU_07000,14,Female,High School,7.45,0.42,6.87,0.68,62.77,84.16
STU_07001,16,Female,High School,6.01,1.69,5.21,1.13,83.3,85.97
STU_07002,23,Male,University,0.77,0.93,6.67,2.65,80.21,98.93
STU_07003,23,Male,University,5.41,0,7.97,0,69.12,80.32
STU_07004,23,Male,University,6.02,5.14,4.39,0.32,81,88.66
STU_07005,21,Female,College,8.58,2.55,3.84,0.94,78.47,77.6
STU_07006,14,Male,High School,4.05,0.61,6.09,0,57.56,78.82
STU_07007,24,Male,University,5.9,0,6.44,1.12,64.3,96.21
STU_07008,24,Male,University,5.14,3.08,6.87,0,50.57,74.69
STU_07009,25,Non-binary,University,3.09,0,6.87,1.51,87.11,93.89
STU_07010,15,Female,High School,3.63,1.3,6.85,1.14,87.72,99.38
STU_07011,23,Female,University,0,2.41,9.18,1.53,85.65,97.48
STU_07012,23,Female,University,3.32,0.26,7.53,1.42,76.58,82.9
STU_07013,16,Female,High School,8.43,5.47,5.21,1.79,75.47,73.66
STU_07014,17,Male,High School,4.07,0.65,6.72,0.64,84.08,87.38
STU_07015,13,Male,High School,6.61,0.27,6.17,0.87,85.73,84.6
STU_07016,19,Female,College,5.07,2.91,7.38,0.33,70.36,84.68
STU_07017,22,Female,University,5.56,1.86,8.1,1.12,76.98,91.06
STU_07018,19,Male,College,9.49,5.97,5.3,0.76,46.74,91.02
STU_07019,21,Male,College,3.48,5.04,4.95,0,85.29,79.74
STU_07020,16,Female,High School,3.46,5.2,7.86,2.12,57.74,97.61
STU_07021,18,Male,College,7.22,3.49,4.99,1.42,46.25,68.89
STU_07022,23,Female,University,4.3,3.71,6.59,2.27,71.4,90.44
STU_07023,14,Male,High School,3.82,1.83,3.54,1.69,74.24,85.82
STU_07024,24,Male,University,6.88,3.72,5.25,1.87,65.25,81.19
STU_07025,24,Male,University,5.15,1.31,7.47,0.11,71.99,98.85
STU_07026,16,Female,High School,4.12,2.26,7.41,0.78,61.94,88.11
STU_07027,14,Female,High School,3.65,0,5.72,0.02,71.03,95.19
STU_07028,22,Male,University,2.39,1.71,7.39,2.08,73.73,98.04
STU_07029,17,Female,High School,0.63,3.51,4.06,1.25,79.19,93.2
STU_07030,19,Male,College,7.28,4.47,4.59,0.5,76.25,85.58
STU_07031,25,Male,University,3.44,3.31,5.56,1.48,77.46,75.21
STU_07032,13,Female,High School,0.24,4.97,8.1,1.51,74.56,97.7
STU_07033,22,Male,University,8.96,0,5.77,0.75,61.41,76.93
STU_07034,22,Female,University,4.72,3.44,6.97,2.99,39.23,96.3
STU_07035,19,Female,College,4.56,0.92,7.55,0.01,82.06,98.33
STU_07036,22,Female,University,0.53,3.25,7.06,0.57,76.15,89.72
STU_07037,25,Female,University,5.95,1.04,8.03,1.66,84.23,96.03
STU_07038,18,Female,College,3.17,1.47,5.83,0.78,80.44,94.91
STU_07039,18,Male,College,3.18,4.04,6.84,0,79.99,69.67
STU_07040,24,Male,University,5.53,2.94,3.86,0,80.61,74.49
STU_07041,20,Male,College,4.8,1,7.44,0.44,70.13,83.55
STU_07042,20,Female,College,2.07,0,7.86,1.51,79.53,83.52
STU_07043,18,Male,College,0.94,0.92,6.75,1,75.67,87.08
STU_07044,15,Male,High School,4.91,2.37,5.79,1.08,76.89,72.32
STU_07045,17,Female,High School,4.7,0.32,8.04,0,76.49,84.66
STU_07046,14,Female,High School,11.02,2.94,4.87,1.39,62.6,83.66
STU_07047,17,Non-binary,High School,0,0.53,8.59,0.81,77.22,95.36
STU_07048,21,Female,College,4.87,2.15,5.93,2.28,58.34,88.27
STU_07049,22,Male,University,0.44,3.09,7.66,1.77,62.64,86.96
STU_07050,13,Female,High School,3.46,1.63,5.26,1.74,74.79,84.29
STU_07051,22,Male,University,3.43,4.41,5.85,1.6,73.62,90.58
STU_07052,17,Male,High School,5.86,3.16,6.43,0.75,75.42,98.77
STU_07053,24,Female,University,5.92,0.83,8.86,1.09,77.2,96.15
STU_07054,18,Female,College,7.91,0.46,7.71,0.62,68.3,97.17
STU_07055,23,Female,University,5.12,5.3,5.78,2.31,85.68,70.95
STU_07056,19,Non-binary,College,6.96,4.48,7.56,0,76.17,87.68
STU_07057,21,Female,College,7.94,1.86,5.86,2.58,75.84,78.43
STU_07058,18,Male,College,5.15,3.02,7.28,0.16,62.5,78.51
STU_07059,17,Female,High School,7.44,1.98,5.93,1.07,81.64,74.73
STU_07060,24,Female,University,5.03,3.67,5.44,0.81,68.76,80.91
STU_07061,19,Non-binary,College,4.48,2.8,5.94,1.43,77.2,77.35
STU_07062,25,Male,University,2.89,0,4.86,1.64,77.4,96.13
STU_07063,13,Male,High School,5.46,4.56,5.61,1.82,78.06,88.41
STU_07064,23,Female,University,5.36,4.93,4.77,0.49,66.53,90.27
STU_07065,17,Male,High School,5.39,1.65,6.91,2.38,75.91,98.54
STU_07066,14,Female,High School,7.35,3.06,7.05,1.92,65.06,99.66
STU_07067,16,Male,High School,6.77,4.45,5.51,0.57,60.19,88.46
STU_07068,19,Male,College,0.81,8.61,4.87,3.38,70.92,88.62
STU_07069,17,Female,High School,0.86,3.45,8.24,0.63,63.66,97.27
STU_07070,24,Male,University,4.81,3.13,6,1.8,65.33,95.73
STU_07071,18,Female,College,2.06,4.05,8.16,1.33,85.97,98.36
STU_07072,14,Male,High School,4.26,4.23,6.78,0.27,71.48,97.79
STU_07073,15,Male,High School,2.22,3.46,9.06,3.81,78.87,98.17
STU_07074,19,Male,College,4.74,0.18,6.52,1.32,74.81,95.62
STU_07075,23,Female,University,1.95,2.82,4.46,0.85,74.08,73.9
STU_07076,14,Male,High School,5.5,3.03,6.54,1.16,73.52,91.57
STU_07077,24,Female,University,1.83,0,6.07,2.14,84.65,99.66
STU_07078,18,Female,College,4.84,3.64,5.23,0.03,58.73,72.84
STU_07079,17,Female,High School,0.28,0.47,8.96,1.33,83.27,97.8
STU_07080,22,Female,University,1.67,4.88,7.09,1.89,81.62,99.84
STU_07081,13,Male,High School,6.26,1.06,5.6,1.48,66.84,88.96
STU_07082,24,Male,University,7.71,4.2,5.96,0.94,60.55,94.96
STU_07083,23,Female,University,6.78,1.27,6.39,0,78.2,71.04
STU_07084,22,Male,University,6.39,4.77,3.8,0.35,47.71,88.51
STU_07085,23,Female,University,8.2,4.99,6.8,1.65,70.94,82.18
STU_07086,16,Female,High School,6.91,3.52,7,2.09,38.73,84.17
STU_07087,23,Male,University,0.67,1.37,6.82,1.43,63.3,98.79
STU_07088,14,Female,High School,6.88,3.26,6.42,0.45,57.57,85.72
STU_07089,16,Female,High School,6.84,1.19,4.88,1.06,54.89,93.06
STU_07090,13,Male,High School,0,0.45,9.75,2.46,80.81,96.79
STU_07091,14,Female,High School,2.82,1.58,8.03,0.96,70.34,89.12
STU_07092,25,Male,University,8.45,2.41,5.36,3.72,64.19,81.01
STU_07093,20,Female,College,4.18,1.35,5.42,0,59.71,80.32
STU_07094,18,Female,College,1.65,2.03,6.46,2.21,80.27,88.54
STU_07095,14,Female,High School,6.66,1.5,5.43,0.41,65.52,90.27
STU_07096,24,Female,University,3.81,2.53,7.17,0,70.23,91.08
STU_07097,18,Female,College,3.53,2.09,6.18,1.5,62.78,75.78
STU_07098,22,Female,University,6.68,0,4.36,0.78,63.81,77.99
STU_07099,21,Female,College,5.51,2.43,5.91,0.54,76.31,95.07
STU_07100,19,Female,College,4.2,1.06,5.88,0.46,70.42,73.08
STU_07101,21,Female,College,5.33,0.87,7.6,0.83,73.7,79.23
STU_07102,17,Female,High School,4.06,0.86,9.23,1.35,79.36,96.62
STU_07103,19,Non-binary,College,6.78,2.81,6.08,1.38,64.69,83.39
STU_07104,23,Female,University,0.96,3.22,7.15,3.04,84.58,98.79
STU_07105,19,Female,College,4.02,2.73,5.66,2.47,61.46,99.65
STU_07106,24,Male,University,3.47,3.81,7.4,1.08,77.09,98
STU_07107,24,Female,University,5.26,2.5,6.19,0,78.2,69.91
STU_07108,15,Female,High School,1.68,2.74,7.02,0.55,78.11,98.8
STU_07109,19,Female,College,8.25,0.96,7.16,3.52,83.29,98.06
STU_07110,13,Male,High School,2.65,3.39,7.5,3.28,87.34,99.74
STU_07111,21,Female,College,7.15,2.24,5.87,1.27,56.75,99.59
STU_07112,22,Male,University,6.01,3.63,7.18,0.57,63.69,79.13
STU_07113,25,Male,University,5.04,2.33,8.55,0,73.68,88.99
STU_07114,18,Female,College,5.12,2.51,6.85,0.72,68.89,78.12
STU_07115,17,Female,High School,0,1.08,8.02,1.68,81.77,97.28
STU_07116,19,Male,College,3.24,2.21,7.5,0.16,85.72,87.12
STU_07117,17,Female,High School,12.33,6.02,3.65,0,58.2,88.38
STU_07118,22,Male,University,5.03,0,7.32,0,78.75,79.09
STU_07119,17,Male,High School,5.53,1.68,6.34,2.78,81.57,90.65
STU_07120,23,Male,University,0,3.91,8.62,1.26,72.31,96.85
STU_07121,22,Female,University,3.89,1.21,6.97,1.46,80.94,76.8
STU_07122,23,Male,University,3.61,2.7,6.08,1.54,75.03,83.26
STU_07123,19,Male,College,2.65,2.32,6.49,1.54,79.46,96.9
STU_07124,22,Female,University,5.94,4.03,8.28,0,70.01,71.63
STU_07125,19,Male,College,3.43,2.06,10.38,3.04,84.34,99.84
STU_07126,25,Female,University,2.69,0,7.58,1.57,70.59,95.57
STU_07127,23,Female,University,0.82,5.54,5.99,0.86,71.23,82.65
STU_07128,15,Female,High School,1.74,2.27,5.37,1.14,72.17,99.17
STU_07129,15,Male,High School,2.04,2.79,6.34,0.68,65.31,85.71
STU_07130,22,Female,University,3.64,1.68,6.86,0.5,78.23,96.51
STU_07131,24,Female,University,3.26,2.8,6.11,1.63,85.94,98.09
STU_07132,25,Male,University,2.93,4.27,5.18,0,78.02,95.3
STU_07133,15,Male,High School,0.29,2.24,7.69,0.71,80.25,95.81
STU_07134,18,Female,College,1.99,1.1,6.68,0.1,62.29,65.75
STU_07135,24,Male,University,4.82,0.15,6.46,1.27,83.8,99.09
STU_07136,18,Female,College,8.15,4.61,6.25,0,48.8,83.53
STU_07137,25,Female,University,8.5,1.71,5.67,0,55.02,81.58
STU_07138,25,Male,University,9.06,3.33,9.6,0.02,76.07,88.9
STU_07139,15,Male,High School,5.16,3.75,7.04,1.68,69.41,80.16
STU_07140,15,Non-binary,High School,4.36,2.09,4.92,3.16,65.61,97.66
STU_07141,20,Male,College,6.09,2.36,7.27,1.97,70.21,96.51
STU_07142,20,Female,College,3.6,2.52,7.46,1.35,79.24,99.64
STU_07143,19,Male,College,6.51,3.95,6.57,2.43,74.37,96.79
STU_07144,22,Female,University,4.1,1.03,8.49,1.43,81.29,91.08
STU_07145,16,Female,High School,5.19,2.13,7.04,2.76,77.94,99.79
STU_07146,16,Male,High School,2.68,3.03,5.65,1.29,79.63,84.86
STU_07147,15,Male,High School,6.91,3.06,5.04,3.48,78.11,94.22
STU_07148,17,Female,High School,2.04,3.62,6.41,0,82.44,74.86
STU_07149,15,Female,High School,2.91,0.11,8.12,1.84,74.98,98.19
STU_07150,25,Male,University,3.66,1.91,5.77,0,81.06,72.18
STU_07151,20,Female,College,2.41,3.23,5.47,1.89,56.86,99.87
STU_07152,19,Male,College,5.92,0.16,9.8,1.54,73.2,98.8
STU_07153,25,Female,University,4.82,5.66,6.23,2.15,72.31,90.26
STU_07154,15,Female,High School,2.06,0,6.44,2.01,75.52,98.1
STU_07155,21,Male,College,3.2,0.46,3.65,2.14,63.52,99.36
STU_07156,24,Male,University,4.85,1.21,5.58,1.99,69.18,86.89
STU_07157,25,Male,University,5.02,1.01,5.68,0.95,77.85,84.84
STU_07158,17,Female,High School,2.11,3.4,6.81,1.23,57.38,91.27
STU_07159,21,Male,College,4.54,2.65,6.33,3.83,87.11,98.62
STU_07160,19,Male,College,6.06,0.9,7,0.47,72.95,99.19
STU_07161,19,Non-binary,College,3.74,6.23,4.79,0.62,68.33,94.36
STU_07162,18,Male,College,1.94,3.85,8.48,2.62,78.69,97.69
STU_07163,14,Female,High School,7.83,2.97,7.47,0.88,44.79,81.23
STU_07164,21,Male,College,6.07,3.8,5.11,2.6,58.98,99.25
STU_07165,18,Male,College,3.46,3.22,8.87,0.42,78.54,99.66
STU_07166,20,Male,College,4.74,2.85,4.96,1.96,82.15,89.33
STU_07167,13,Female,High School,3.61,3.41,5.48,0.34,53.09,84.13
STU_07168,17,Female,High School,2.03,2.43,5.86,2.15,68.98,83.37
STU_07169,24,Female,University,6.21,3.71,5.44,0.62,53.89,97.63
STU_07170,13,Male,High School,8.66,2.64,4.79,1.09,75.4,92.89
STU_07171,22,Male,University,6.76,2,5.74,0.42,56.93,80.43
STU_07172,23,Female,University,5.11,5.44,7.06,1.01,69.55,99.76
STU_07173,20,Male,College,3.71,2.65,6.32,2.3,82.66,93.92
STU_07174,20,Male,College,0,2.06,11.12,2.37,78.04,99.18
STU_07175,13,Male,High School,8.42,0.95,7.84,1.21,56.61,70.49
STU_07176,21,Female,College,2.83,0.7,8.55,3.71,80.9,90.81
STU_07177,14,Female,High School,6.58,2.58,5.13,1.8,65.37,97.68
STU_07178,24,Male,University,6.85,1.85,5.88,0.36,70.62,83.32
STU_07179,21,Male,College,6.78,1.17,5.8,0.73,77.36,82.88
STU_07180,13,Female,High School,1,4.83,5.56,1.51,75.44,71.87
STU_07181,24,Female,University,6.89,4.34,8.41,2.36,82.72,85.43
STU_07182,22,Male,University,3.31,0.71,8.23,2.43,86.11,87.55
STU_07183,21,Female,College,4.28,1.88,6.44,0.67,70.29,66.45
STU_07184,16,Male,High School,4.2,0,7.37,2.13,75.37,88.95
STU_07185,21,Male,College,2.96,1.61,7.01,1.03,71.57,88.15
STU_07186,19,Male,College,3.75,1.28,5.63,0.27,65.67,98.74
STU_07187,23,Male,University,4.85,2.21,7.49,1.88,71.13,99.22
STU_07188,18,Male,College,2.15,0.9,7.21,0.18,85.67,96.72
STU_07189,17,Female,High School,0.42,0,6.81,1.74,68.85,96.44
STU_07190,23,Male,University,6.73,1.51,4.95,1.64,67.8,75.65
STU_07191,21,Male,College,5.22,4.77,6.95,0.65,64.4,74.79
STU_07192,14,Male,High School,0,1.36,7.27,0.99,66.29,91.4
STU_07193,25,Female,University,5.52,5.99,5.04,0.99,61.69,80.84
STU_07194,23,Female,University,4.05,0.99,8.24,3.3,65.61,86.94
STU_07195,24,Male,University,1.24,2.64,7.22,0.72,71.72,85.35
STU_07196,14,Male,High School,3.14,3.08,4.61,1.82,74.88,83.52
STU_07197,23,Male,University,5.42,0.62,8.39,0.54,77.84,79.66
STU_07198,24,Male,University,2.02,0,5.4,2.29,62.95,91.01
STU_07199,21,Male,College,1.96,4.45,6.14,0.13,60.05,91.06
STU_07200,24,Female,University,3.08,4.47,6.64,1.32,83.51,87.49
STU_07201,15,Female,High School,2.14,5.01,5.28,0,87.46,78.01
STU_07202,20,Female,College,1.74,1.03,6.95,0,68.55,84.79
STU_07203,23,Male,University,1.7,3.16,8.82,1.23,86.56,82.84
STU_07204,21,Male,College,5.58,2.57,8.06,0.77,76.24,86.78
STU_07205,20,Female,College,2.23,2.32,7.91,0.55,73.24,80
STU_07206,16,Female,High School,7.21,1.81,7.43,0,61.75,89.48
STU_07207,24,Male,University,9.89,3.9,6.97,0.32,57.47,67.91
STU_07208,13,Female,High School,4.09,7.23,7.29,0.7,79.12,97.91
STU_07209,16,Male,High School,9.54,3,6,2.2,51.12,66.47
STU_07210,21,Male,College,5.86,2.82,5.93,2.78,69.8,98.87
STU_07211,14,Male,High School,4.91,1.32,5.75,0.83,68.93,81.93
STU_07212,15,Non-binary,High School,4.34,3.71,5.78,1.4,62.06,98.41
STU_07213,22,Male,University,0,0,5.1,1.99,73.19,90.17
STU_07214,20,Female,College,3.37,1.9,7.68,0.87,77.59,70.57
STU_07215,18,Male,College,1.69,3.16,7.41,0.66,82.47,78.79
STU_07216,20,Male,College,6.69,2.94,6.35,1.24,64.81,83.3
STU_07217,19,Female,College,8.78,2.33,5.52,0.89,62.29,67.82
STU_07218,25,Male,University,5.04,0,7.23,0.01,80.71,86.22
STU_07219,25,Male,University,5.13,5.19,6.37,1.97,80.48,99.04
STU_07220,17,Male,High School,6.91,2.91,5.99,2.49,70.86,84.94
STU_07221,21,Female,College,4.8,2.46,7.47,2,72.07,99.93
STU_07222,16,Female,High School,7.51,4.77,5.83,3.08,72.79,96.78
STU_07223,18,Male,College,9.65,4.34,5.73,2.28,69.79,95.54
STU_07224,14,Male,High School,8.11,2.11,7.19,1.67,71.23,83.06
STU_07225,14,Female,High School,2.94,2.03,5.56,0,87.78,88.12
STU_07226,14,Male,High School,6.6,3.35,6.83,0.64,63.37,91.45
STU_07227,22,Male,University,2.83,4.72,3.51,2.62,52.46,97.02
STU_07228,19,Male,College,3.95,4.27,7.43,1.77,81.64,98.69
STU_07229,25,Female,University,8.61,0.76,7.27,1.7,75.8,88.78
STU_07230,14,Male,High School,2.01,0.54,8.13,0,77.57,83.57
STU_07231,24,Female,University,3.51,0.95,8.09,2.07,85.22,98.05
STU_07232,25,Female,University,7.36,3.49,7.48,1.16,78.49,75.66
STU_07233,14,Female,High School,2.36,1.81,6.86,2.16,70.97,92.71
STU_07234,21,Female,College,0,3.39,7.93,2.2,77.55,95.7
STU_07235,19,Male,College,0.77,0.17,8.48,3.41,89.35,99.48
STU_07236,23,Female,University,2.98,1.01,6.15,1.88,84.15,85.29
STU_07237,15,Female,High School,4.4,3.38,4.85,1.71,67.3,82.62
STU_07238,15,Female,High School,3.74,0,7.56,0,69.4,72.22
STU_07239,19,Male,College,3.22,5.7,7.36,2.42,81.9,91.8
STU_07240,17,Male,High School,4.69,4.5,7.7,1.7,65.22,90.19
STU_07241,22,Female,University,3.26,4.99,6.54,0.65,52.39,88.72
STU_07242,18,Male,College,2.76,3.88,6.84,0.14,78.63,88.54
STU_07243,25,Male,University,5.07,0,6.85,0.71,81.43,94.11
STU_07244,24,Female,University,4.79,4.52,5.69,2.8,79.36,87.91
STU_07245,20,Female,College,7.04,3.81,7.02,3.78,63.68,98.11
STU_07246,21,Male,College,9.55,1.9,6.64,0.37,51.6,69.1
STU_07247,13,Female,High School,0,1.69,7.22,0.37,73.64,87.93
STU_07248,15,Female,High School,5.8,3.91,6.31,2.25,59.3,97.45
STU_07249,23,Male,University,4.9,0,6.58,0.69,66.26,81.4
STU_07250,19,Female,College,7.66,4.13,8.22,2,59.8,93.09
STU_07251,18,Female,College,3.23,1.34,7.59,2.3,76.77,92.84
STU_07252,19,Female,College,3.56,2.8,5.02,0,66,84.8
STU_07253,20,Female,College,1.27,2.86,7.03,1.52,86.76,97.88
STU_07254,18,Female,College,7.06,0.06,6,0,70.95,94.87
STU_07255,15,Male,High School,4.84,0,6.87,2.18,76.18,86.41
STU_07256,14,Male,High School,7.32,2.95,5.48,0.4,78.2,76.55
STU_07257,24,Male,University,3.42,2.41,7.89,0.33,68.76,89.85
STU_07258,19,Female,College,2.82,3,6.65,1.27,68.65,74.77
STU_07259,24,Female,University,6.32,0.67,6.59,0.8,85.73,99.67
STU_07260,24,Male,University,3.65,4.08,6.87,0.58,67.11,98.54
STU_07261,24,Male,University,6.08,4.68,6.24,0.45,71.67,81.94
STU_07262,23,Male,University,5.78,2,4.81,0.92,62.63,83.28
STU_07263,13,Male,High School,4.77,0.42,5.67,1.15,54.73,96.28
STU_07264,15,Male,High School,2.98,1.48,5.9,2.68,55.6,97.78
STU_07265,24,Male,University,5.39,3.02,6.71,3.52,81.6,99.04
STU_07266,23,Female,University,2.6,3.31,6.07,2.06,73.64,94.51
STU_07267,16,Male,High School,4.74,6.01,5.31,1.27,67.91,98.64
STU_07268,25,Female,University,8.71,3.98,5.51,0,69.59,90.52
STU_07269,13,Female,High School,7.6,2.05,6.81,0.37,42.4,62.44
STU_07270,17,Female,High School,3.23,3.46,6.39,0,64.57,96.87
STU_07271,22,Male,University,5.18,3.09,6.5,0,78.69,86.99
STU_07272,15,Female,High School,3.16,2.59,6.54,2.01,81.11,97.61
STU_07273,14,Female,High School,5.2,5.49,9.24,0.66,81.57,88.66
STU_07274,15,Male,High School,2.21,1.37,7.06,2.11,81.88,97.71
STU_07275,20,Male,College,2.86,3.58,6.22,1.86,69.38,85.04
STU_07276,18,Male,College,9.18,3.55,2.86,0.49,47.64,53.47
STU_07277,25,Female,University,4.83,5.77,6.07,0,64.02,86.2
STU_07278,19,Female,College,3.38,0,8.93,0.86,76.44,76.76
STU_07279,24,Male,University,0,4.69,5.31,0,60.65,88.58
STU_07280,18,Male,College,4.92,0.51,5.76,0.1,69.04,91.97
STU_07281,18,Female,College,9.86,0,8.54,3.59,64.85,98.83
STU_07282,24,Female,University,3.07,0.79,5.24,1.13,70.07,85.92
STU_07283,15,Female,High School,3.54,0,7.92,2.68,84.51,89.17
STU_07284,24,Female,University,4.62,4.64,6.04,0,60.5,77.83
STU_07285,25,Female,University,2.92,5.41,5.12,2.29,82.6,82.27
STU_07286,20,Female,College,10.02,1.23,6.56,0.1,61.84,99.22
STU_07287,24,Male,University,6.95,2.12,3.52,0.98,60.37,83.77
STU_07288,19,Male,College,6.24,4.54,7.16,0,55.67,64.79
STU_07289,19,Female,College,9.79,5.51,4.58,1.62,50.43,98.08
STU_07290,18,Male,College,8.76,2.77,4.45,1.07,68.67,84.63
STU_07291,17,Male,High School,4.7,1.71,8.21,2.27,86.2,97.75
STU_07292,22,Female,University,3.8,0,6.68,1.61,79.64,97.66
STU_07293,20,Female,College,3.78,0.34,7.94,3.54,79.01,98.66
STU_07294,17,Female,High School,3.14,5.43,8.49,1.52,79.39,98.95
STU_07295,21,Female,College,3.95,0.36,5.7,1.45,61.76,97.7
STU_07296,21,Female,College,3.22,3.21,3.73,1.89,83.1,89.23
STU_07297,13,Male,High School,1.68,2.07,7.71,4.41,79.7,99.58
STU_07298,18,Female,College,0,1.88,7.01,0.93,78.46,84.4
STU_07299,19,Male,College,7.11,0,7.02,0,67.45,82.24
STU_07300,15,Male,High School,0,2.1,9.35,1.23,77.02,99.1
STU_07301,19,Male,College,5.39,5.44,3.86,0.52,82.86,81.04
STU_07302,23,Female,University,6.92,2.48,5.51,2.67,72.01,97.59
STU_07303,23,Male,University,5.6,3.52,6.63,1.39,79.43,75.52
STU_07304,19,Female,College,4.13,0,6.98,0.5,74.96,98.45
STU_07305,25,Male,University,5.04,2.3,5.98,0.64,79.67,92.81
STU_07306,23,Male,University,3.41,2.17,8.26,1.53,78.6,88.43
STU_07307,14,Female,High School,4.27,2.28,3.25,0,56.95,87.17
STU_07308,19,Female,College,3.71,3.28,4.7,0,74.94,76.55
STU_07309,13,Male,High School,2.78,2.94,7.6,2.13,76.35,94.7
STU_07310,17,Female,High School,7.47,0.73,5.75,0.15,73.65,89.59
STU_07311,21,Female,College,6.68,1.18,7.37,3.97,75.64,97.7
STU_07312,19,Female,College,4.13,2.5,8.59,2.45,71.53,89.47
STU_07313,19,Female,College,4.62,6.32,4.35,0,74.33,84.46
STU_07314,23,Male,University,2.63,1.15,6.52,0.43,76.76,78.87
STU_07315,25,Female,University,5.4,1.66,5,1.25,76.5,99.9
STU_07316,24,Male,University,4.24,1.9,7.48,2.84,77.23,93.8
STU_07317,14,Male,High School,3.67,3.1,5.51,0.69,59.87,76.56
STU_07318,20,Female,College,5.14,4.23,8.1,0,76.71,85.69
STU_07319,15,Male,High School,4.71,3.2,5.69,3.42,81.01,97.2
STU_07320,20,Male,College,2.38,0.63,6.2,3.63,82.75,80.5
STU_07321,15,Female,High School,6.75,3.63,7.22,0,68.45,77.04
STU_07322,22,Female,University,6.96,5.23,5.92,1.2,68.42,69.75
STU_07323,19,Female,College,2.8,2.58,7.85,0,74.17,78.38
STU_07324,14,Female,High School,12.48,2.03,3.9,1.35,54.47,73.62
STU_07325,16,Male,High School,2.14,5.65,6.56,3.58,72.58,99.22
STU_07326,23,Female,University,6.04,0.14,8.15,1.92,80.91,96.61
STU_07327,18,Female,College,5.91,2.74,6.31,0.5,74.01,89.99
STU_07328,23,Male,University,6.3,3.13,4.41,0.62,65.93,81.84
STU_07329,21,Male,College,8.58,2.97,7.8,2.65,74.38,81.01
STU_07330,17,Male,High School,3.82,3.65,5.11,2.23,49.35,97.67
STU_07331,25,Female,University,4.61,0.38,5.82,0.67,73.93,84.67
STU_07332,21,Male,College,5.56,2.02,4.84,1.73,78.3,84.28
STU_07333,17,Female,High School,0.29,1.81,8.5,1.37,86.68,99.08
STU_07334,22,Male,University,4.84,0.49,10.18,0.5,85.33,86
STU_07335,20,Male,College,5.5,0,6.44,3.29,75.78,87.28
STU_07336,25,Male,University,2.73,4.78,9.01,1.21,82.65,82.51
STU_07337,25,Male,University,9.91,2.78,8.31,1,59.25,90.71
STU_07338,13,Male,High School,5.15,0.81,6.78,2.68,72.69,68.27
STU_07339,19,Male,College,2.66,0.81,6.78,2.56,75.83,95.51
STU_07340,16,Male,High School,3.07,2.44,6.36,1.79,70.79,98.17
STU_07341,17,Non-binary,High School,2.52,4.14,6.9,0.58,83.93,86.23
STU_07342,18,Female,College,2.61,0.91,9.34,1.15,87.88,97.01
STU_07343,17,Female,High School,5.34,3.5,6.56,1.16,68.66,87.02
STU_07344,24,Female,University,5.57,5.1,5.85,0.92,79.75,75.52
STU_07345,13,Female,High School,5.63,3.48,6.27,1.6,63.92,72.76
STU_07346,24,Female,University,6.19,1.05,7.05,0.56,77.43,84.38
STU_07347,21,Male,College,5.56,2.3,5.88,0.04,78.25,77.86
STU_07348,14,Female,High School,9.94,1.96,5.47,0,68.87,57.12
STU_07349,21,Female,College,6.76,1.65,5.55,2,83.82,76.9
STU_07350,22,Female,University,1.91,2.46,5.76,3.16,65.16,84.51
STU_07351,14,Female,High School,4.59,1.57,7.35,1.4,87.68,84.63
STU_07352,21,Male,College,1.68,0.81,6,1.12,72.09,81.37
STU_07353,18,Non-binary,College,4.55,3.33,6.41,1.5,81.92,93.16
STU_07354,23,Male,University,0.98,4.2,6.53,0,76.05,78.63
STU_07355,21,Male,College,3.92,4.36,7.56,0.6,70,97.38
STU_07356,25,Male,University,4.23,0.66,6.44,2.55,83.5,96.05
STU_07357,18,Male,College,1.14,4.31,7.6,2.13,84.81,91.45
STU_07358,18,Male,College,4.54,5.37,4.36,0.64,73.44,69.44
STU_07359,25,Male,University,3.57,0.61,8.34,1.47,84.46,89.1
STU_07360,23,Non-binary,University,1.77,0.89,7.81,0.64,62.7,96.38
STU_07361,14,Male,High School,6.81,0.24,8,1.56,58.14,82.55
STU_07362,20,Female,College,3.63,0.52,7.24,2.18,70,97.58
STU_07363,15,Female,High School,7.31,5.07,6.18,1.51,68.56,92.49
STU_07364,19,Female,College,5.01,0.87,6.09,0.93,72.02,97.9
STU_07365,17,Male,High School,3.52,3.79,6.89,1.72,51.71,96.83
STU_07366,15,Female,High School,2.08,0,5.84,0.47,72.33,78.99
STU_07367,13,Male,High School,1.57,0.05,6.29,2.3,79.44,82.58
STU_07368,20,Male,College,4.97,1.06,5.83,2.9,77.97,97.13
STU_07369,15,Female,High School,5.41,3.55,5.92,1.82,63.93,91.99
STU_07370,14,Female,High School,2.4,2.14,3.79,1.28,70.7,90.58
STU_07371,13,Female,High School,1.48,2.38,5.66,0,80.89,84.29
STU_07372,16,Male,High School,6.25,1.08,4.6,0.51,60.94,76.33
STU_07373,25,Male,University,6.36,1.52,8.26,2.7,76.12,98.01
STU_07374,20,Male,College,2.43,0.44,5.77,1.39,85.22,98.83
STU_07375,25,Female,University,4.04,3.73,5.37,0.69,66.15,83.21
STU_07376,15,Male,High School,5.79,3.12,6.17,0,69.03,94.86
STU_07377,13,Female,High School,1.74,1.96,7.26,2.77,85.71,97.14
STU_07378,16,Male,High School,2.31,1.9,7.44,1.59,84.74,98.99
STU_07379,21,Male,College,6.55,2.99,5.45,2.3,67.18,82.86
STU_07380,25,Male,University,2.27,4.21,6.52,0,65.93,76.48
STU_07381,13,Male,High School,4.67,1.35,8.44,1.93,68.3,99.79
STU_07382,24,Female,University,4.75,3.72,6.31,0,74.01,91.82
STU_07383,23,Female,University,1.51,1.35,7.26,1.82,81.87,89.31
STU_07384,14,Male,High School,6.96,2.08,7.33,0.61,67.01,68.66
STU_07385,21,Male,College,0.6,2.15,8.13,1.11,81.19,99.3
STU_07386,14,Non-binary,High School,5.2,4.51,4.1,1.66,53.86,70.43
STU_07387,25,Female,University,3.35,1.63,7.28,0.99,67.32,90.12
STU_07388,15,Female,High School,4.76,0,6.81,0.04,79.15,61.4
STU_07389,19,Male,College,3.91,0.76,8.86,0.91,85.75,95.94
STU_07390,15,Male,High School,1.67,6,5.34,1.57,74.04,95.46
STU_07391,21,Male,College,3.75,0,5.83,0.91,72.99,96.81
STU_07392,18,Male,College,5.69,0,6.14,0.59,71.01,86.9
STU_07393,15,Female,High School,3.89,3.96,7.46,0.03,79.78,88.42
STU_07394,21,Male,College,3.31,3.74,8.01,3.01,76.51,97.95
STU_07395,13,Female,High School,0,1.84,6.94,0.77,86.33,98.01
STU_07396,22,Male,University,2.28,3.45,7.57,3.14,88.04,96.24
STU_07397,15,Female,High School,2.65,1.71,6.19,2.55,63.59,84.9
STU_07398,13,Male,High School,6.6,0.75,6.38,2.72,63.59,94.12
STU_07399,14,Male,High School,3.53,5.56,6.99,0.19,78.75,74.56
STU_07400,24,Female,University,5.77,1.29,8.8,1.02,71.95,99.27
STU_07401,20,Male,College,2.56,0.07,8.33,1.27,76.92,83.85
STU_07402,19,Male,College,0,0,8.9,1.9,78.73,97.14
STU_07403,14,Male,High School,6.96,4.86,5.62,0.81,54.5,83.54
STU_07404,14,Female,High School,2.57,2.81,4.76,0.89,71.59,95.74
STU_07405,21,Female,College,6.83,4.01,8.82,0.96,75.73,98.21
STU_07406,25,Female,University,3.95,5.85,4.35,0.56,61.85,97.2
STU_07407,25,Female,University,7.95,1.58,5.64,0.28,78.28,94.92
STU_07408,18,Non-binary,College,10.99,5.57,4.22,1.22,62.45,59.02
STU_07409,17,Female,High School,5.61,2.28,7.95,1.38,79.34,91.6
STU_07410,22,Female,University,1.09,2.63,8.46,0,77.92,99.22
STU_07411,18,Female,College,5.87,5.02,5.38,2.38,78.8,71.83
STU_07412,21,Male,College,5.44,2.57,6.66,2.12,77.52,99.62
STU_07413,23,Non-binary,University,1.41,4.01,6.02,0.88,72.61,80.33
STU_07414,19,Female,College,2.85,1.63,5.95,1.92,70.28,94.01
STU_07415,22,Male,University,3.4,3.22,7.52,0.02,75.34,99.76
STU_07416,22,Male,University,5.38,5.02,4.47,0.35,66.66,63.49
STU_07417,21,Male,College,2.21,3.58,7.08,1.41,79.09,97.59
STU_07418,16,Male,High School,1.9,1.76,6.27,0.16,84.57,82.5
STU_07419,14,Male,High School,1.57,2.64,4.39,3.1,83.54,92.95
STU_07420,24,Male,University,0,1.77,7.06,0.58,75.17,99.69
STU_07421,20,Male,College,6.07,2.36,7.52,2.33,79.87,95.25
STU_07422,16,Female,High School,4.71,5.21,6.6,0,80.37,87.29
STU_07423,25,Male,University,6.47,2.74,4.81,1.12,59.09,82.16
STU_07424,21,Male,College,2.71,4.05,6.87,2.87,74.67,99.87
STU_07425,16,Male,High School,2.64,3.4,4.69,0.01,73.41,89.23
STU_07426,20,Female,College,5.36,4.84,8.8,0.85,82.2,69.94
STU_07427,21,Male,College,6.72,0.62,6.59,0,57.7,99.77
STU_07428,25,Male,University,6.96,2.87,6.93,1.1,59.09,99.74
STU_07429,21,Female,College,1.71,5.84,8.38,1.22,82.95,88.3
STU_07430,22,Male,University,6.87,1.32,6.53,0,69.2,77.91
STU_07431,16,Male,High School,7.79,6.07,5.46,2.69,68.03,98.56
STU_07432,13,Male,High School,5.55,0.98,5.51,1.21,61.33,97.33
STU_07433,15,Female,High School,7.39,2.01,3.67,3.54,61.86,86.88
STU_07434,21,Female,College,5.81,3.95,5.36,0.09,66.69,72.12
STU_07435,16,Female,High School,1.7,2.77,7.14,0.99,84.24,86.42
STU_07436,17,Male,High School,6.84,0,6.58,0,63.64,73.8
STU_07437,19,Female,College,5.47,3.24,6.67,0,69.58,72.66
STU_07438,17,Male,High School,1.95,2.74,5.48,3.1,80.3,80.06
STU_07439,16,Male,High School,3.08,1.53,6.07,0,68.03,82.3
STU_07440,14,Male,High School,5.53,2.05,7.58,1.12,66.61,98.2
STU_07441,14,Female,High School,10.49,0,6.16,0,61.14,79.81
STU_07442,25,Male,University,9,1.51,4.33,2.11,62.91,85.2
STU_07443,25,Female,University,0,3.81,8.48,1.12,91.76,98.12
STU_07444,16,Female,High School,4.5,2.81,8.47,1.45,69.67,97.91
STU_07445,22,Male,University,8.22,4.32,4.69,0.62,58.47,99.16
STU_07446,25,Male,University,3.49,5.85,6.34,2.42,78.51,97.56
STU_07447,22,Male,University,3.24,1.02,6.65,2.97,72.55,90.47
STU_07448,25,Male,University,3.15,0.9,5.58,0.64,79.1,83.88
STU_07449,21,Male,College,6.61,4.21,6.04,1.91,71.98,98.03
STU_07450,20,Female,College,5.46,2.22,6.91,0.54,59.92,75.9
STU_07451,15,Male,High School,5.83,2.17,6.66,2.18,78.31,97.14
STU_07452,21,Female,College,4.01,7.37,8.57,0.07,73.27,80.92
STU_07453,17,Male,High School,8.87,4.75,4.51,0.95,80.98,69.98
STU_07454,23,Female,University,3.72,2.79,5.31,0.85,64.05,93.33
STU_07455,15,Female,High School,6.7,3.42,7.46,2.04,75.03,97.4
STU_07456,17,Female,High School,0,2.88,8.37,0.38,77.72,92.48
STU_07457,25,Female,University,4.4,0.14,4.25,0.68,81.21,67.88
STU_07458,22,Male,University,3.33,3.14,5.64,1.69,79.94,95.83
STU_07459,25,Male,University,4.76,2.25,4.41,1.74,76.73,86.93
STU_07460,16,Female,High School,0.44,1.32,8.51,0.62,79.83,77.8
STU_07461,20,Female,College,8.59,1.81,7.15,1.58,82.36,84.02
STU_07462,25,Female,University,4.92,0.25,6.67,4.56,80.01,99.03
STU_07463,24,Male,University,10.12,0,7.33,0.69,65.23,78.25
STU_07464,17,Male,High School,6.46,1.25,7.22,0,74.09,72.91
STU_07465,22,Male,University,5.16,0.99,7.07,1.23,54.15,99.85
STU_07466,24,Female,University,4.54,5.96,5.61,2.01,83.29,91.26
STU_07467,20,Female,College,6.16,5.03,4.34,0.63,69.15,95.17
STU_07468,21,Female,College,6.4,1.68,6.03,1.49,69.53,94.01
STU_07469,16,Female,High School,5.76,3.45,6.27,0.35,63.23,98.14
STU_07470,19,Female,College,10.16,2.49,6.4,1.71,70.2,83.32
STU_07471,14,Female,High School,7.39,1.54,6.47,1.43,72.43,81.37
STU_07472,18,Male,College,2.92,0.81,6.92,1.84,70.82,98.4
STU_07473,20,Female,College,2.52,1.93,7.26,2.17,77.47,90.77
STU_07474,24,Male,University,5.61,1.63,5.28,1.03,70.61,84.87
STU_07475,19,Female,College,4.97,2.22,5.91,1.22,77.23,77.81
STU_07476,19,Male,College,5.2,6.2,7.09,2.2,52.64,99
STU_07477,20,Female,College,0.44,2.33,6.67,2.17,84.48,97.57
STU_07478,19,Female,College,6.73,0.26,6.15,0.91,83.45,81.42
STU_07479,17,Female,High School,3.57,2.14,7.38,0.63,81.78,90.27
STU_07480,19,Female,College,10.07,4.6,4.62,0,48.22,59.18
STU_07481,25,Female,University,5.09,6.17,5.54,1.37,66.72,76.2
STU_07482,22,Female,University,4.22,0.06,4.76,0.92,60.1,93.99
STU_07483,15,Male,High School,5.73,2.58,7.68,1.51,73.29,92.54
STU_07484,17,Female,High School,2.86,3.15,8.26,0.06,76.18,84.03
STU_07485,19,Male,College,8.65,4.29,6.86,2.2,65.37,73.97
STU_07486,21,Female,College,10.44,2.19,5.92,2.04,57.04,91.79
STU_07487,14,Female,High School,6.33,2.51,4.89,1.88,68.37,79.61
STU_07488,16,Female,High School,6.17,1.75,5.82,1.35,48.87,74.43
STU_07489,24,Female,University,3.03,0.15,5.97,0.34,82.04,68.22
STU_07490,19,Female,College,4.48,4.2,5.44,3.83,79.95,98.11
STU_07491,13,Female,High School,5.86,0.79,6.08,2.17,66.84,98.51
STU_07492,25,Female,University,1.63,0,6.74,1.35,63.62,95.64
STU_07493,14,Female,High School,8.44,1.66,7.35,0,54.64,75.17
STU_07494,21,Female,College,0.66,0,7.45,1.35,80.16,99.71
STU_07495,25,Male,University,0,1.77,8.94,1.34,86.05,97.88
STU_07496,22,Female,University,8.86,1.67,5.13,1.58,66.73,81.22
STU_07497,19,Female,College,6.45,2.34,6.74,0.78,54.55,98.42
STU_07498,24,Non-binary,University,2.14,1.64,6.74,0,69.38,98.14
STU_07499,22,Female,University,4.89,2.6,7.1,0,81.73,81.46
STU_07500,19,Male,College,5.09,5.88,7.15,2.27,68.17,87.92
STU_07501,18,Male,College,4.76,0,8.15,0.08,72.2,85.94
STU_07502,15,Female,High School,1.92,5.25,6.26,0.12,81.12,73.24
STU_07503,22,Female,University,5.29,0,6.7,1.85,77.48,88.38
STU_07504,15,Female,High School,7.41,3.31,7.17,1.08,64.93,87.27
STU_07505,14,Male,High School,0.18,4.79,9.26,0.12,87.82,86.51
STU_07506,23,Female,University,3.29,2.15,6.89,2.43,73.33,98.32
STU_07507,18,Female,College,1.6,2.86,6.76,0.25,61.8,89.77
STU_07508,16,Male,High School,2.59,3.82,6.6,1.73,59.93,97.63
STU_07509,17,Male,High School,5.45,4.38,3.86,2.21,71.66,98.28
STU_07510,15,Male,High School,1.26,0.39,7.65,1.18,86.42,97.61
STU_07511,18,Male,College,8.84,3.25,5.09,1.23,77.65,64.25
STU_07512,23,Male,University,4.67,2.39,5.21,0,63.27,66.57
STU_07513,24,Male,University,3.53,3.39,7.31,2.23,87.48,90.97
STU_07514,15,Female,High School,0,3.38,7.07,1.39,86.07,92.02
STU_07515,20,Male,College,4.85,2.39,7.58,2.61,81.45,98.3
STU_07516,21,Male,College,4.64,2.52,6.52,0,80.42,76.54
STU_07517,16,Male,High School,1.19,3.47,5.53,0.04,75.86,70.72
STU_07518,21,Male,College,2.02,1.7,7.22,1.55,82.08,98.5
STU_07519,24,Female,University,8.8,3.86,3.48,0,49.67,68.83
STU_07520,19,Male,College,3.53,1.17,7.78,1.12,77.91,73.29
STU_07521,15,Female,High School,4.61,6.07,7.86,0.37,85.72,94.34
STU_07522,19,Female,College,5.88,3.38,5.94,0.67,73.01,69.45
STU_07523,13,Male,High School,4.11,2.96,6.82,0.49,85.79,72.58
STU_07524,15,Female,High School,7.88,1.48,7.78,0,59.04,89.96
STU_07525,18,Female,College,2.67,2.29,6.85,0.11,74.25,74.3
STU_07526,16,Male,High School,3.44,3.27,4.61,1.63,70.79,97.42
STU_07527,19,Female,College,3.47,4.73,8.19,0,69.36,97.54
STU_07528,15,Female,High School,2.52,0.44,6.47,1.94,69.75,80.64
STU_07529,13,Female,High School,2.31,0.08,6.87,0.14,84.59,77.37
STU_07530,21,Male,College,4.57,1.67,8.57,2.36,84.87,90.58
STU_07531,18,Female,College,7.87,1.78,9.09,0,58.28,82
STU_07532,20,Male,College,1.55,1.7,6.22,2.45,71.01,97.39
STU_07533,15,Male,High School,4.03,3.36,7.75,1,69.84,97.1
STU_07534,20,Male,College,6.41,2.92,6.59,1.12,82.55,87.46
STU_07535,14,Female,High School,9.45,2.09,8.01,1.76,59.08,91.37
STU_07536,24,Female,University,6.85,4.95,5.66,1.36,71.44,80.94
STU_07537,16,Male,High School,3.98,6.64,6.66,1.1,74.65,96.52
STU_07538,15,Male,High School,3.1,3.49,6.1,0.8,75.36,86.97
STU_07539,22,Female,University,7.32,3.3,8.27,0,71.62,70.43
STU_07540,13,Female,High School,6.71,2.64,5.61,2.75,75.03,97.71
STU_07541,25,Male,University,4.54,0.49,6.16,0.01,71.41,77.01
STU_07542,25,Female,University,3.98,4.28,7.31,2.05,79.76,86.8
STU_07543,19,Male,College,9.54,2.08,4.89,0.8,60.99,80.44
STU_07544,23,Female,University,9.16,2.4,6.31,0,74.19,97.96
STU_07545,22,Female,University,5.48,2.75,6,0.05,66.91,79.83
STU_07546,14,Male,High School,5.02,0.34,6,1.55,67.95,94.9
STU_07547,16,Female,High School,1.63,4.87,6.6,0.09,71.37,79.18
STU_07548,21,Female,College,4.61,4.01,5.11,0,81.43,98.18
STU_07549,18,Male,College,7.52,1.02,4.83,1.55,51.99,88.33
STU_07550,20,Male,College,0,0.62,6.76,1.48,68.77,98.55
STU_07551,14,Male,High School,6.01,1.08,9.08,2.25,70.85,98.15
STU_07552,19,Male,College,6.22,1.06,5.67,0.63,40.72,88.18
STU_07553,18,Female,College,6.23,0.48,8.67,0,83.98,80.17
STU_07554,25,Male,University,2.87,3.07,7.54,0.15,70,82.48
STU_07555,21,Female,College,3.69,3.05,6.35,1.52,70.21,88.21
STU_07556,19,Male,College,2.95,0.26,6.36,0.64,68.18,98.18
STU_07557,13,Non-binary,High School,8.98,5.86,5.3,1.86,58.18,81.16
STU_07558,20,Male,College,8.39,0.69,8.46,0,76.66,78.49
STU_07559,23,Male,University,5.43,0,5.07,1.6,60.15,85.77
STU_07560,22,Male,University,4.58,3.65,6.06,0.47,78.28,73.35
STU_07561,15,Female,High School,4.48,2.48,7.67,0.32,74.81,89.95
STU_07562,14,Male,High School,3.72,1.8,6.61,0.34,61.4,99.47
STU_07563,24,Male,University,0,2.75,7.39,0.27,79.98,87.7
STU_07564,15,Female,High School,4.6,2.41,3.9,0.48,63.81,78.62
STU_07565,23,Female,University,9.57,3.76,5.93,2.04,78,97.25
STU_07566,18,Female,College,5.23,2.14,7.05,4.65,81.36,99.9
STU_07567,25,Male,University,2.95,1.61,6.77,1.67,76.6,99.46
STU_07568,15,Male,High School,5.15,2.89,6.09,1.2,80.05,86.87
STU_07569,22,Female,University,3.95,3.93,8.01,0.85,66,89.9
STU_07570,17,Female,High School,2.01,2.32,7.68,0.24,75.08,98.7
STU_07571,18,Male,College,1.7,2.41,7.47,2.47,75.15,92.24
STU_07572,20,Male,College,4.59,4.83,8.87,1.13,83.56,96.81
STU_07573,19,Non-binary,College,0.85,2.58,6.73,0.11,81.26,90.51
STU_07574,23,Male,University,4.54,0,6.83,3.38,76.49,98.4
STU_07575,20,Female,College,4.29,2.64,8.67,3.43,86.88,98.82
STU_07576,15,Male,High School,6.3,2.51,5.83,1.74,73.96,98.45
STU_07577,16,Female,High School,4.1,2.96,8.88,0,77.92,75.36
STU_07578,18,Female,College,1.87,2.91,6.82,0.33,72.18,92.27
STU_07579,23,Male,University,4.89,2.53,7.93,0,75.44,71.47
STU_07580,19,Male,College,7.11,3.09,7.06,3.19,79.16,97.42
STU_07581,21,Female,College,3.18,0.32,6,0,70.88,83.13
STU_07582,25,Male,University,8.52,6.57,6.06,0.09,74.53,84.34
STU_07583,13,Female,High School,4.79,2.63,7.08,1.93,84.31,98.54
STU_07584,25,Female,University,3.61,0.58,7.53,1.04,74.29,90.91
STU_07585,20,Female,College,2.94,0,9.66,0,68.8,96.06
STU_07586,20,Male,College,4.99,3.33,7.19,1.79,52.43,96.21
STU_07587,18,Male,College,4.27,1.79,6.54,3.27,74.73,98.18
STU_07588,16,Female,High School,1.29,3.04,5.72,0.46,74.58,87.54
STU_07589,15,Male,High School,8.48,6.31,5.7,0,63.25,58.93
STU_07590,23,Non-binary,University,3.66,2.55,6.08,2.55,71.24,99.56
STU_07591,15,Non-binary,High School,8.46,4.46,4.77,1.72,71.09,99.45
STU_07592,18,Male,College,1.77,0.74,7.04,0.04,83.62,92.28
STU_07593,25,Male,University,6.9,2.97,4.45,3.41,71.98,95.35
STU_07594,20,Male,College,7.89,0.97,3.79,0,63.47,90.57
STU_07595,19,Non-binary,College,7.68,0.42,6.63,1.53,85.27,89.05
STU_07596,23,Male,University,5.5,2.84,9.28,0,61.03,90.57
STU_07597,13,Male,High School,6.99,5.17,7.06,1.92,73.81,96.07
STU_07598,23,Female,University,5.67,4.24,5.19,0,53.44,70.51
STU_07599,18,Male,College,1.92,7.4,7.52,0.76,67.47,95.22
STU_07600,19,Male,College,5.53,2.41,9.68,0.11,78.28,97.21
STU_07601,24,Male,University,1.77,3.11,6.34,0,73.18,87.39
STU_07602,19,Female,College,1.44,3.7,5.39,0.13,75.78,82.19
STU_07603,21,Male,College,5.2,2.71,7.18,0.81,68.41,85.44
STU_07604,23,Female,University,3.02,4.1,9.02,0,82.83,91.76
STU_07605,23,Female,University,8.47,1.53,6.47,0,54.86,73.86
STU_07606,22,Female,University,8.71,1.25,6.01,0.84,69.79,80
STU_07607,17,Female,High School,11.35,1.58,5.07,3.22,37.26,99.79
STU_07608,13,Male,High School,1.09,0.69,6.09,1.9,76.8,72.32
STU_07609,14,Male,High School,1.67,0,6.44,2.51,77.66,97.53
STU_07610,16,Male,High School,6.67,2.22,6.08,1.02,75.1,73.98
STU_07611,17,Female,High School,3.71,0,9.26,1.34,86.66,98.53
STU_07612,21,Male,College,2.69,1.78,3.9,1.14,59.23,88.94
STU_07613,23,Male,University,3.54,0,9.86,0.95,83.43,99.76
STU_07614,13,Male,High School,4.32,5.38,7.56,0,74.48,94.45
STU_07615,15,Male,High School,6.16,1.78,6.03,1.4,67.39,80.87
STU_07616,17,Female,High School,0,0,8.15,0.2,88.74,95.73
STU_07617,15,Female,High School,5.52,2.56,5.47,0.3,73.89,88.44
STU_07618,16,Male,High School,4.02,2.98,9.11,0,66.46,97.86
STU_07619,15,Female,High School,2.52,1.42,5.29,1.18,77.46,89.72
STU_07620,16,Female,High School,7.97,5.4,4,0,68.2,70.55
STU_07621,25,Female,University,3.43,3.56,7.46,1.45,74.09,76.44
STU_07622,25,Female,University,3.64,2.06,6.91,1.33,84.84,97.5
STU_07623,13,Male,High School,3.8,3.45,6.69,0.57,68.5,89.42
STU_07624,24,Male,University,8.4,5.29,5.37,0,57.19,61.41
STU_07625,20,Female,College,4.77,0.31,5.9,1.47,69.44,86.09
STU_07626,16,Female,High School,4.33,1.02,6.35,2.9,68.86,97.86
STU_07627,19,Female,College,6.71,2.55,7.68,1.96,69.68,78.68
STU_07628,14,Female,High School,0,0,9.04,2.34,78.54,99.01
STU_07629,14,Female,High School,5.01,3.01,7.54,0.4,66.36,93.58
STU_07630,18,Female,College,5.04,5.46,5.46,1.52,81.97,87.07
STU_07631,14,Female,High School,6.57,2.27,4.89,0,69.15,91.07
STU_07632,18,Male,College,5.23,0,8.88,0,72.88,72.24
STU_07633,23,Female,University,1.68,3.94,4.9,2.57,76.79,95.79
STU_07634,14,Female,High School,0.35,5.46,6.64,0.11,83.28,83.9
STU_07635,16,Female,High School,6.09,0,6.79,1.02,66.63,88.32
STU_07636,19,Male,College,3.27,3.46,10.5,1.18,71.04,92.11
STU_07637,20,Male,College,3.68,3.67,6.6,0,78.3,82.15
STU_07638,15,Female,High School,2.36,3.36,7.64,1.84,82.92,98.15
STU_07639,25,Female,University,4.53,2.92,7.18,2.71,67.36,98.21
STU_07640,21,Female,College,4.32,2.72,8.17,3.62,72.64,91.14
STU_07641,14,Male,High School,1.45,2.03,8.21,2.29,78.96,98.05
STU_07642,20,Male,College,6.43,5.16,6.77,1.44,56.1,84.92
STU_07643,20,Male,College,2.72,2.66,7.27,1.61,67.57,98.93
STU_07644,25,Female,University,7.74,6.56,6.26,1.44,57.66,99.38
STU_07645,16,Male,High School,5.03,4.2,5.94,1.43,74.9,98.08
STU_07646,13,Female,High School,4.28,2.7,3.2,3.82,66.99,93.55
STU_07647,25,Male,University,0.73,0.85,6.5,2.31,65.49,98.34
STU_07648,13,Female,High School,5.85,3.51,6.93,2.09,75.82,98.11
STU_07649,14,Female,High School,4.4,1,5.95,1.07,81.16,80.52
STU_07650,24,Female,University,4.93,1.32,6.55,0,77.49,86.78
STU_07651,21,Male,College,7.79,1.85,5.86,0,73.5,60.82
STU_07652,25,Female,University,6.67,0.2,6.06,0.09,59.14,91.49
STU_07653,14,Male,High School,7.29,5.67,6.66,2.1,71.59,98.15
STU_07654,14,Male,High School,0,0.33,7.72,2.19,81.3,79.6
STU_07655,18,Male,College,3.98,2.99,6.61,1.06,78.11,99.78
STU_07656,19,Female,College,0.52,1.07,4.57,2.11,72.2,94.44
STU_07657,25,Male,University,5.68,0,4.62,1.73,74.05,87.5
STU_07658,19,Female,College,0,2.09,7.95,3.64,82.33,97.5
STU_07659,25,Male,University,7.13,2.25,4.98,0.26,64.69,82.84
STU_07660,21,Male,College,8.42,5.23,6.52,0,60.43,77.41
STU_07661,18,Male,College,4.04,3.25,5.92,1.6,65.09,81.97
STU_07662,20,Female,College,5.36,2.89,5.72,1.55,71.12,99.02
STU_07663,23,Male,University,8.38,3.87,3.87,0.86,33.78,69.94
STU_07664,18,Female,College,9.72,1.99,5.68,1,56.72,92.31
STU_07665,14,Female,High School,8.72,1.4,3.67,2.89,48.56,97.6
STU_07666,13,Female,High School,5.85,1.31,5.2,1.09,73.63,87.52
STU_07667,17,Male,High School,8.53,1.2,5.52,0.39,74.33,92.35
STU_07668,21,Male,College,2.09,3.03,7.57,0.76,84.72,88.72
STU_07669,20,Female,College,2.79,0,7.36,0,55.48,87.61
STU_07670,25,Female,University,6.84,2.08,6.15,0.03,70.24,68.31
STU_07671,16,Male,High School,4.57,4.89,7.23,2.82,70.4,95.22
STU_07672,17,Female,High School,6.19,3.05,5.49,0.91,63.48,80.73
STU_07673,25,Male,University,6.79,2.32,6.56,0.38,68.7,75.98
STU_07674,17,Female,High School,6.83,1.56,5.03,2.07,62.28,87.62
STU_07675,18,Male,College,0,0.95,7.19,1.15,83.95,92.72
STU_07676,15,Male,High School,6.2,4.77,5.1,2.54,72.36,94.65
STU_07677,17,Male,High School,2.92,2.68,6.95,1.95,73.63,99.69
STU_07678,14,Female,High School,5.14,1.58,7.06,0,70.51,89.58
STU_07679,22,Non-binary,University,3.39,1.95,7.5,2.32,67.5,92.7
STU_07680,13,Male,High School,3.44,0.9,6.23,1.46,82.08,91.3
STU_07681,23,Female,University,2.95,2.7,7.48,1.03,76.92,98.45
STU_07682,13,Female,High School,6.4,2.69,6.52,1.16,69.58,71.56
STU_07683,22,Female,University,4.08,3.6,6.01,1.2,73.88,99.2
STU_07684,19,Male,College,3.88,0,6.55,0,74.05,71.45
STU_07685,14,Female,High School,3.67,2.74,7.53,0.89,86.94,60.85
STU_07686,16,Male,High School,5.97,3.51,6.53,0.58,72.39,98.81
STU_07687,17,Male,High School,2.36,2.21,6.39,0,79.36,70.87
STU_07688,19,Female,College,8.47,4.93,7.41,0.42,61.45,86.74
STU_07689,14,Female,High School,2.86,3.67,4.46,1.17,76.75,78.34
STU_07690,18,Female,College,3.41,4.46,5.63,4.55,77.82,97.36
STU_07691,13,Female,High School,4.55,0.57,5.69,0,76.83,86.08
STU_07692,19,Female,College,5.68,0,5.26,0.71,66.87,96.66
STU_07693,21,Male,College,4.04,3.01,5.99,0.46,77.71,92.19
STU_07694,17,Male,High School,3.91,0,8.81,0.06,70.75,99.57
STU_07695,17,Female,High School,7.21,1.43,4.97,2.79,70.21,97.83
STU_07696,16,Female,High School,0,2.45,7.67,3.64,74.83,96.39
STU_07697,15,Non-binary,High School,3.06,3.85,6.92,0.37,64.71,95.21
STU_07698,21,Female,College,2.44,2.67,8.38,2.53,80.44,98.27
STU_07699,17,Female,High School,3.49,5.12,7.12,2,80.8,94.13
STU_07700,20,Female,College,7.98,1.25,7.18,1.29,79.56,76.37
STU_07701,21,Male,College,2.79,0.86,9.17,1.15,68.38,95.16
STU_07702,17,Male,High School,4.26,6.58,5.35,2.53,71.69,93.26
STU_07703,22,Female,University,5.87,2.23,6.28,2.22,84.89,89.94
STU_07704,21,Female,College,2.54,2.73,6.03,1.88,69.21,89.13
STU_07705,14,Non-binary,High School,0,1.49,5,0,75.38,96.67
STU_07706,21,Male,College,0,0.91,5.51,2.37,81.89,97.79
STU_07707,23,Female,University,7.83,2.22,6.06,2.93,47.72,93.88
STU_07708,16,Female,High School,5.63,4.39,4.98,1.26,67.32,80.56
STU_07709,18,Female,College,3.68,2.1,5.83,0.54,69.72,89.62
STU_07710,18,Male,College,3.64,0,8.3,2.32,86.09,89.94
STU_07711,18,Female,College,2.37,0.52,7.49,2.57,86.74,91.25
STU_07712,14,Female,High School,4.9,5.9,7.67,0.48,67.38,95.94
STU_07713,19,Female,College,6.31,0,7.18,1.58,72.68,54.11
STU_07714,25,Female,University,2.26,1.19,7.4,2.38,82.33,80.36
STU_07715,18,Female,College,5.15,3.29,7.86,0,87.61,88.89
STU_07716,23,Male,University,2.34,3.34,6.74,2.3,68.54,91.05
STU_07717,13,Male,High School,4.27,3.38,6.97,0.85,61.83,75.15
STU_07718,14,Female,High School,3.1,4.11,6.04,1.62,66.47,99.48
STU_07719,19,Male,College,6.77,2.11,6.28,0.91,71.93,83.97
STU_07720,13,Non-binary,High School,4.52,0.66,6.24,1.53,80.68,82.89
STU_07721,13,Male,High School,1.62,2.11,7.4,2.16,81.59,88.59
STU_07722,13,Male,High School,4.29,4.65,4.8,1.52,68.5,63.92
STU_07723,20,Female,College,6.97,0,6.08,0.58,64.66,91.55
STU_07724,16,Male,High School,1.48,1.67,7.97,0.59,66.03,98.25
STU_07725,16,Female,High School,3.81,2.53,5.2,2.72,61.42,92.24
STU_07726,25,Female,University,3.51,1.32,7.44,0.49,69.24,92.97
STU_07727,14,Male,High School,5.02,1.56,7.78,0.11,69.81,79.8
STU_07728,23,Female,University,3.97,3.23,8.3,0,85.33,89.73
STU_07729,23,Male,University,5.42,2.74,4.89,1.97,57.21,78.23
STU_07730,23,Female,University,2.71,4.21,6.04,1.02,73.63,99.19
STU_07731,13,Male,High School,4.07,3.5,7.41,1.38,73.55,95.07
STU_07732,24,Male,University,3.99,4.36,5.76,2,73.95,75.17
STU_07733,22,Female,University,8.98,1.34,5.17,0.71,61.7,96.6
STU_07734,21,Female,College,5.28,7.19,5.94,0.01,82,66.2
STU_07735,19,Male,College,6.61,0,6.03,0.46,70.78,98.12
STU_07736,16,Female,High School,9.1,3.95,6.27,0,71.51,87.56
STU_07737,24,Female,University,5.13,0.67,5.73,3,80.75,85.15
STU_07738,18,Female,College,3.93,0,6.5,1.12,84.46,91.11
STU_07739,14,Male,High School,2.03,5.51,6.65,0.47,61.62,81.51
STU_07740,19,Female,College,1.42,1.83,6.75,2.55,79.76,94.91
STU_07741,14,Female,High School,0,0.2,6.4,0,65.06,97.79
STU_07742,22,Female,University,6.71,1.77,4.67,2.58,73.69,80.76
STU_07743,20,Non-binary,College,5.64,1.27,7.05,0.27,66.73,93.99
STU_07744,20,Male,College,3.92,2.21,6.13,2.47,80.67,77.59
STU_07745,13,Male,High School,3.85,1.91,6.81,1.2,77.27,97.93
STU_07746,25,Male,University,2,0.05,5.63,0,74.31,82.69
STU_07747,20,Male,College,5.74,2.61,7.37,0,62.9,79.42
STU_07748,14,Male,High School,3,2.48,6.73,1.11,75,89.46
STU_07749,18,Female,College,3.84,5.42,5.8,1.27,81.69,72.55
STU_07750,25,Male,University,1.72,5.1,8.68,1.09,80.24,87.17
STU_07751,13,Male,High School,2.16,2.51,6.1,1.68,79.53,69.1
STU_07752,17,Male,High School,6.83,3.33,6.63,0,51.12,69.6
STU_07753,23,Male,University,7.28,0.61,6.66,1.3,53.31,91.47
STU_07754,19,Male,College,1.41,3.69,6.18,0,67.58,98.23
STU_07755,25,Female,University,5.99,7.42,5.75,2.27,73.33,92.27
STU_07756,22,Male,University,2.65,0.44,7.22,0,55.62,74.38
STU_07757,13,Non-binary,High School,3.25,1.4,7.43,3.23,80.89,90.41
STU_07758,14,Male,High School,7.5,2.94,5.97,0.29,59.61,85.17
STU_07759,19,Female,College,3.78,2.83,6.8,0.35,75.95,99.23
STU_07760,18,Male,College,3.76,2.71,7,2.9,88.09,98.51
STU_07761,15,Female,High School,0.4,1.26,4.58,2.07,80.08,99.17
STU_07762,22,Female,University,3.66,0,6.39,2.48,71.92,94.89
STU_07763,14,Female,High School,2.94,0.96,7.1,1.27,71.47,85.16
STU_07764,22,Female,University,5.65,3.99,3.29,1.4,80.64,70.56
STU_07765,16,Non-binary,High School,3.14,6.16,6.55,2.09,78.67,98.9
STU_07766,15,Female,High School,7.56,3.47,8.39,0.65,79.74,96.38
STU_07767,19,Female,College,5.49,1.89,7.39,3.11,79.28,98.07
STU_07768,20,Female,College,4.99,3.99,5.39,0,74.15,82.77
STU_07769,14,Female,High School,6.26,0.06,9.22,0.81,77.98,99.6
STU_07770,22,Female,University,5,2.44,4.79,2.65,64.31,99.13
STU_07771,19,Male,College,6.32,1.43,5.74,0,56.35,75.87
STU_07772,20,Female,College,4.13,1.99,8.27,0.59,72.44,88.02
STU_07773,18,Female,College,4.28,1.48,6.73,0,53.74,79.34
STU_07774,18,Female,College,2.49,0.5,8.01,0.83,72.1,95.24
STU_07775,22,Male,University,2.72,5.56,7.76,1.21,68.74,88.02
STU_07776,13,Female,High School,7.75,1.38,7.18,0,78.74,63.19
STU_07777,16,Female,High School,5.67,1.37,4.91,1,67,80.42
STU_07778,13,Female,High School,0.65,2.4,6.26,0.22,75.28,78.17
STU_07779,16,Male,High School,7.14,2.87,5.87,1.43,58.76,96.65
STU_07780,14,Male,High School,4.81,5.41,6.85,1.59,60.36,77.54
STU_07781,23,Male,University,2.52,2.81,6.83,1.96,78.81,87.1
STU_07782,25,Female,University,8.96,3.5,4.61,0.66,75.98,90.59
STU_07783,17,Male,High School,7.65,0,5.69,0,57.89,70.37
STU_07784,22,Female,University,6.39,3.05,7.22,0,65.45,91.26
STU_07785,21,Female,College,4.9,1.13,3.94,1.37,73.41,86.12
STU_07786,23,Non-binary,University,5.35,1.17,6.46,0,61.79,79.76
STU_07787,24,Male,University,0,0.36,8.59,3.1,81.51,96.77
STU_07788,22,Male,University,6.37,1.9,7.72,1.14,73.35,93.73
STU_07789,15,Female,High School,4.95,3.19,4.21,0,68.13,62.91
STU_07790,20,Female,College,5.11,3.28,5.48,0.46,81.16,79.85
STU_07791,15,Male,High School,5.05,2.86,8.52,1.66,71.02,99.47
STU_07792,18,Female,College,3.33,1.38,5.05,2.47,73.48,95.5
STU_07793,16,Female,High School,2.13,1.2,7.59,1.62,68.75,86.29
STU_07794,20,Male,College,4.73,1.75,7.75,0,74.05,98.9
STU_07795,23,Male,University,1.17,2.69,7.9,2.84,81.42,90.23
STU_07796,18,Female,College,5.2,0,7.35,0.92,80.08,74.87
STU_07797,20,Male,College,1.93,2.04,7,2.92,86.38,97.58
STU_07798,13,Male,High School,6.92,1.83,6.5,1.5,62.92,67.43
STU_07799,18,Male,College,0.93,3.14,5.9,1.89,79.44,99.05
STU_07800,13,Female,High School,4.39,7.59,6.2,1.11,60.25,88.06
STU_07801,13,Female,High School,4.69,2.48,7.89,1.63,63.11,97.98
STU_07802,20,Male,College,7.55,2.52,4.21,2.44,78.78,99.66
STU_07803,19,Male,College,5.14,3.69,5.94,0.41,76.19,84.75
STU_07804,15,Male,High School,2.47,2.14,5.97,2.49,85.66,91.94
STU_07805,18,Female,College,2.27,3.27,8.13,1.24,65.55,98.04
STU_07806,21,Male,College,8.12,4.85,5.17,1.26,62.91,83.61
STU_07807,19,Female,College,4.41,1.97,9.45,2.63,76.22,98.26
STU_07808,24,Male,University,4.01,5.24,8.31,0.51,56,92.02
STU_07809,15,Male,High School,2.76,2.85,5.64,2.83,84.97,79.76
STU_07810,25,Male,University,1.47,3.93,5.53,2.14,77.59,98.56
STU_07811,18,Female,College,9.11,4.28,7.15,1.47,76.34,98.66
STU_07812,23,Female,University,4.66,4.88,6.07,2.61,55.2,98.5
STU_07813,16,Female,High School,1.75,4.55,5.41,1.94,76.11,93.2
STU_07814,25,Male,University,6.36,5.01,4.64,1.87,78.78,68.35
STU_07815,15,Male,High School,5.99,2.81,7.74,2.81,68.46,99.06
STU_07816,21,Female,College,1.38,1.24,7.46,1.92,79.81,98.02
STU_07817,22,Female,University,3.04,2.68,5.47,0,83.44,90.16
STU_07818,14,Female,High School,5.65,0.56,6.61,0.39,82.51,95.94
STU_07819,13,Male,High School,6.31,1.91,6.29,2.12,64.77,73.9
STU_07820,14,Male,High School,2.59,1.43,7.99,0.77,79.95,81.21
STU_07821,19,Male,College,0,0,6.46,0.25,83.18,82.29
STU_07822,22,Female,University,5.12,4.16,5.44,0.08,72.61,95.98
STU_07823,13,Female,High School,6.64,4.9,5.4,1.76,65.6,99.22
STU_07824,18,Female,College,4.35,1.19,7.22,0,65.84,92.65
STU_07825,19,Male,College,3.73,3.65,5.05,1.62,74.81,90.78
STU_07826,21,Female,College,8.21,7.06,6.27,0.46,66.84,84.21
STU_07827,20,Male,College,0,4.64,6.58,2.68,81.31,98.93
STU_07828,18,Male,College,6.31,0.65,7.76,1.8,78.23,95.46
STU_07829,15,Non-binary,High School,6.46,4.11,4.77,1.27,70.02,94.13
STU_07830,20,Female,College,2.57,2.19,6.64,0.61,88.28,84.63
STU_07831,19,Female,College,0,4.07,6.46,1.42,81.71,90
STU_07832,15,Female,High School,6.39,6.66,8.59,0,59.12,98.43
STU_07833,21,Male,College,5.3,2.38,6.56,0.43,75.18,71.79
STU_07834,24,Female,University,8.05,5.04,4.49,2.23,71.9,90.46
STU_07835,14,Female,High School,3.09,1.14,4.69,0,85.3,78.59
STU_07836,15,Male,High School,4.94,1.63,7.03,0,54.32,78.96
STU_07837,14,Female,High School,0.3,0,6.57,1.14,79.43,98.12
STU_07838,25,Female,University,6.31,5.43,4.74,0.91,44.76,63.67
STU_07839,13,Male,High School,0.67,0,8.19,0.84,87.51,83.42
STU_07840,16,Male,High School,4.41,0.46,6.61,0.73,82.61,83.66
STU_07841,17,Male,High School,1.9,2.91,7.15,0.63,74.48,67.82
STU_07842,25,Female,University,5.34,6.19,6.16,2.47,58.83,77.53
STU_07843,18,Female,College,4.03,0,6.62,2.74,79.9,98.61
STU_07844,17,Female,High School,3.93,3.16,8.06,0,78.12,67.82
STU_07845,13,Male,High School,4.34,0,4.55,1.91,67.6,91.77
STU_07846,15,Female,High School,4.58,5.52,4.22,0,65.83,80.68
STU_07847,13,Female,High School,8.01,2.81,5.32,2.26,88.81,83.17
STU_07848,23,Male,University,5.68,5.3,6.51,1.24,55.27,91.56
STU_07849,17,Female,High School,2.79,1.13,7.71,0.94,55.98,95.48
STU_07850,17,Female,High School,2.99,1.68,5.08,0,74.94,80.95
STU_07851,24,Male,University,7.03,0.82,7.78,1.69,64.25,97.35
STU_07852,23,Male,University,1.82,5.11,9.29,0,78.66,90.33
STU_07853,25,Female,University,4.53,5.06,6.73,2.86,80.66,88.59
STU_07854,18,Female,College,0.28,1.32,6.71,1.83,76.26,99.77
STU_07855,20,Female,College,4.21,4.26,7.64,1.7,82.14,97.03
STU_07856,22,Female,University,1.74,2.32,8.4,0.81,82.72,99.03
STU_07857,24,Male,University,2.88,0,6.67,2.31,81.97,94.55
STU_07858,13,Male,High School,4.97,3.41,5.89,0,69.2,73.49
STU_07859,16,Female,High School,6.01,4.04,6.15,0.86,64.71,96.85
STU_07860,22,Male,University,2.71,4.48,7.71,0,77.63,77.61
STU_07861,23,Female,University,7.31,2.63,7.36,1.52,66.75,82.67
STU_07862,13,Male,High School,1.54,1.89,6.81,0.29,54.52,85.96
STU_07863,21,Male,College,6.46,1.61,7.41,1.12,77.77,76.82
STU_07864,23,Male,University,3.46,4.13,5.92,0.6,82.55,85.88
STU_07865,19,Male,College,6.89,3.26,8.62,1.55,80.06,82.79
STU_07866,19,Female,College,3.45,1.35,5.65,1.62,72.56,70.52
STU_07867,24,Male,University,2.76,3.01,7.62,0.63,74.53,99.14
STU_07868,17,Female,High School,6.02,3.8,5.95,1.18,75.44,69.13
STU_07869,19,Female,College,5.6,3.84,6.03,0,61.77,71.53
STU_07870,24,Female,University,3.15,2.5,6.44,4.03,73.04,99.26
STU_07871,14,Male,High School,5.85,4.74,5.37,1.54,80.78,79.87
STU_07872,25,Female,University,4.17,1.08,5.8,1.1,73.98,99.81
STU_07873,16,Male,High School,4.87,2.59,5.3,0,77.05,75.23
STU_07874,19,Non-binary,College,5.34,4.18,6.14,1.76,64.73,92.38
STU_07875,15,Female,High School,0.99,3.06,7.14,0,71.54,81.56
STU_07876,14,Male,High School,4.51,2.65,5.93,0.65,69.69,77.1
STU_07877,22,Female,University,0.84,1.16,4.69,0.88,78.83,81.35
STU_07878,14,Male,High School,1.88,0.18,7.23,3.57,84.98,98.74
STU_07879,25,Male,University,4.23,1.27,6.55,1.5,72.38,74.33
STU_07880,13,Female,High School,6.94,4.61,7.15,0,54.03,77.92
STU_07881,17,Male,High School,3.92,1.33,6.63,0,70.86,87.21
STU_07882,24,Female,University,3.61,2.5,7.1,1.64,82.24,92.81
STU_07883,18,Non-binary,College,3.37,6.08,7.81,2.36,66.32,98.32
STU_07884,18,Male,College,5.48,4.35,8.62,0.95,82.26,82.48
STU_07885,21,Male,College,1.7,2.23,6.99,1.07,79.13,82.06
STU_07886,16,Male,High School,0.99,2.06,5.64,1.46,75.22,94.48
STU_07887,13,Male,High School,7.59,4.9,7.24,2.26,76.92,79.63
STU_07888,18,Male,College,5.54,1.88,2.39,1.66,72.7,95.86
STU_07889,17,Female,High School,2.75,2.51,5.59,1.28,60.91,83.9
STU_07890,22,Female,University,2.89,2.16,5.89,0.42,76.55,60.56
STU_07891,18,Female,College,3.11,5.45,7.39,2.28,85.39,98.59
STU_07892,15,Male,High School,1.24,2.49,6.88,2.21,79.99,99.9
STU_07893,14,Female,High School,3.72,1.92,5.39,2.7,83.46,97.81
STU_07894,18,Female,College,4.56,3.75,9.44,2.24,77.5,97.78
STU_07895,25,Male,University,7.89,6.01,5.26,1.39,60.83,90.49
STU_07896,13,Male,High School,4.76,0.3,5.39,1.39,80.8,59.45
STU_07897,19,Male,College,6.36,3.12,4.77,0.09,63.88,67.58
STU_07898,19,Female,College,3.77,1.01,5.37,1.67,76.09,90.01
STU_07899,22,Female,University,3.35,5.08,6.54,0.63,58.86,89.45
STU_07900,25,Female,University,4.48,0.49,6.17,0,72.26,75.23
STU_07901,19,Female,College,6.64,3.96,5.49,3.26,68.48,98.41
STU_07902,24,Female,University,3,1.18,7.08,0.14,78.93,82.09
STU_07903,23,Male,University,5.06,5.46,5.92,0.12,68.16,94.62
STU_07904,22,Female,University,4.99,6.85,6.42,1.29,62.62,99.48
STU_07905,13,Female,High School,4.44,4.72,6,1.38,69.56,77.2
STU_07906,16,Male,High School,6.66,2.42,5.86,1.2,54.09,99.34
STU_07907,25,Female,University,4.61,0.33,5.82,0.64,69.79,85.08
STU_07908,19,Male,College,4.15,2.85,6.41,1.78,73.62,84.57
STU_07909,23,Male,University,4.37,2.97,7.19,2.52,85.76,96.55
STU_07910,21,Female,College,0,6.69,7.98,0.45,71.75,89.8
STU_07911,17,Female,High School,4.1,2.74,6.7,0,77.38,92.99
STU_07912,25,Male,University,1.84,1.22,3.02,0,63.67,86.97
STU_07913,14,Female,High School,3.98,2.87,8.53,0.67,70.57,96.78
STU_07914,19,Female,College,4.44,1.81,5.82,1.25,83.56,98.4
STU_07915,22,Female,University,5.65,2.33,6.51,1.47,80.34,96.39
STU_07916,13,Male,High School,9.47,6.35,6.11,0.06,55.79,67.04
STU_07917,19,Male,College,7.86,0.97,7.35,2.51,78.05,99.78
STU_07918,18,Male,College,4.47,4.23,9.61,2.12,85.33,98.02
STU_07919,19,Male,College,5.9,1.93,6.71,1.25,79.73,81.91
STU_07920,25,Male,University,3.5,2.44,7.6,0.85,50.84,73.48
STU_07921,22,Female,University,4.98,2.48,6.78,0,60.74,86.54
STU_07922,15,Male,High School,5.03,0.76,7.87,0.12,75.15,75.38
STU_07923,15,Male,High School,2.05,3.56,8.06,0.37,70.24,96.15
STU_07924,19,Male,College,3.35,0,8.56,1.53,80.28,89.97
STU_07925,25,Male,University,0.26,1.96,5.95,1.86,76.33,99.4
STU_07926,14,Male,High School,4.06,3.03,6.37,0,69.34,80.14
STU_07927,13,Male,High School,4.41,3.54,7.71,1.68,53.67,95.2
STU_07928,21,Female,College,4.32,3.46,6.25,1.56,66.31,76.25
STU_07929,21,Male,College,2,0.47,7.72,1.8,71.3,99.61
STU_07930,19,Female,College,4.3,1.75,6.88,1.09,74.2,97.24
STU_07931,19,Female,College,4.91,2.75,6.22,0.51,84.59,92.4
STU_07932,15,Male,High School,5.65,1.15,4.4,2.71,79.17,98.32
STU_07933,22,Male,University,5.17,2.82,5.73,0,58.51,72.16
STU_07934,14,Male,High School,3.72,3.47,7.07,0,77.23,89.4
STU_07935,23,Male,University,4.15,1.52,7.02,0.18,66.5,90.35
STU_07936,19,Male,College,5.14,3.66,5.9,2.45,64.19,96.31
STU_07937,21,Female,College,3.44,2.04,6.49,1.4,70.67,94.89
STU_07938,13,Male,High School,2.37,1.03,9.54,0.21,75.21,82.73
STU_07939,25,Non-binary,University,3.55,4.88,6.7,1.92,68.08,96.83
STU_07940,16,Male,High School,5.47,1.63,5.78,1.25,83.86,77.39
STU_07941,18,Female,College,6.3,0,5.08,1.12,61.41,79.02
STU_07942,19,Female,College,6.83,1.58,7.57,0,59.17,73.83
STU_07943,22,Male,University,2.38,2.94,6.86,2.14,74.07,99.06
STU_07944,19,Male,College,9.31,3.11,4.72,0,59.84,75.97
STU_07945,22,Female,University,2.73,0.54,4.78,2.85,82.63,99.58
STU_07946,14,Female,High School,3.93,3.62,6.4,0,72.45,68.01
STU_07947,16,Male,High School,7.47,2.42,8.57,1.26,75.61,99.32
STU_07948,17,Male,High School,0.33,0,8.88,0.01,85.61,94.86
STU_07949,24,Male,University,4.83,0,6.17,0,74.45,98.03
STU_07950,13,Male,High School,3.78,2.88,7.24,1.74,63.43,87.38
STU_07951,13,Female,High School,1.01,1.92,5.43,0.32,77.32,82.84
STU_07952,22,Female,University,1.05,0.91,7,0.9,83.56,98.7
STU_07953,15,Male,High School,7.31,1.38,6.29,0,75.74,78.34
STU_07954,22,Male,University,5.79,2.32,4.76,2.83,60.35,87.2
STU_07955,15,Male,High School,6.87,2.28,5.15,0.24,75.45,90.46
STU_07956,24,Female,University,1.9,2.28,6.15,2.29,77.46,97.75
STU_07957,20,Female,College,5.22,2.23,6.98,0.23,75.63,77.73
STU_07958,21,Male,College,10.14,6.05,5.68,0,59.43,72.23
STU_07959,23,Male,University,3.91,1.58,5.65,1.12,87.02,86.01
STU_07960,24,Female,University,4.63,3.81,7.16,2.14,73.65,99.13
STU_07961,13,Male,High School,4.53,3.59,6.48,0.9,75,73.21
STU_07962,23,Male,University,4.23,1.45,8.8,0.8,86.03,92.83
STU_07963,14,Male,High School,2.55,0,5.61,1.53,64.85,91.47
STU_07964,22,Male,University,4.61,1.74,8.58,1.97,75.02,91.77
STU_07965,14,Male,High School,8.57,0,5.64,1.04,63.92,75.65
STU_07966,16,Female,High School,4.37,0,8.74,0.09,83.38,67.83
STU_07967,14,Female,High School,7.55,1.58,6.98,0.02,66.08,76.4
STU_07968,19,Male,College,11.64,2.64,3.87,1.23,44.2,72.24
STU_07969,25,Male,University,2.47,2.11,7.09,0.25,74.32,72.82
STU_07970,21,Female,College,5.85,0,8.36,0.7,74.1,87
STU_07971,19,Male,College,1.59,0.31,6.35,2.44,77.43,95.05
STU_07972,24,Male,University,4.15,2.77,8.03,1.36,78.96,90.78
STU_07973,18,Male,College,10.74,3.62,6.95,0.5,67.6,99.33
STU_07974,22,Female,University,6.12,1,8.35,0,72.03,71.89
STU_07975,13,Male,High School,5.27,2.45,7.12,0,62.38,91.66
STU_07976,23,Male,University,1.54,2.87,6.09,1.85,68.39,93.29
STU_07977,22,Male,University,2.99,5.61,7.37,1.34,76.02,81.84
STU_07978,21,Male,College,2.41,5.35,8.06,0,72.41,97.58
STU_07979,17,Non-binary,High School,1.93,3.57,7.85,2.54,72.04,87.06
STU_07980,23,Female,University,6.57,0,3.91,0,76.77,67.63
STU_07981,17,Male,High School,6.22,5.16,6.33,0.1,64.17,70.37
STU_07982,18,Male,College,4.09,3.35,7.42,0.53,82.17,74.14
STU_07983,21,Female,College,3.13,1.33,8.71,3.03,71.78,98.92
STU_07984,25,Male,University,6.32,6.05,4.08,1.55,44.27,81.62
STU_07985,20,Female,College,8.71,1.93,4.67,1.03,54.94,51.87
STU_07986,20,Female,College,6.98,6.37,5.75,0.13,61.67,71.12
STU_07987,20,Male,College,4.77,0.47,9.79,0.25,83.3,95.17
STU_07988,13,Non-binary,High School,6.81,1.73,7.24,0,70.73,84.92
STU_07989,13,Male,High School,6.92,0,5.6,3.15,73.21,98.88
STU_07990,20,Male,College,4.88,1.66,6.56,0,63.9,90.41
STU_07991,17,Female,High School,4.88,4.67,7.15,0,65.78,58.89
STU_07992,21,Female,College,3.18,1.5,7.28,0.83,82.62,93.26
STU_07993,14,Female,High School,6.57,0.99,6.71,3.12,62.78,96.07
STU_07994,21,Female,College,4.08,4.75,5.88,1.33,81.25,84.18
STU_07995,24,Male,University,2.05,2.78,6.45,0.83,76.99,70.68
STU_07996,20,Male,College,2.14,2.75,7.35,0.14,78.65,89.45
STU_07997,21,Male,College,4.4,0.53,7.55,2.16,78.27,82.11
STU_07998,16,Female,High School,2.14,0.68,4.96,2.84,70.19,84.46
STU_07999,13,Male,High School,11.3,2.06,5.39,0,74.18,79.92
STU_08000,13,Male,High School,5.72,0,8.22,0.36,83.86,88.09
STU_08001,17,Female,High School,3.27,3.94,9.24,0.36,75.55,86.59
STU_08002,14,Male,High School,4.96,3.6,7.43,0.36,79.25,75.38
STU_08003,20,Male,College,6.34,3.25,6.92,1.04,85.23,82.88
STU_08004,22,Male,University,5.04,0.13,8.13,0.07,63.95,99.69
STU_08005,23,Male,University,2.1,3.77,7.23,1.1,58.2,99.38
STU_08006,17,Male,High School,4.23,0.96,5.37,0.27,73.89,82.45
STU_08007,17,Male,High School,3.9,4.73,6.06,0.66,68.78,72.84
STU_08008,14,Male,High School,3.36,1.95,5.09,1.4,74.06,97.93
STU_08009,19,Male,College,2.43,2.64,7.94,2.01,80.39,96.39
STU_08010,25,Male,University,6.69,3.64,3.74,1.23,68.86,68.58
STU_08011,20,Male,College,5.68,3.04,6.74,1.26,81.19,83.86
STU_08012,22,Male,University,5.66,0,7.18,4.71,78.59,98.26
STU_08013,25,Male,University,0,0,7.47,1.81,83.14,99.4
STU_08014,13,Male,High School,3.5,1.09,3.57,2.92,76.37,87.86
STU_08015,14,Female,High School,7.62,3.23,4.34,1.25,62.16,71.05
STU_08016,22,Female,University,5.48,5.6,6.28,0.35,82.34,98.54
STU_08017,16,Male,High School,1.59,1.95,8.02,2.86,81.86,93.26
STU_08018,17,Male,High School,8.67,3.96,5.8,2.17,73.2,98.4
STU_08019,25,Female,University,0,3.72,8.75,1.91,75.15,77.48
STU_08020,14,Female,High School,4.82,0.09,7.42,1.71,81.51,98.31
STU_08021,13,Female,High School,8.79,2.49,5.95,0.54,61.12,79.62
STU_08022,21,Male,College,0.58,1.42,7.21,2.37,82.18,97.6
STU_08023,13,Female,High School,3.31,0.84,6.09,1.58,84.4,53.88
STU_08024,25,Female,University,0.99,5.56,9.7,1.47,83.38,96.46
STU_08025,16,Male,High School,8.03,3.19,6.96,0,65.15,90.69
STU_08026,14,Male,High School,2.45,1,7.52,3.48,67.65,99.14
STU_08027,23,Male,University,6.99,1.43,6.17,2.97,64.78,98.51
STU_08028,16,Male,High School,7.97,2.73,6.27,0.58,62.41,78.99
STU_08029,20,Male,College,1.29,3.17,4.68,0.84,70.24,81.33
STU_08030,20,Female,College,0.76,0,7.44,1.27,79.97,90.27
STU_08031,23,Male,University,5.7,4.9,6.11,1,59.17,83.14
STU_08032,24,Male,University,6.44,2.87,3.01,2.02,68.95,82.63
STU_08033,21,Female,College,4.32,0.84,8.37,0,74.69,83.51
STU_08034,25,Male,University,4.56,6.85,6.48,1.5,70.37,87.6
STU_08035,23,Male,University,8.2,3.28,6.16,0,66.17,84.21
STU_08036,24,Male,University,3.9,5.29,5.56,0,69.17,95.96
STU_08037,17,Male,High School,7.94,4.74,7.54,1.47,70.4,88.01
STU_08038,19,Male,College,3.06,6.13,6.89,1.26,65.51,91.35
STU_08039,15,Female,High School,10.49,4.41,4.2,1.3,70.19,86.52
STU_08040,22,Male,University,2.29,4.2,5.11,0,80.59,89.52
STU_08041,16,Female,High School,7.46,3.88,4.75,0,54.31,76.56
STU_08042,22,Male,University,2.08,5.09,6.13,1.81,57.71,99.81
STU_08043,21,Female,College,6.47,1.49,5.66,0,74.61,80.37
STU_08044,22,Female,University,4.48,3.25,5.81,0,72.69,82.97
STU_08045,22,Female,University,5.19,1.51,7.06,0.98,53.78,89.29
STU_08046,24,Male,University,6.16,4.18,5.51,0,67.34,85.03
STU_08047,13,Female,High School,5.11,1.96,8.02,0.45,66.93,98.8
STU_08048,14,Female,High School,4.89,2.1,8.91,0.43,75.49,68.56
STU_08049,17,Female,High School,0,0,6.12,1.73,85.67,95.89
STU_08050,15,Male,High School,7.78,5.96,7.11,1.15,40.85,86.28
STU_08051,14,Male,High School,8.32,0.27,5.11,3.01,66.49,99.9
STU_08052,13,Male,High School,4.23,3.27,7.67,0,80.12,99.07
STU_08053,22,Male,University,5.89,3.6,6.77,0,63.49,87.07
STU_08054,15,Female,High School,7.91,5.04,7.22,0,68.13,80.35
STU_08055,13,Female,High School,6,1.61,5.08,1.47,75.14,91.19
STU_08056,24,Female,University,3.17,0.05,7.86,1.93,73.11,98.63
STU_08057,13,Male,High School,1.5,4.23,5.58,1.98,74.89,85.06
STU_08058,24,Male,University,6.09,4.59,5.78,2.51,70.38,90.31
STU_08059,13,Male,High School,4.85,3.16,5.46,0,57.2,78.28
STU_08060,20,Male,College,4.49,2.59,5.22,0.54,71.83,70.05
STU_08061,15,Female,High School,2.6,2.44,6.98,0,75.52,79.12
STU_08062,23,Male,University,3.65,0.51,7.85,0,64.98,70.64
STU_08063,13,Female,High School,5.34,0,6.84,1.47,77.39,79.89
STU_08064,19,Female,College,3.76,5.48,6.41,1.93,59.22,86.8
STU_08065,22,Female,University,4.58,2.52,6.29,0.26,72.65,80.04
STU_08066,15,Male,High School,4.42,3.98,7.57,0.39,56.45,98.7
STU_08067,20,Male,College,6.14,1.87,5.43,0.77,76.88,56.08
STU_08068,16,Male,High School,0.91,1.87,8.24,1.77,86.05,97.94
STU_08069,16,Male,High School,3.61,1.66,6.76,0.9,79.27,97.87
STU_08070,17,Female,High School,1.75,2.15,10.86,0.78,77.42,90.58
STU_08071,18,Female,College,4.89,4.53,6.45,2.44,77.23,97.66
STU_08072,19,Male,College,2.47,2.74,6.72,1.5,68.65,97.77
STU_08073,16,Male,High School,6.85,5.53,3.73,2.27,63.11,74.22
STU_08074,20,Female,College,3.47,0.46,8.47,2.08,81.26,97.5
STU_08075,25,Male,University,3.06,2.18,5.71,0,69.2,91.1
STU_08076,18,Female,College,2.42,2.4,6.91,3.19,79.58,98.66
STU_08077,13,Female,High School,5.13,3.81,5.99,0.43,67.31,82.19
STU_08078,13,Female,High School,1.33,1.24,7.86,1.56,69.39,98.01
STU_08079,21,Female,College,4.27,4.58,6.06,1.72,72.62,92.8
STU_08080,22,Female,University,4.21,3.64,5.02,0.27,58.65,77.4
STU_08081,18,Female,College,3.19,5.38,5.32,1.24,73.9,98.34
STU_08082,22,Female,University,5.05,1.59,5.26,2.34,73.06,88.55
STU_08083,20,Male,College,3.34,0,7.22,1.98,73.68,93.41
STU_08084,25,Male,University,5.21,4.24,7.84,0.12,66.27,79.47
STU_08085,19,Non-binary,College,3.14,4.47,6.21,0.09,71.79,93.48
STU_08086,24,Male,University,2.64,0,7.82,0.99,79.55,94.61
STU_08087,18,Female,College,5.14,3.52,7.45,1.62,74.3,97.51
STU_08088,16,Female,High School,6.52,3.06,6.58,1.51,56,92.69
STU_08089,19,Female,College,11.64,1.52,4.59,1.27,55.14,76.6
STU_08090,21,Male,College,3.65,5.3,7.95,1.6,82.18,99.21
STU_08091,23,Male,University,6.43,1.74,5.41,0,48.32,85.97
STU_08092,22,Male,University,3.39,5.56,6.82,0.44,60.77,86.13
STU_08093,22,Male,University,6.39,4.19,6.12,0.15,71.05,71.64
STU_08094,19,Non-binary,College,7.76,3.79,6.53,2.8,72.95,85.59
STU_08095,13,Female,High School,4.82,3.38,6.9,3.18,69.37,98.14
STU_08096,22,Female,University,6.28,3.82,7.14,0.49,75.46,95.45
STU_08097,21,Male,College,5.61,1.43,6.63,2.59,65.02,71.99
STU_08098,25,Male,University,4.53,0.35,7.5,0.91,80.08,98.02
STU_08099,16,Male,High School,3.43,5.56,7.52,1.51,76.65,82.46
STU_08100,15,Male,High School,3.62,1.48,4.96,1.34,75.24,99
STU_08101,16,Female,High School,1.19,2.12,8.7,3.87,79.28,98.29
STU_08102,16,Male,High School,7.09,0.09,6.2,1.54,74.28,90.38
STU_08103,25,Male,University,9.18,3.61,6.16,0.33,62.29,96.67
STU_08104,22,Female,University,0.98,0.59,7.48,4.22,80.81,99.15
STU_08105,23,Non-binary,University,7.1,3.25,5.64,0.84,48.27,89.02
STU_08106,14,Male,High School,4.39,1.92,6.51,1.58,64.32,90.27
STU_08107,24,Female,University,2.9,2.92,6.93,0.77,79.77,90.28
STU_08108,13,Male,High School,4.86,5.54,5.97,0.29,68.28,77.34
STU_08109,24,Male,University,2.49,0.46,8.4,1.34,75.03,92.72
STU_08110,22,Male,University,5.09,1.57,7.66,1.19,82.7,95.94
STU_08111,24,Female,University,3.77,1.11,6.21,1.6,65.19,98.6
STU_08112,13,Male,High School,3.64,3.39,9.01,0,74.96,93.99
STU_08113,25,Male,University,7.44,3.24,4.26,0.43,61.1,81.35
STU_08114,20,Female,College,0.13,2.11,5.99,1.33,74.45,99.14
STU_08115,14,Male,High School,3.08,4.61,6.5,1.45,69.45,83.62
STU_08116,24,Male,University,0,2.55,7.61,2.37,82.64,98.4
STU_08117,22,Male,University,4.83,1.4,5.75,0,66.61,89.38
STU_08118,17,Male,High School,3.26,4.88,6.1,0.95,75.3,81.36
STU_08119,24,Female,University,2.7,2.07,5.65,1.67,77.02,97.39
STU_08120,16,Female,High School,5.21,2.2,6.15,3.48,81.87,87.9
STU_08121,20,Male,College,6.03,2.35,4.52,1.25,74.48,98.57
STU_08122,14,Male,High School,7.46,2.9,5.66,2.3,74.82,86.4
STU_08123,22,Female,University,11.83,4.64,4.77,0,55.78,71.2
STU_08124,21,Male,College,3.08,4.11,5.27,1.38,80.22,98.17
STU_08125,19,Female,College,2.81,3.62,8.5,1.88,73.82,93.22
STU_08126,25,Male,University,4.51,0.76,7.47,0.22,81.56,96.77
STU_08127,19,Female,College,4.72,2.46,8.02,2.12,82.44,95.38
STU_08128,13,Female,High School,8.83,2.25,6.02,0,61.12,72.71
STU_08129,24,Female,University,5.8,3.51,6.86,0,70.08,77.18
STU_08130,14,Male,High School,2.14,2.15,6.8,1.93,77.99,97.21
STU_08131,16,Female,High School,2,5.09,6.5,3.2,77.51,98.71
STU_08132,16,Female,High School,6.2,3.66,7.1,2.07,77.03,94.1
STU_08133,23,Female,University,3.98,3.56,5.62,1.23,76.9,93.12
STU_08134,15,Male,High School,8.04,0.74,6.05,0.44,57.64,79.18
STU_08135,19,Female,College,5.79,1.21,8.67,0.57,79.56,91.13
STU_08136,24,Male,University,1.89,1.55,6.97,1.68,86.93,88.71
STU_08137,20,Male,College,1.56,2.52,7.24,0,71.11,88.4
STU_08138,14,Female,High School,5.36,4.64,7.43,0.09,70.55,84.66
STU_08139,16,Male,High School,3.65,1.13,8.23,2.75,73.71,99.78
STU_08140,15,Female,High School,7.35,0,7.6,1.72,79.87,97.58
STU_08141,14,Female,High School,5.35,5.08,4.88,1.07,56.57,94.41
STU_08142,24,Female,University,5.3,1.67,5.97,1.73,65.22,80.13
STU_08143,25,Female,University,1.43,2.39,9.12,1.62,80.51,85.74
STU_08144,18,Female,College,3.31,4.31,6.34,3.4,80.07,98.8
STU_08145,25,Male,University,4.38,4.61,7.03,0,61.66,86.72
STU_08146,16,Female,High School,0,0.86,8.39,0.83,79.03,99.69
STU_08147,18,Male,College,6.06,2.98,8.27,1.26,77.91,83.78
STU_08148,14,Male,High School,6.63,5.01,4.92,2.1,62.8,75.74
STU_08149,24,Female,University,3.18,2.58,7.08,2.79,82.51,97.08
STU_08150,16,Male,High School,7.67,4.49,5.86,2.74,61.65,92.53
STU_08151,23,Male,University,7.56,2.8,9.28,0,67.93,80.33
STU_08152,18,Female,College,5.81,4.48,5.48,0,54.91,81.49
STU_08153,17,Male,High School,4.35,4.9,5.21,0.94,82.58,98.15
STU_08154,15,Male,High School,6.62,5.32,7.81,2.24,79.5,88.91
STU_08155,20,Male,College,0.77,3.35,10.24,1.39,84.74,81.84
STU_08156,19,Female,College,4.69,1.79,8.05,0.78,63.85,83.01
STU_08157,15,Female,High School,2.39,3,4.95,1.94,80.39,99.25
STU_08158,18,Female,College,2.84,3.1,5.59,0.81,84.17,69.02
STU_08159,16,Male,High School,5.62,2.52,5.35,1.31,68.79,96.52
STU_08160,23,Female,University,2.49,3.83,9.19,1.31,78.7,87.56
STU_08161,17,Female,High School,0.67,3.52,6.95,1.51,84.21,78.91
STU_08162,23,Male,University,10.05,3.01,6.05,0.11,60.36,59.01
STU_08163,17,Male,High School,2.99,6.46,6.02,1.18,78.85,97
STU_08164,19,Female,College,2.39,1.04,5.44,1.14,89.33,81.08
STU_08165,23,Female,University,7.49,3.16,5.19,0,65.16,64.89
STU_08166,17,Female,High School,2.99,2.52,9.15,0.13,77.17,79.06
STU_08167,23,Male,University,1.33,0,7.25,0,79.84,82.62
STU_08168,15,Female,High School,2.21,1.37,4.82,2.34,69.37,97.45
STU_08169,22,Male,University,3.42,0,7.78,2.58,83.05,99.08
STU_08170,17,Male,High School,1.82,4,6.73,2.1,72.27,95.25
STU_08171,19,Male,College,2.42,0.24,7.05,1.81,78.97,99.49
STU_08172,17,Female,High School,3.38,0.02,6.7,4.54,83.95,99.89
STU_08173,17,Female,High School,6.93,2.13,4.85,0.42,65.54,67.02
STU_08174,21,Female,College,9.68,1.87,5.06,0.64,61.69,95.9
STU_08175,15,Female,High School,7.27,1.78,8.86,0.94,73.28,84.95
STU_08176,25,Male,University,3.93,0.54,7.92,1.24,77.41,98.06
STU_08177,18,Female,College,0.97,4.11,7.78,0,74.92,87.03
STU_08178,13,Female,High School,6.25,2.19,6.11,2.13,68.32,91.15
STU_08179,22,Male,University,1.94,4.25,6.9,0.8,73.91,83.94
STU_08180,17,Male,High School,3.58,0.73,8.92,0.58,77.44,97.62
STU_08181,20,Male,College,8.54,1.35,6.22,1.24,58.84,70.52
STU_08182,17,Male,High School,8.76,0.93,6.43,0.42,70.13,90
STU_08183,21,Male,College,4.95,2.45,7.17,0.83,87.49,80.3
STU_08184,23,Male,University,7.57,1.28,4.76,0,66.62,65.37
STU_08185,18,Female,College,7.48,4.44,5.78,0,56.36,85.01
STU_08186,20,Male,College,6.14,0,5.1,1.79,68.74,88.91
STU_08187,22,Male,University,3.82,5.54,3.04,1.6,68.4,76.52
STU_08188,20,Female,College,3.11,1.96,5.05,3.26,74.83,82.64
STU_08189,25,Male,University,4.61,1.11,6.65,0,73.78,97.94
STU_08190,15,Female,High School,1.29,5.82,8.31,1.26,84.73,92.8
STU_08191,19,Female,College,3.31,2.32,7.19,0.85,64.09,85.12
STU_08192,19,Male,College,6,1.96,6.97,0.48,67.22,75.45
STU_08193,22,Male,University,2.93,1.39,8.14,1.92,56.72,85.14
STU_08194,24,Male,University,8.36,2.02,8.28,0.84,77.48,85.17
STU_08195,18,Male,College,5.12,3.38,7.29,2.08,74.23,97.72
STU_08196,24,Male,University,6.46,3.43,5.29,0,64.27,78.41
STU_08197,19,Male,College,3.97,0.36,6.81,0.77,53,80.51
STU_08198,14,Male,High School,6.08,0.39,8.24,0,81.82,70.86
STU_08199,21,Female,College,1.68,4.35,7.66,0.3,63.57,92.51
STU_08200,22,Male,University,5.56,1.55,5.6,0,72.91,75.87
STU_08201,22,Female,University,5.79,2.4,6.76,2.02,84.49,98.17
STU_08202,13,Male,High School,7.71,2.72,7.7,0.44,84.15,61.26
STU_08203,13,Female,High School,0,5.14,8.21,1.7,78.46,91.33
STU_08204,15,Male,High School,2.82,4.88,7.47,0,62.89,71.62
STU_08205,15,Female,High School,0.05,3.12,5.95,2.27,66.69,92.84
STU_08206,13,Male,High School,2.4,1.29,5.83,1.24,80.52,91.97
STU_08207,24,Female,University,4.23,6.67,6.33,1.32,68.5,83.63
STU_08208,19,Male,College,5.98,3.76,8.47,2.43,82.28,98.61
STU_08209,16,Female,High School,9.98,4.89,6.11,1.02,56.02,81.79
STU_08210,22,Male,University,7.88,2.07,6.13,0,67.45,85.59
STU_08211,25,Female,University,3.28,0.42,6.2,1.83,72.94,85.96
STU_08212,14,Male,High School,6.3,3.42,7.16,2.1,57.9,88.49
STU_08213,22,Male,University,7.56,2.53,7.53,0,80.02,99.71
STU_08214,17,Male,High School,4.25,5.47,5.91,1.23,61.03,86.82
STU_08215,18,Male,College,4.34,2.32,6.36,0,70.36,96.42
STU_08216,21,Female,College,3.93,1.7,6.13,2.32,78.41,90.06
STU_08217,16,Non-binary,High School,5.71,4.81,4.84,1.25,43.9,74.25
STU_08218,14,Male,High School,5.53,1.75,4.57,0.9,65.19,65.27
STU_08219,17,Female,High School,4.86,2,7.5,0.7,81.97,87.01
STU_08220,15,Female,High School,8.84,0,4.6,0,57.28,69.66
STU_08221,14,Female,High School,7.01,4.53,7.09,0.27,58.77,92.06
STU_08222,24,Male,University,0.45,2.18,4.5,0.89,72.46,80.97
STU_08223,13,Male,High School,0,0.38,8.27,1.97,85.3,99.58
STU_08224,22,Female,University,5.54,4.59,5.7,1.05,58.14,97.39
STU_08225,14,Male,High School,4.25,2.02,7.06,0.88,73.54,99.35
STU_08226,18,Female,College,0.13,5.77,6.59,0,75.49,79.28
STU_08227,20,Female,College,0,4.8,6.47,3.2,82.57,96.62
STU_08228,25,Male,University,3.88,0.33,5.54,2.39,86.03,89.2
STU_08229,15,Male,High School,5.14,3.8,6.3,0.11,76.03,94.99
STU_08230,23,Female,University,5.23,4.39,8.11,0.97,69.1,90.4
STU_08231,21,Male,College,2.99,0,7.93,1.49,88.66,98.79
STU_08232,24,Male,University,3.11,2.03,5.42,2.71,74.45,99.38
STU_08233,21,Male,College,3.24,1.53,6.49,2.71,81.58,92.08
STU_08234,14,Non-binary,High School,5.73,4.46,5.71,0.9,61.77,85.76
STU_08235,20,Male,College,0.68,0.88,7.95,0,81.18,84.71
STU_08236,22,Female,University,4.55,2.98,4.67,1.68,72.88,99.61
STU_08237,23,Male,University,6.69,5.68,6.73,2.9,75.38,85.15
STU_08238,24,Male,University,3.62,0,10.29,0.35,72.94,95.13
STU_08239,17,Female,High School,4.9,2.67,6.69,1.14,80.14,85.86
STU_08240,16,Female,High School,5.54,2.73,6.12,1.19,61.12,83.71
STU_08241,22,Male,University,2.85,0,8.34,0.5,77.13,80.86
STU_08242,17,Female,High School,4.25,0,5.58,0,48.76,64.52
STU_08243,16,Male,High School,1.25,4.06,8.38,0,75.28,99.45
STU_08244,20,Female,College,5.72,2.4,5.29,1.62,67.8,90.46
STU_08245,16,Male,High School,4.91,2.85,9.72,1.07,69.82,98.25
STU_08246,25,Female,University,7.42,2.24,3.88,0.85,56.75,87.92
STU_08247,22,Female,University,6.69,4.74,5.19,0,62,91.12
STU_08248,24,Male,University,7.45,6.83,6.19,1.03,60.41,87.78
STU_08249,25,Female,University,7.57,4.51,6.78,1.21,60.7,68.26
STU_08250,18,Non-binary,College,2.69,0,6.5,0.63,80.88,81.9
STU_08251,14,Male,High School,5.7,2.43,7.92,1.12,56.48,72.96
STU_08252,17,Female,High School,6.19,5.04,4.79,0.57,52.15,97.05
STU_08253,18,Female,College,2.94,1.73,5.57,1.43,82.01,94.1
STU_08254,17,Female,High School,7.58,5.06,4.28,2.45,65.42,56.17
STU_08255,24,Female,University,4.23,1.89,6.93,0.25,54.16,68.61
STU_08256,14,Female,High School,6.1,0.25,6.39,3.6,66.42,97.35
STU_08257,19,Female,College,7.26,3.8,4.58,4.83,71.4,97.85
STU_08258,16,Female,High School,5.57,3.32,6.54,1.85,78.73,90.55
STU_08259,20,Male,College,9.03,1.42,4.61,2.04,63.64,72.42
STU_08260,19,Female,College,10.55,4.84,5.77,0.11,52.53,72.93
STU_08261,19,Male,College,4.54,0,7.93,1.14,71.33,92.47
STU_08262,21,Female,College,6.89,4.39,4.73,1.22,50.92,77.97
STU_08263,13,Female,High School,10.42,1.52,5.31,1.62,76.15,84.45
STU_08264,22,Male,University,2.96,5.67,8.33,1.25,76.83,99.07
STU_08265,18,Male,College,0,3.97,6.54,2.94,85.29,89.32
STU_08266,18,Male,College,6.91,1.88,5.63,2.63,83.22,97.92
STU_08267,18,Male,College,3.53,0.76,9.7,1.2,87.01,95.53
STU_08268,25,Female,University,1.49,0,8.52,0.51,72.75,86.01
STU_08269,24,Male,University,2.72,2.36,6.38,2.73,83.03,99.82
STU_08270,18,Female,College,0.6,2.6,7.91,1.92,81.91,99.02
STU_08271,24,Female,University,8.75,4.4,2.87,0.91,69.89,78.54
STU_08272,22,Female,University,8.13,1.2,5.35,0,63.95,81.35
STU_08273,19,Male,College,3.93,3.16,6.22,1.35,79.33,79.29
STU_08274,22,Non-binary,University,4.14,1.86,6.07,0.95,60.45,90.82
STU_08275,18,Male,College,4.99,5.2,5.3,0,78.42,78.06
STU_08276,13,Female,High School,8.68,2.27,6.66,1.46,49.36,84.28
STU_08277,15,Female,High School,1.85,1.18,6.73,2.24,75.62,95.05
STU_08278,14,Male,High School,4.09,0.34,6.68,1.05,74.9,85.16
STU_08279,18,Male,College,7.62,1.69,5.73,1.1,53.83,73.95
STU_08280,20,Male,College,3.66,2.08,6.15,3.02,63.61,99.73
STU_08281,15,Female,High School,2.41,2.14,7.68,1.63,85.84,99.07
STU_08282,22,Male,University,4.92,3.27,7.23,1.61,76.15,99.16
STU_08283,20,Non-binary,College,0.04,1.9,8.21,1.71,81.54,98.22
STU_08284,20,Male,College,5.43,1,6.58,2.78,61.72,95.08
STU_08285,17,Non-binary,High School,3.87,1.74,6.74,2.4,83.76,99.89
STU_08286,20,Male,College,6.09,2.11,5.98,2.67,67.97,98.72
STU_08287,18,Male,College,2.76,1.48,7.94,1.99,83.4,94.95
STU_08288,17,Male,High School,5.63,0,5.71,2.13,71.37,87.89
STU_08289,21,Female,College,5.03,0,6.88,0.06,78.68,72.82
STU_08290,19,Female,College,1.55,0,7.15,1.38,57.85,97.84
STU_08291,20,Male,College,2.14,2.81,5.66,2.04,76.52,86.3
STU_08292,13,Male,High School,7.57,3.31,5.71,2.56,51.35,90.79
STU_08293,23,Male,University,6.89,0.99,6.03,2.31,65.62,92.42
STU_08294,14,Female,High School,0.17,3.37,8.28,1.23,82.36,86.97
STU_08295,20,Male,College,3.41,1.81,7.12,0.91,81.96,98.45
STU_08296,24,Female,University,5.29,2.24,7.36,0.66,83.31,87.7
STU_08297,21,Female,College,5.83,0.15,4.77,0,49.06,86.46
STU_08298,16,Female,High School,5.19,4.74,5.15,1.51,86.97,76.5
STU_08299,24,Female,University,5.45,5.37,7.61,0.79,74.12,78.95
STU_08300,22,Male,University,3.6,3.08,5.63,0.86,70.11,97.1
STU_08301,23,Non-binary,University,4.94,1.13,6.82,2.74,71.64,99.54
STU_08302,22,Male,University,2.05,2.67,6.2,1.04,76.01,90.34
STU_08303,21,Male,College,3.58,1.1,7.8,0.54,82.02,91.49
STU_08304,16,Female,High School,0,0.09,7.09,2.72,86.18,97.75
STU_08305,22,Male,University,1.86,3.77,6.69,3.17,79.72,99.3
STU_08306,22,Male,University,2.3,0.71,6.12,1.32,76.98,87.29
STU_08307,22,Male,University,2.42,0.97,6.53,0.95,76.02,97.7
STU_08308,21,Male,College,6.32,0,7.57,0.93,69.27,91.37
STU_08309,23,Male,University,0.57,4.41,6.9,2.59,81.75,90.2
STU_08310,19,Male,College,2.9,5.21,5.28,1.02,74.94,98.35
STU_08311,14,Male,High School,6.11,3.82,7.09,1.44,68.69,87.7
STU_08312,21,Female,College,1.19,3.96,6.03,0.48,76.68,98.27
STU_08313,16,Female,High School,7.67,0.09,6.63,4.85,79.28,99.11
STU_08314,20,Female,College,4.95,2.03,6.15,0.76,60.18,76.63
STU_08315,19,Female,College,6.22,3.81,7.49,1.58,70.61,99.63
STU_08316,25,Female,University,2.14,0.75,8.85,2,70.18,99.62
STU_08317,19,Female,College,2.6,1.77,7.02,2.31,79.1,76.95
STU_08318,20,Female,College,4.14,0,3.46,0.15,72.54,95.61
STU_08319,13,Female,High School,6.53,1.96,5.98,1.4,68.53,92.23
STU_08320,17,Male,High School,6.45,2.17,5.72,1.43,65.36,98.64
STU_08321,14,Female,High School,5.49,3.4,6.19,0,76.43,88.22
STU_08322,14,Female,High School,3.95,0,7.92,1.06,75.08,97.42
STU_08323,13,Female,High School,2.58,0,6.46,0,80.32,80
STU_08324,17,Female,High School,7.13,4.72,5.82,0,73.25,65.36
STU_08325,14,Male,High School,3.62,4.43,6.89,0,76.5,83.23
STU_08326,16,Male,High School,0.65,1.34,7.84,1.5,76.18,97.81
STU_08327,15,Female,High School,2.1,5.25,7.07,1.72,86.53,97.9
STU_08328,15,Female,High School,2.74,2.8,5.8,1.4,74.12,98.78
STU_08329,14,Male,High School,3.64,4.55,7.75,2.41,74.54,97.79
STU_08330,25,Male,University,4.32,1.98,6.9,2.21,70.17,99.84
STU_08331,18,Female,College,1.08,3.06,4.8,2.2,70.15,96.98
STU_08332,14,Male,High School,3.29,1.89,5.55,1.29,69.36,96.86
STU_08333,20,Male,College,3.61,5.51,6.25,2.73,80.45,97.88
STU_08334,20,Male,College,4,2.21,7.13,0.37,81.56,94.72
STU_08335,25,Male,University,2.55,2.34,7.85,0.71,76.88,96.18
STU_08336,24,Male,University,10.68,0,7.93,0.36,77.29,70.66
STU_08337,17,Female,High School,3.61,2.28,6.61,1.42,91.21,86.68
STU_08338,22,Male,University,3.01,5.63,6.55,3.39,83.74,97.51
STU_08339,19,Male,College,1.76,4.94,5.27,2.54,58.18,99.27
STU_08340,16,Female,High School,6.41,2.17,6.56,0,72.55,70.28
STU_08341,13,Female,High School,0,2.33,7.69,3.75,87.15,98.2
STU_08342,23,Male,University,0.05,0.26,8.53,0.38,77.63,78.58
STU_08343,14,Female,High School,4.42,3.13,7.58,1.38,80.81,69
STU_08344,22,Female,University,5.66,3.09,6.68,2.44,67.77,78.01
STU_08345,22,Female,University,4.28,3.45,6.94,1.74,85.81,73.55
STU_08346,16,Female,High School,9.57,0,6.3,0.57,70.4,74.29
STU_08347,13,Female,High School,3.2,4.59,6.42,2.25,70.47,91.11
STU_08348,25,Male,University,3.74,2.09,7.15,3.12,80.96,96.58
STU_08349,20,Female,College,4.4,4.71,5.81,1.57,76.89,78.61
STU_08350,21,Female,College,4.6,2.87,5.04,1.3,68.29,75.53
STU_08351,16,Male,High School,4.19,5.07,5.42,2.4,66.14,99.27
STU_08352,22,Female,University,4.07,3.67,6.73,0.09,70.46,95.35
STU_08353,15,Female,High School,1.23,0.99,7.8,0.46,72.84,82.37
STU_08354,14,Female,High School,6.22,3.98,7.33,1.54,70.67,89.67
STU_08355,17,Male,High School,6.95,4.33,8.76,1.97,70.96,97.99
STU_08356,15,Male,High School,3.32,2.88,7.18,0,71.9,89.03
STU_08357,22,Female,University,4.39,1.99,5.44,1.87,64.96,77.19
STU_08358,19,Male,College,8.39,4.16,5.25,1.25,73.62,97.52
STU_08359,23,Female,University,2.62,4.58,8.1,1.93,74.95,98.48
STU_08360,18,Male,College,5.01,0.14,7.87,1.22,86.08,97.47
STU_08361,13,Female,High School,4.75,2.74,6.9,0,50.44,67.91
STU_08362,24,Female,University,8.51,2.15,4.73,0.93,70.34,91.38
STU_08363,20,Male,College,8.28,5.36,5.81,2.56,61.8,86.38
STU_08364,14,Male,High School,6.49,1.21,6.37,2.08,78.52,93.32
STU_08365,17,Male,High School,13.17,3.45,5.37,0,44.42,70.53
STU_08366,21,Male,College,4.57,3.75,8.94,2.35,71.35,97.66
STU_08367,20,Female,College,0,2.61,6.86,2.95,81.06,98.9
STU_08368,14,Female,High School,3.22,4.99,4.37,0.61,80.66,79.53
STU_08369,21,Male,College,3.37,2.33,7.72,0.84,77.29,99.29
STU_08370,17,Male,High School,8.38,0.3,4.86,0,61.23,70.94
STU_08371,22,Male,University,4.03,5.14,4.43,0.55,48.32,74.57
STU_08372,18,Female,College,7.82,1.7,7.06,0.39,76.13,85.7
STU_08373,25,Male,University,6.51,2.67,6.34,1.88,74,82.58
STU_08374,15,Female,High School,5.24,2.22,5.71,1.87,63.39,97.38
STU_08375,25,Female,University,5.51,0.8,7.02,1.86,72.23,96.44
STU_08376,15,Female,High School,5.21,0.85,7.87,0.73,74.37,86.99
STU_08377,22,Female,University,7.34,0,8.35,1.23,71.84,98.94
STU_08378,20,Female,College,3.87,3.43,7.36,3.59,82.95,99.94
STU_08379,23,Female,University,3.55,3.8,5.51,3.02,61.2,85.17
STU_08380,22,Female,University,5.53,2.95,4.5,3.18,65.27,89.13
STU_08381,22,Male,University,4.99,3.6,7.34,1.91,84.14,90.81
STU_08382,24,Female,University,3.98,2.26,5.97,3.35,74.49,86.48
STU_08383,14,Male,High School,9.96,2.86,4.5,2.9,60.61,74.33
STU_08384,23,Female,University,6.29,2.45,6.69,2.76,78.53,88.39
STU_08385,24,Female,University,3.1,2.37,6.4,2.61,77.25,88.14
STU_08386,24,Female,University,6,0.55,6.48,0.07,79.51,78.6
STU_08387,14,Female,High School,2.15,4.87,6.48,2.96,76.65,98.88
STU_08388,25,Male,University,1.64,1.98,8.73,0,75.46,88.44
STU_08389,17,Female,High School,6.5,1.67,7.46,1.49,65.62,91.97
STU_08390,18,Male,College,2.35,1.49,6.08,3.34,80.71,99.1
STU_08391,24,Male,University,4.6,1.81,6.53,1.65,62.84,98.18
STU_08392,14,Male,High School,1.9,1.83,7.5,0,78.72,78.23
STU_08393,17,Male,High School,3.78,2.85,5.75,0.28,63.65,78.66
STU_08394,19,Female,College,3.42,0,8.32,1.6,65.71,96.67
STU_08395,22,Non-binary,University,4.26,0.95,5.29,0,71.9,79.64
STU_08396,22,Female,University,9.62,4.85,5.89,1.63,74.06,90.46
STU_08397,20,Male,College,7.71,5.05,6.87,0.6,39.09,78.02
STU_08398,24,Female,University,4.22,2.03,7.23,2.23,83.28,99.39
STU_08399,19,Female,College,3.98,6.99,8.24,2.42,70.04,97.41
STU_08400,20,Female,College,2.74,3.76,5.11,0.88,73.27,78.53
STU_08401,24,Female,University,1.91,5.15,6.34,4.72,85.19,99.1
STU_08402,21,Female,College,4.13,2.66,4.66,0.7,66.2,87.21
STU_08403,17,Male,High School,7.83,2.05,6.52,1.06,77.04,77.75
STU_08404,25,Female,University,0,4.21,6.68,2.36,69.57,99.72
STU_08405,17,Female,High School,6.66,4.26,8.41,2.67,86.58,99.45
STU_08406,23,Female,University,7.37,2.01,7.41,1.52,83.68,77.1
STU_08407,22,Male,University,0,3.29,7.93,1.31,78.06,82.14
STU_08408,16,Female,High School,4.59,0,8.27,2.88,80.36,98.03
STU_08409,25,Female,University,3.41,1.33,6.03,1.46,72.01,99.26
STU_08410,21,Female,College,4.08,5.07,6.96,0.95,68.49,59.61
STU_08411,17,Female,High School,5.04,1.54,4.15,1.65,72.76,76.26
STU_08412,14,Male,High School,5.29,2.4,5.56,0.91,80.68,86.71
STU_08413,22,Male,University,1.07,2.28,8.03,2.31,66.59,85.66
STU_08414,20,Female,College,8.57,0.53,8.13,1.31,85.63,89.88
STU_08415,19,Female,College,3.31,2.34,9.07,1.43,80.14,99.66
STU_08416,20,Female,College,11.08,2.12,5.31,1.13,73.49,92.27
STU_08417,24,Male,University,2.14,0.85,7.89,0.54,75.07,87.98
STU_08418,15,Female,High School,1.86,2.24,6.75,2.09,79.8,98.02
STU_08419,16,Male,High School,5.31,0.38,5.93,0,73.04,73.77
STU_08420,17,Female,High School,6.75,2.41,9.08,0,71.93,66.24
STU_08421,18,Male,College,7.68,2.37,5.06,1.16,62.73,98.37
STU_08422,13,Female,High School,2.03,6.05,6.22,0,80.51,84.27
STU_08423,16,Male,High School,3.67,1.06,8.24,0.19,63.53,89.97
STU_08424,23,Non-binary,University,9.16,3.96,3.4,1.78,65.17,63.23
STU_08425,24,Female,University,3.58,0,5.78,2.16,78.68,91.72
STU_08426,22,Female,University,6.73,6.93,5.08,1.62,78.2,95.16
STU_08427,25,Male,University,0,3.21,6.77,2.21,88.23,94.18
STU_08428,17,Female,High School,0.47,2.93,7.98,2.2,78.77,97.8
STU_08429,19,Female,College,6.92,3.6,6.14,2.35,78.06,89.12
STU_08430,25,Male,University,4.13,2.62,6.21,1.26,65.06,83.34
STU_08431,17,Female,High School,6.39,1.76,5.48,0.01,61.08,68.79
STU_08432,25,Female,University,2.93,0.81,6.57,0.69,61.5,67.28
STU_08433,25,Male,University,0.36,2.86,6.41,1.54,82.02,97.24
STU_08434,13,Male,High School,4.73,4.76,7.65,1.57,76.55,96.32
STU_08435,23,Female,University,1.01,0,7.81,1.61,73.13,94.63
STU_08436,19,Female,College,4.81,6.48,7.42,0,70.93,87.92
STU_08437,20,Male,College,2.09,0.95,4.74,0,71.34,90.97
STU_08438,25,Female,University,6.13,3.06,8.29,2.2,86.3,98.95
STU_08439,19,Female,College,3.82,1.2,7.05,0.25,84.86,79.74
STU_08440,23,Male,University,3.75,2.4,6.27,0,73.71,73.88
STU_08441,25,Male,University,5.35,3.09,5.09,2.12,67.19,73.25
STU_08442,16,Female,High School,6.82,2.18,5.57,1.74,72.89,87.35
STU_08443,20,Female,College,4.96,2.82,7.97,0,87.43,82.04
STU_08444,17,Female,High School,8.96,2.7,5.78,2.12,76.82,95.02
STU_08445,22,Male,University,8.85,3.51,5.87,0.02,67.12,70.56
STU_08446,21,Male,College,2.75,3.39,5.44,0,56.07,86
STU_08447,24,Male,University,1.71,0,8.12,3.83,78.72,99.33
STU_08448,24,Female,University,1.44,1.9,4.43,0,84.59,81.71
STU_08449,22,Male,University,9.01,4.91,5.72,0,66.37,77.74
STU_08450,17,Female,High School,1.45,4.02,6.05,3.2,82.91,97.6
STU_08451,13,Male,High School,3.53,0.49,8.21,1.02,85.61,86.37
STU_08452,24,Male,University,4.53,1.83,6.81,0,61.6,80.53
STU_08453,21,Male,College,8.93,2.09,6.6,0.14,59.5,95.02
STU_08454,24,Male,University,1.22,2.06,6.49,1.2,76.16,93.24
STU_08455,17,Female,High School,7.22,2.21,6.56,0.46,67.39,85.59
STU_08456,18,Male,College,4.54,1.58,6.88,0,77.53,87.61
STU_08457,16,Female,High School,4.18,0.76,6.97,3.34,79.75,98.34
STU_08458,18,Male,College,4.43,6.33,6.47,3.73,77.29,98.37
STU_08459,24,Male,University,2.74,2.83,6.63,0.48,80.19,97.2
STU_08460,20,Male,College,3.46,2.11,7.08,0.37,76.11,82.22
STU_08461,15,Male,High School,2.69,3.85,6.13,0.13,78.43,80.5
STU_08462,17,Male,High School,1.22,0,6.41,2.94,73.17,86.75
STU_08463,14,Female,High School,1.56,3.48,6.34,1.13,69.94,88.03
STU_08464,14,Male,High School,7.46,0,7.44,0,74.58,81.81
STU_08465,25,Male,University,3.62,3.15,6.09,0,81.26,78.47
STU_08466,19,Female,College,6.18,0.95,7.84,0.97,57.57,74.48
STU_08467,22,Male,University,4.06,3.76,7.05,3.15,70.1,98.46
STU_08468,25,Female,University,4.01,7.28,6.63,0.92,61.58,87.36
STU_08469,22,Male,University,4.31,2.78,5.48,0.61,83.79,84.5
STU_08470,23,Male,University,6.33,0,7.54,0,51.99,96.39
STU_08471,22,Female,University,2.78,1.33,6.52,1.08,81.45,79.78
STU_08472,18,Non-binary,College,4.11,3.12,3.17,0.89,65.92,95.19
STU_08473,16,Male,High School,6.76,4.78,6.93,1.45,71.19,84.23
STU_08474,17,Male,High School,7.21,0.49,7.33,0.85,84.31,81.94
STU_08475,13,Male,High School,8.21,5.87,5.11,1.33,62.63,83.26
STU_08476,19,Male,College,2.09,3.64,7.57,1.56,86.5,88.43
STU_08477,20,Female,College,2.9,2.48,5.05,0,71.7,77.88
STU_08478,21,Male,College,4,4.05,6.37,1.29,74.01,93.73
STU_08479,20,Female,College,1.21,0.22,9.62,1.79,82.21,98.94
STU_08480,17,Male,High School,6.68,0.86,5.39,2.29,54.81,99.84
STU_08481,15,Female,High School,5.22,0.03,4.73,1.17,75.75,96.24
STU_08482,22,Female,University,4.11,6.53,6.17,0.11,72.75,75.65
STU_08483,23,Female,University,7.07,2.52,7.89,0,75.35,98.72
STU_08484,21,Male,College,2.61,2.83,4.79,2.2,76.57,67.5
STU_08485,18,Female,College,7.32,4.54,5.74,0,70.12,85.12
STU_08486,17,Female,High School,8.85,0,7.25,0.66,75.02,75.34
STU_08487,25,Female,University,5.27,1.04,7.61,1.5,72.24,85.33
STU_08488,15,Female,High School,4.48,3.14,6.7,1.14,77.5,85.69
STU_08489,18,Female,College,4.92,5.54,5.76,1.41,73.52,95.33
STU_08490,15,Female,High School,1.03,4.1,7.42,1.59,81.76,76.45
STU_08491,22,Male,University,4.01,3.14,8.03,0.25,69.8,87.33
STU_08492,24,Female,University,9.65,2.96,5.06,0,64.77,72.92
STU_08493,18,Female,College,9.28,4.29,6.29,2.14,72.85,98.43
STU_08494,16,Male,High School,4.73,0.76,7.64,2.08,72.99,97.33
STU_08495,14,Female,High School,3.14,3.04,6.55,0.02,58.62,83.81
STU_08496,20,Non-binary,College,7.07,3.35,4.64,0,50.94,81.2
STU_08497,16,Male,High School,4.41,2.03,5.68,1.62,79.46,98.4
STU_08498,21,Male,College,6.87,2.26,8.22,0,63.64,85.75
STU_08499,19,Male,College,2.64,0,8.95,0.2,76.12,97.16
STU_08500,24,Female,University,5.26,1.51,7.02,0.62,82.9,97.27
STU_08501,14,Female,High School,3.6,0,9.91,1.39,79.15,93.91
STU_08502,16,Female,High School,4.49,3.71,6.55,1.69,79.14,89.42
STU_08503,17,Female,High School,3.07,2.72,5.3,3.2,66.26,99.27
STU_08504,15,Female,High School,4.15,2.26,4.94,2.59,83.69,88.56
STU_08505,21,Male,College,5.26,2.97,4.92,0,54.61,70.81
STU_08506,25,Male,University,6.24,3.04,6.78,0.1,66.97,87.18
STU_08507,17,Male,High School,4.1,1.88,6.12,1.98,68.2,80.58
STU_08508,14,Male,High School,8.13,0,5.57,0.92,62.12,79.19
STU_08509,23,Female,University,1.28,3.4,6.96,2.57,83.78,99.64
STU_08510,15,Female,High School,0.76,0.72,9.5,0.25,86.76,99.14
STU_08511,21,Female,College,3.02,3.13,9,1.31,80.64,98.74
STU_08512,19,Non-binary,College,4.53,4.86,6.75,1.67,75.69,86.6
STU_08513,14,Female,High School,7.92,5.26,6.24,2.57,67.6,99.31
STU_08514,21,Female,College,4.04,3.18,7.6,0.85,57.21,95.88
STU_08515,16,Male,High School,2.13,1.94,7.53,2.54,78.01,95.58
STU_08516,25,Male,University,2.89,1.65,5.59,0.73,64.26,82.34
STU_08517,21,Female,College,4.7,3.11,7.22,1.32,74.97,84.69
STU_08518,25,Male,University,1.81,0,6.61,0.46,75.02,88.28
STU_08519,14,Male,High School,9.32,1.05,5.22,0.76,62.73,88.49
STU_08520,24,Female,University,0,1.13,8.02,0.71,74.87,97.81
STU_08521,22,Male,University,2.59,3.24,8.87,1.63,74.06,97.83
STU_08522,24,Male,University,3.1,2.4,7.27,0.08,70.53,81.41
STU_08523,16,Female,High School,2.06,2.78,6.6,0.14,79.81,75.26
STU_08524,17,Female,High School,6.18,2.28,6.05,0,69.22,84.35
STU_08525,14,Male,High School,2.86,2.1,7.71,3,75.4,97.3
STU_08526,22,Male,University,6.05,3.05,6.04,3.19,74.87,88.96
STU_08527,13,Non-binary,High School,8.45,3.76,5.63,2.36,46.36,75.66
STU_08528,19,Male,College,7.59,4.42,5.22,2.37,69.09,95.96
STU_08529,22,Female,University,4.9,2.45,5.85,0,49.78,74.96
STU_08530,13,Male,High School,4.5,4.39,7.69,0.11,69.38,83.64
STU_08531,23,Male,University,6.71,5.36,6.14,2.06,76.72,78.33
STU_08532,23,Male,University,3.78,1.4,6.17,0.48,77.64,72.12
STU_08533,20,Female,College,3.28,3.92,6.73,1.18,78.16,83.12
STU_08534,15,Female,High School,2.02,1.48,7.69,0,75.25,86.5
STU_08535,22,Male,University,5.27,4.71,5.12,1.44,47.36,85.47
STU_08536,18,Male,College,1.86,2.84,7.45,4.14,85.88,98.22
STU_08537,19,Male,College,2.73,1.79,7.65,2.74,83.92,89.07
STU_08538,22,Female,University,9.76,0.87,8.05,0.95,58.55,85.55
STU_08539,13,Male,High School,6.18,1.47,6.94,0,53.86,84.68
STU_08540,18,Male,College,5.51,2.22,4.76,0,81.36,77.23
STU_08541,19,Male,College,2.7,4.52,7.44,1.9,84.61,92.52
STU_08542,18,Female,College,6.43,1.97,6.69,0.17,59.1,82.31
STU_08543,16,Female,High School,1.96,1.69,7.21,1.46,77.93,99.96
STU_08544,13,Female,High School,0.69,5.69,8.29,0,84.13,88.79
STU_08545,23,Male,University,3.12,1.78,7.41,0.76,81.66,82.97
STU_08546,21,Male,College,1.55,0.42,8.11,0.86,85.55,93.98
STU_08547,16,Male,High School,5.66,0.04,5.82,0.67,68.69,75.37
STU_08548,19,Male,College,5.41,1.17,7.14,3.06,84.9,98.35
STU_08549,19,Female,College,5.07,2.49,5.95,0.3,60.61,75.34
STU_08550,14,Male,High School,5.96,2.55,5.82,0.61,63.45,85.03
STU_08551,13,Male,High School,5.85,1.39,6.02,1.06,77.18,98.84
STU_08552,20,Female,College,2.81,0,5.44,1.19,79.63,80.04
STU_08553,20,Female,College,5.7,0.91,6.2,4.16,76.6,86.69
STU_08554,19,Female,College,5.28,0.12,6.55,1.25,75.28,98.24
STU_08555,20,Female,College,2.96,0,6.25,1.64,82.65,98.94
STU_08556,15,Female,High School,3.61,0,8.83,0,74.51,91.15
STU_08557,23,Female,University,6.63,3.03,6.26,1.12,67.14,79.71
STU_08558,14,Female,High School,1.21,1.95,6.7,1.57,72.02,98.09
STU_08559,19,Male,College,5.33,3.56,5.55,2.02,67.78,96.59
STU_08560,20,Male,College,4.23,1.29,8.34,1.37,81.61,83.53
STU_08561,13,Female,High School,4.43,1.41,5.97,0.24,77.26,76.93
STU_08562,24,Female,University,3.79,0.95,6.96,2.29,85.85,93.94
STU_08563,22,Female,University,5.55,0.9,7.45,0.81,61.88,99.41
STU_08564,21,Female,College,0.56,1.14,5.89,2.36,83.28,94.54
STU_08565,25,Male,University,5.13,5.62,5.81,0.53,58.08,64.71
STU_08566,23,Female,University,1.88,2.3,7.26,0,87.39,73.29
STU_08567,16,Non-binary,High School,7.08,1.07,6.22,2.26,72.56,86.23
STU_08568,24,Female,University,1.27,4.23,7.38,2.16,65.63,96.31
STU_08569,16,Male,High School,0,2.45,7.34,3.39,77.52,95.49
STU_08570,15,Male,High School,0.25,4.45,7.97,2.08,81.86,98.35
STU_08571,18,Female,College,4.36,3.4,5.22,0,77.62,96.71
STU_08572,13,Male,High School,0.62,2.75,7.7,1.26,78.48,99.26
STU_08573,18,Male,College,1.23,3.04,6.99,2.45,76.43,97.35
STU_08574,14,Female,High School,2.76,3.18,6.86,1.94,74.42,83.77
STU_08575,21,Male,College,5.82,0.21,7.03,0.18,82.37,95.27
STU_08576,14,Female,High School,2.58,2.71,5.48,0,77.66,89.76
STU_08577,19,Female,College,3.98,3.01,6.26,0.09,74.63,90.05
STU_08578,24,Female,University,3.93,3.24,7.8,0.69,71.58,98.84
STU_08579,13,Female,High School,0.89,1.62,6.19,1.5,74.48,69.55
STU_08580,24,Female,University,5.52,4.67,6.41,2.96,56.53,91.82
STU_08581,19,Female,College,10.13,2.91,5.89,0.15,70.92,78.1
STU_08582,17,Female,High School,0.18,1.76,7.59,0.29,76.64,97.65
STU_08583,20,Female,College,2.29,3.23,3.88,0.47,61.66,79.59
STU_08584,16,Male,High School,1.32,4.37,8.67,3.08,74.97,97.62
STU_08585,24,Female,University,4,1.19,5.66,2.77,84.22,95.84
STU_08586,22,Male,University,0.87,0.95,8.94,3.25,83.3,98.54
STU_08587,19,Male,College,7.63,3.97,4.82,0.47,72.56,86.96
STU_08588,18,Male,College,8.03,4.24,6.38,0,74.87,79.07
STU_08589,17,Female,High School,6.23,2.3,5.82,0.3,64.05,83.86
STU_08590,16,Male,High School,6.84,2.16,5.28,2.96,83.44,98.16
STU_08591,19,Female,College,4.79,4.1,9.54,0,73.46,91.53
STU_08592,24,Female,University,7.2,1.07,6.02,2.39,55.09,78.56
STU_08593,17,Male,High School,3.74,0,5.23,0,72.14,75.88
STU_08594,17,Female,High School,3.16,2.7,8.48,0,82.12,98.3
STU_08595,13,Male,High School,6.16,2.7,7.31,0.77,51.76,94.76
STU_08596,14,Female,High School,3.54,4.18,8.42,1.2,77.56,97.21
STU_08597,17,Female,High School,9.85,3.94,4.02,0,51.93,92.79
STU_08598,25,Male,University,7.14,5.5,4.8,0.99,76.99,83.55
STU_08599,15,Non-binary,High School,3.11,2.98,7.18,0,72.06,87.44
STU_08600,25,Female,University,4.08,6.48,5.8,1.11,73.54,94.3
STU_08601,14,Female,High School,4.15,4.61,5.71,0.15,66.28,72.65
STU_08602,16,Female,High School,2.62,2.7,7.67,0.37,79.75,93.87
STU_08603,16,Female,High School,6.72,4.42,4.58,0.36,41.3,88.88
STU_08604,16,Male,High School,2.32,0.89,5.62,1.45,71.39,91.73
STU_08605,16,Male,High School,4.27,2,7.01,2.73,78.62,88.53
STU_08606,15,Female,High School,2.57,2.23,5.72,1.02,77.78,85.84
STU_08607,25,Female,University,3.13,2.16,6.26,2.16,67.6,96.51
STU_08608,24,Male,University,6.42,4.04,6.39,0,64.4,66.66
STU_08609,19,Non-binary,College,6.2,4.49,5.31,0.73,62.04,79.77
STU_08610,21,Male,College,3.63,3.91,5.53,2.69,86.27,96.85
STU_08611,24,Male,University,7.34,1.37,7.8,0.88,75.52,95.01
STU_08612,17,Male,High School,5.93,3.72,5.98,0,50.69,76.6
STU_08613,16,Female,High School,4.79,4.68,7.09,1.11,66.97,84.78
STU_08614,23,Female,University,6.77,3.81,5.4,0.01,60.62,80.17
STU_08615,14,Male,High School,8.05,0,6.1,2.48,59.93,92.01
STU_08616,14,Female,High School,5.6,0.76,6.83,1.04,70.61,99.8
STU_08617,17,Male,High School,5.18,3.51,6.38,0,55.38,85.23
STU_08618,19,Female,College,0,4.59,7.32,1.63,62.41,94.27
STU_08619,22,Male,University,5.16,0.74,9.22,3.13,83.91,69.16
STU_08620,22,Female,University,5.66,2.49,7.55,0.67,67.13,91.76
STU_08621,21,Female,College,5.29,2.58,7.12,1.05,77.57,87.21
STU_08622,25,Female,University,2.25,0.69,8.43,0.16,85.99,87.49
STU_08623,19,Male,College,2.78,3.01,6.27,2.2,66.37,98.49
STU_08624,17,Male,High School,6.31,3.21,8.21,1.01,78.78,82.25
STU_08625,22,Female,University,3.53,2.81,4.91,0.35,67.55,64.13
STU_08626,22,Female,University,4.94,4.3,6.96,2.04,70.44,93.6
STU_08627,22,Female,University,0,2.43,8.89,1.13,87.75,86.81
STU_08628,18,Female,College,4.46,3.77,4.75,2.73,63.68,96.32
STU_08629,23,Non-binary,University,6.52,3.27,6.3,0,60.59,78.67
STU_08630,24,Male,University,5.26,3.69,5.71,1.05,74.03,74.7
STU_08631,15,Male,High School,4.15,1.66,5.11,0.74,68.59,78.58
STU_08632,17,Male,High School,1.88,3.47,7.13,0.62,67.24,95.32
STU_08633,20,Male,College,0.02,4.6,6.63,3.31,79.06,95.87
STU_08634,13,Female,High School,2.55,4.19,8.04,1.59,78.82,82.75
STU_08635,24,Female,University,7.1,4.71,5.89,0.95,69.39,89.82
STU_08636,13,Male,High School,4.36,2.85,5.28,3.07,73.02,96.87
STU_08637,19,Female,College,6.23,5.38,5.84,1.14,55.45,77.06
STU_08638,17,Female,High School,8.09,1.99,5.51,0.42,56.69,85.8
STU_08639,17,Female,High School,4.81,2.05,8.33,1.63,60.39,99.14
STU_08640,13,Male,High School,6.61,5.66,6.39,0,70.17,74.76
STU_08641,21,Female,College,7.34,3.34,6.07,1.57,65.87,88.68
STU_08642,13,Male,High School,1,4.14,9.29,0.87,82.64,98.08
STU_08643,17,Female,High School,2.6,0,7.48,0,87.35,90.58
STU_08644,22,Female,University,0.29,3.16,6.63,1.5,80.06,91.59
STU_08645,21,Male,College,0,3,6.82,1.8,83.95,90.04
STU_08646,16,Male,High School,3.25,3.54,7.3,3.33,80.62,98.06
STU_08647,25,Female,University,3.86,3.5,5.68,0.04,74.13,99.76
STU_08648,20,Male,College,0,1.9,11,1.7,80.68,98.17
STU_08649,18,Male,College,5.64,6.91,6.32,1.54,61.1,88.29
STU_08650,23,Female,University,3.28,1.09,7.1,1.5,67.48,84.29
STU_08651,15,Male,High School,8.09,2.08,3.9,1.05,50.91,76.64
STU_08652,16,Male,High School,4.96,4.19,3.61,1.37,74.26,70.77
STU_08653,14,Female,High School,4.94,0.69,5.94,0,79.99,99.17
STU_08654,13,Male,High School,3.99,2.42,6.02,2.19,77.61,81.07
STU_08655,25,Male,University,4.2,3.91,5.63,2.38,72.51,88.19
STU_08656,20,Female,College,5.43,1.68,6.32,0.5,68.76,79.05
STU_08657,13,Male,High School,6.76,1.3,3.99,0.67,69.41,66.89
STU_08658,25,Female,University,1.17,3.31,7.73,0.61,67.62,97.71
STU_08659,23,Non-binary,University,2.41,2.82,6.8,0,80.25,88.28
STU_08660,13,Female,High School,5.23,1.41,7.12,1.63,75.52,94.62
STU_08661,16,Male,High School,4.4,2.79,6.89,0.91,78.44,84.86
STU_08662,22,Male,University,6.48,2.5,5.34,1.66,73.21,98.39
STU_08663,24,Female,University,2.82,4.3,7.1,1.55,68.36,90.15
STU_08664,22,Female,University,7.66,0.79,7.9,0,80.09,91.9
STU_08665,18,Female,College,3.21,1.03,6.04,0.73,67.27,74.8
STU_08666,21,Female,College,3.71,2.09,7.94,1.46,78.7,99.39
STU_08667,13,Male,High School,7.24,2.04,7.76,0,66.82,78.16
STU_08668,19,Male,College,5.93,4.23,6.34,2.71,69.63,99.73
STU_08669,22,Female,University,9.46,2.8,5.62,1.13,56.56,74.23
STU_08670,23,Female,University,6.87,3.7,5.78,0,51.34,83.65
STU_08671,17,Male,High School,7.72,5.1,5.96,0,71.62,86.57
STU_08672,24,Female,University,3.76,1.06,9.64,0.56,77.76,99.8
STU_08673,20,Male,College,7.76,5.12,5.06,0.64,65.5,77.1
STU_08674,19,Female,College,4.67,2.56,7.19,0.14,68.87,94.62
STU_08675,16,Male,High School,0,0,7.93,1.82,72.08,90.26
STU_08676,16,Female,High School,5.69,2.93,7.62,1.13,72.8,89.91
STU_08677,18,Female,College,5.9,0.02,6.57,2.35,69.73,98.48
STU_08678,18,Female,College,1.77,0.13,7.63,0,73.35,95.37
STU_08679,21,Non-binary,College,5.4,0.72,5.68,2.13,59.3,84.68
STU_08680,24,Male,University,4.79,2.38,5.86,2.32,80.41,98.19
STU_08681,17,Female,High School,7.53,0.26,6.27,3.5,69.31,98.16
STU_08682,20,Female,College,5.6,4.79,4.22,3.01,78.65,99.26
STU_08683,17,Female,High School,4.5,4.52,5.92,0.43,61.45,78.07
STU_08684,14,Female,High School,1.17,7.19,7.16,1.32,74.68,97.71
STU_08685,18,Male,College,0,2.36,8.7,5,82.56,99.05
STU_08686,21,Female,College,7.66,1.64,5.55,0,63.78,84.5
STU_08687,25,Male,University,5.49,2.9,6.29,2.66,81.15,98.72
STU_08688,15,Male,High School,3.9,4.06,6.54,1.74,80.06,99.6
STU_08689,13,Male,High School,5.89,4.83,5.48,1.35,66.06,74.75
STU_08690,13,Male,High School,3.91,1.42,6.33,1.72,75.83,97.52
STU_08691,25,Male,University,0,4.32,7.98,0.58,83.7,99.26
STU_08692,15,Male,High School,7.03,4.31,8.66,1.35,75.14,88.71
STU_08693,22,Male,University,7.35,7.83,5.94,0,72.85,98.66
STU_08694,17,Male,High School,3.68,5.05,7.71,1.73,82.04,87.73
STU_08695,15,Male,High School,4.4,5.88,4.64,0.33,50.65,82.19
STU_08696,21,Female,College,2.97,6.09,6.87,1.86,78.3,89.88
STU_08697,20,Female,College,9.11,1.32,7.84,0.17,55.55,83.49
STU_08698,15,Female,High School,7.51,1.13,7.57,1.15,74.95,76.05
STU_08699,21,Female,College,2.47,4.3,6.47,0.1,72.95,99.62
STU_08700,25,Male,University,6.01,1.86,7.59,0,68.09,71.29
STU_08701,18,Male,College,2.31,3.91,7.15,0,78.82,70.12
STU_08702,25,Male,University,2.47,2.38,5.24,0,85.44,95.23
STU_08703,19,Female,College,3.39,3.25,5.69,2.79,84.34,97.79
STU_08704,16,Female,High School,2.98,3.11,7.6,1.42,71.89,85.15
STU_08705,16,Male,High School,0.6,3.81,6.76,0.73,85.05,92.41
STU_08706,24,Male,University,7.82,0.38,4.49,0,54.79,74.42
STU_08707,25,Female,University,5.03,0.19,6.99,0.04,68.19,98.5
STU_08708,14,Male,High School,8.38,2.33,5.28,2.81,47.79,98.89
STU_08709,17,Female,High School,4.08,2.71,3.38,2.96,73.2,94.51
STU_08710,20,Female,College,0.83,5.52,6.69,1.29,76.01,97.7
STU_08711,19,Female,College,7.06,3.28,3.99,2.25,54.35,79.74
STU_08712,19,Female,College,5.15,2.94,6.34,3.23,64.34,97.21
STU_08713,18,Male,College,3.84,2.05,6.59,0,61.11,88.21
STU_08714,15,Female,High School,7.51,3.44,8.85,1.32,73.23,99.61
STU_08715,17,Female,High School,1.14,2.09,7.83,1.02,61.75,99.13
STU_08716,25,Female,University,6.95,0.37,6.8,0.07,78.71,62.88
STU_08717,13,Female,High School,6.3,4.43,7.64,1.66,86.29,90.38
STU_08718,19,Female,College,5.08,1.61,6.08,1.6,80.13,90.32
STU_08719,21,Female,College,0.81,1.74,6.71,0.87,71.01,81.59
STU_08720,13,Male,High School,6.85,0,5.59,1.44,79.45,68.51
STU_08721,25,Male,University,6.36,3.19,7.61,0.76,80.64,97.85
STU_08722,14,Male,High School,5.17,5.58,6.39,1.96,65.33,88.72
STU_08723,15,Female,High School,4.36,0,6.05,1.63,77.93,95.49
STU_08724,15,Female,High School,1.68,0,8.19,2.65,84.34,98.37
STU_08725,20,Male,College,1.7,3.23,5.48,3.77,84.38,94.2
STU_08726,19,Male,College,2.56,2.98,5.79,0,69.85,63.85
STU_08727,18,Female,College,0.56,1.65,6.89,2.93,82.77,95.9
STU_08728,22,Male,University,0.64,1.5,7.38,0.78,85.69,99.7
STU_08729,22,Male,University,3.39,3.03,7.09,0.34,67.76,97.26
STU_08730,23,Male,University,1.17,0,7.06,3.2,67,88.39
STU_08731,16,Male,High School,3.92,0.15,7.18,0.7,66.83,98.54
STU_08732,21,Female,College,4.66,0.68,7.65,0,80.24,71.2
STU_08733,13,Male,High School,0.88,1.8,9.04,0,80.72,98.31
STU_08734,23,Female,University,6.57,1.85,6.38,1.47,72.84,77.95
STU_08735,14,Female,High School,7.03,0,8.47,0.47,75.87,99.68
STU_08736,16,Male,High School,0,0.16,7.63,1.17,77.26,86.55
STU_08737,15,Male,High School,7.88,3.54,5.64,0.75,65.21,77.83
STU_08738,13,Female,High School,5.9,3.41,5.66,0,55.45,71
STU_08739,17,Female,High School,4.73,4.06,4.84,2.61,75.27,97.59
STU_08740,19,Male,College,8.16,3.44,5.38,2.32,58.31,85.53
STU_08741,14,Male,High School,4.77,2.31,7.45,3.76,73.96,99.77
STU_08742,17,Male,High School,2.55,0.75,6.12,0.33,64.67,82.88
STU_08743,18,Female,College,0.77,0.72,6.39,0.94,80.92,98.09
STU_08744,23,Male,University,4.21,0.97,6.17,0.34,79.08,79.19
STU_08745,19,Female,College,4.2,3.98,7.21,0.96,70.73,80.9
STU_08746,13,Male,High School,0.24,3.45,6.35,2.72,83.81,98.16
STU_08747,19,Female,College,3.61,0.76,4.53,0.26,62.43,84.42
STU_08748,16,Male,High School,8.34,3.18,3.83,0.43,67.06,78.92
STU_08749,20,Female,College,5.76,3.63,5.22,1.99,68.9,70.55
STU_08750,25,Male,University,1.13,3.42,7.05,0.2,81.71,97.4
STU_08751,16,Male,High School,5.26,4.11,5.98,1.49,67.5,93.04
STU_08752,18,Female,College,6.25,2.59,6.15,0.84,74.98,91.69
STU_08753,21,Female,College,7.08,2.03,7.87,3.11,75.37,87.31
STU_08754,17,Female,High School,5.96,2.63,8.42,4.09,74.45,98.92
STU_08755,24,Female,University,7.4,4.33,4.67,1.57,58.67,69.78
STU_08756,16,Male,High School,6.39,3.87,4.62,1.67,73.08,58.31
STU_08757,20,Female,College,3.89,2.67,7.9,1.52,80.4,84.12
STU_08758,25,Male,University,5.33,4.57,6.33,1.21,73.85,92
STU_08759,21,Male,College,3.93,5.84,6.36,2.24,79.49,99.14
STU_08760,16,Female,High School,5.51,7.11,4.77,1.27,66.76,87.98
STU_08761,15,Female,High School,6.34,7.08,4.27,2.9,83.81,97.15
STU_08762,20,Female,College,4.31,8.29,3.07,0.94,64.26,74.48
STU_08763,17,Female,High School,5.26,4.93,6.33,1.76,66.29,86.24
STU_08764,14,Non-binary,High School,3.29,0,8.05,0.72,77.72,75.71
STU_08765,22,Male,University,3.74,2.88,7.31,2.78,83.75,97.11
STU_08766,21,Non-binary,College,4.33,0,7.16,0.12,73.56,97.38
STU_08767,15,Female,High School,3.1,5.52,5.3,1.62,71.29,89.74
STU_08768,24,Female,University,7.82,1.94,4.47,0.73,60.24,83.57
STU_08769,14,Female,High School,5.99,3.3,7.07,1.17,66.61,88.3
STU_08770,13,Female,High School,6.35,2.24,4.89,0,51.31,96.9
STU_08771,20,Female,College,5.9,5.74,5.04,1.95,77.73,85.37
STU_08772,23,Male,University,4.92,0.37,5.8,0,79.1,79.87
STU_08773,15,Female,High School,1.46,3.77,6.89,1.41,58.59,87.53
STU_08774,19,Male,College,7.31,0.62,6.39,0,69.01,84.98
STU_08775,13,Male,High School,9.7,0,7.02,0.29,61.15,89.58
STU_08776,13,Male,High School,6.15,2.84,6.34,0.42,76.04,84.97
STU_08777,24,Male,University,2.53,0.3,6.97,0.86,68.07,92.74
STU_08778,21,Male,College,5.99,0,7.98,3.44,79.39,95.43
STU_08779,24,Male,University,2.5,0,6.37,2.22,82.96,78.92
STU_08780,20,Female,College,3.31,1.8,6.85,1.23,84.78,98.93
STU_08781,24,Male,University,0,4.18,5.84,1.82,82.69,98.22
STU_08782,25,Male,University,7.92,0,6.49,0,70.28,74.1
STU_08783,15,Male,High School,5.29,4.45,7.23,0,54.62,90.1
STU_08784,18,Female,College,5.93,1.53,5.7,2.75,85.59,98.55
STU_08785,23,Male,University,6.47,0.58,8.46,1.28,81.09,93.37
STU_08786,15,Male,High School,5.69,4.69,6.21,2.52,67.56,98.12
STU_08787,25,Male,University,6.94,4.24,6.7,1.29,69.51,65.55
STU_08788,24,Male,University,7.91,3.96,4.07,1.17,60.15,85.73
STU_08789,16,Female,High School,4.41,2.92,8.23,1.03,72.33,79
STU_08790,13,Male,High School,0.35,0.57,8.7,3.39,77.68,99.85
STU_08791,17,Male,High School,2.39,4.74,4.3,0.66,72.53,91.64
STU_08792,13,Male,High School,6.05,2.55,4.68,1.79,57.23,78.12
STU_08793,25,Female,University,1.93,2.74,7.89,1.62,79.41,99.04
STU_08794,13,Female,High School,4.34,3.21,7.66,2.71,74.64,85.12
STU_08795,22,Male,University,10.75,4.28,3.22,3.11,67.22,82.92
STU_08796,23,Male,University,7.11,0,7.31,0,76.4,77.04
STU_08797,23,Male,University,0,2.42,6.46,0.31,83.39,98.03
STU_08798,19,Female,College,10.33,1.68,5.66,1.83,61.76,98.56
STU_08799,24,Male,University,7.92,5.17,5.54,1.03,48.79,87.88
STU_08800,18,Female,College,6.16,5.62,5.09,1.61,59.79,65.04
STU_08801,14,Male,High School,4.84,3.03,6.18,0.3,84.27,96.91
STU_08802,23,Male,University,1.05,0.14,6.22,1.44,80.38,88.05
STU_08803,24,Male,University,3.57,1.44,6.09,0,76.51,98.39
STU_08804,14,Male,High School,0,0,6.1,0.37,77.45,77.18
STU_08805,23,Male,University,6.88,4.33,7.53,2.72,61.97,97.25
STU_08806,19,Male,College,4.96,1.47,6,0.16,71.86,64.53
STU_08807,13,Female,High School,2.64,4.68,7.79,2.72,77.91,89.07
STU_08808,25,Male,University,7.03,1.49,6.98,0.25,67.53,70.2
STU_08809,14,Female,High School,5.33,2.14,7.8,1.1,67.42,79.41
STU_08810,24,Female,University,8.6,1.82,5.49,1.1,69.16,74.52
STU_08811,20,Female,College,3.39,0,6.75,0.18,68.85,97.41
STU_08812,18,Female,College,7.98,0,6.42,1.75,63.97,90.5
STU_08813,14,Male,High School,5.06,6.05,4.67,3.22,69.76,97.99
STU_08814,19,Male,College,2.56,1.13,7.09,2.17,59.72,95.42
STU_08815,16,Female,High School,5.98,3.85,5.85,0,66.92,97.26
STU_08816,14,Female,High School,4.69,7.24,7.5,1.49,81.61,95.44
STU_08817,24,Female,University,5.64,1.75,8.19,2.62,73.23,91.75
STU_08818,18,Male,College,2.03,3.33,9.03,0.6,75.34,97.93
STU_08819,23,Female,University,0,3.02,5.05,1.76,73.52,77.39
STU_08820,21,Female,College,3.26,3.1,7.53,0.23,80.88,89.09
STU_08821,23,Male,University,5.93,3.38,5.87,0.26,47.29,59.81
STU_08822,21,Non-binary,College,5.86,0.34,5.77,0.68,50.97,88.99
STU_08823,20,Male,College,3.37,0,8.82,1.46,78.1,74.82
STU_08824,15,Male,High School,5.08,2.44,5.28,2.63,76.72,98.56
STU_08825,15,Male,High School,3.52,5.02,6.72,0.87,65.06,97.25
STU_08826,14,Female,High School,4.16,4.16,5.33,0.86,81.34,90.3
STU_08827,17,Female,High School,7.66,0,3.44,2.32,72.62,81.26
STU_08828,24,Female,University,1.17,3.54,5.17,1.1,80.6,92.82
STU_08829,16,Female,High School,9.22,2.95,3.06,1.67,66.12,84.03
STU_08830,19,Male,College,4.93,2.75,5.96,0,65.14,81.98
STU_08831,16,Male,High School,9.55,2.72,4.25,0.71,60.84,84.32
STU_08832,21,Male,College,9.15,3.05,7.21,2.56,70.61,99.11
STU_08833,24,Non-binary,University,0,2.45,7.95,0,78.57,98.6
STU_08834,24,Male,University,4.96,1.42,5.51,1.02,61.25,86.23
STU_08835,14,Female,High School,2.05,2.1,5.75,0,76.61,99.82
STU_08836,23,Male,University,4.16,0,6.19,1.78,69.1,95.44
STU_08837,18,Male,College,5.64,3.44,5.86,1.79,70.4,82.74
STU_08838,19,Male,College,8.14,3.4,7.4,0,70.9,88.86
STU_08839,16,Male,High School,1.79,5.48,6.05,1.01,55.41,89.93
STU_08840,25,Non-binary,University,10.82,3.6,5.63,0,52.42,62.08
STU_08841,18,Female,College,3.05,2.16,6.16,1.4,83.45,99.9
STU_08842,19,Female,College,1.14,3.38,7.67,2.08,83.08,99.55
STU_08843,16,Female,High School,7.24,1.93,7.09,1.92,74.64,97.65
STU_08844,20,Female,College,4.82,1.29,8.07,2.35,71.16,98.55
STU_08845,21,Female,College,10.03,0,7.11,1.37,59.77,90.28
STU_08846,13,Female,High School,2.04,3.2,3.97,0.19,69.59,85.24
STU_08847,19,Female,College,4.96,3.4,4.59,1.66,64.41,74.84
STU_08848,21,Male,College,7.68,4.83,6.12,1.67,58.68,87.94
STU_08849,24,Male,University,2.39,5.1,6.92,1.84,69.84,86.12
STU_08850,22,Female,University,7.7,3.12,5.69,0,69.4,84.33
STU_08851,17,Male,High School,5.49,0.26,7.8,1.82,72.09,99.64
STU_08852,24,Female,University,1.99,0.34,8.97,3.99,79.14,98.55
STU_08853,14,Female,High School,7.66,2.9,5.24,3.31,65.13,70.45
STU_08854,22,Female,University,4.01,4.12,4.62,2.63,79.12,88.36
STU_08855,18,Female,College,7.47,4.23,6.48,0.26,69.97,95.01
STU_08856,24,Male,University,2.74,1.72,6.19,0.06,76.17,78.4
STU_08857,24,Female,University,0.87,0,4.81,0.57,73.51,75.38
STU_08858,19,Male,College,3.4,0.33,7.3,1.46,77.55,71.12
STU_08859,14,Female,High School,4.19,0,7.4,2.37,87.96,98.74
STU_08860,14,Non-binary,High School,4.99,3.1,5.59,2.13,65.09,75.66
STU_08861,22,Female,University,5.83,2.03,6.23,0.5,69.89,75.53
STU_08862,24,Male,University,9.4,1.96,6.27,0,75.12,89.5
STU_08863,22,Male,University,4.24,3.36,8.29,0.31,78.99,85.25
STU_08864,13,Female,High School,8.95,1.85,6.71,0,64.09,88.9
STU_08865,16,Female,High School,7.06,5.96,4.05,2.52,70.14,90.62
STU_08866,19,Female,College,4.3,2.16,8.42,0.33,80.99,82.58
STU_08867,21,Female,College,5.27,0,8.75,2.15,83.44,89.89
STU_08868,15,Female,High School,5.49,0,7.18,0,84.32,79.82
STU_08869,24,Male,University,7.06,3.46,7.44,1.27,67.09,80.64
STU_08870,23,Female,University,7.45,3.64,4.57,0,65.3,78.58
STU_08871,19,Female,College,1,3.61,7.04,0,71.94,93.29
STU_08872,19,Male,College,6.95,0.14,7.47,0,70.06,82.42
STU_08873,19,Male,College,5.52,0.91,6.89,0.86,73.97,70.06
STU_08874,14,Female,High School,5.48,5.52,5.24,1.95,56.1,99.64
STU_08875,18,Female,College,4.17,2.17,5.45,2.04,78.55,92.84
STU_08876,14,Male,High School,6.26,1.39,6.77,2.79,81.95,93.06
STU_08877,18,Male,College,6.72,4.99,6.9,0.11,44.04,94.91
STU_08878,25,Male,University,4.78,0.65,5.34,1.38,63.95,78.1
STU_08879,22,Male,University,7.05,1.75,5.62,2.36,62.17,90.24
STU_08880,15,Female,High School,2.92,4.73,9.41,2.93,80.05,98.17
STU_08881,14,Female,High School,4.53,4.89,7.1,2.15,77.51,98.78
STU_08882,24,Female,University,5.4,4.93,5.9,2.45,68.77,98.5
STU_08883,18,Female,College,3.73,3.83,7.73,1.36,68.78,97.56
STU_08884,14,Male,High School,3.67,6.13,7.22,1.08,77.55,97.87
STU_08885,17,Female,High School,2.18,4.2,7.03,0.1,74.84,92.02
STU_08886,14,Non-binary,High School,5.58,3.1,6.65,0,67.04,72.11
STU_08887,15,Female,High School,9.36,2.52,5.05,1.05,68.59,66.16
STU_08888,15,Male,High School,6.01,1.95,7.54,0,66.77,87.71
STU_08889,18,Female,College,4.08,0.27,5.9,2.59,70.76,85.33
STU_08890,18,Female,College,7.79,0,7.38,0.99,63.1,79.72
STU_08891,22,Male,University,4.41,4.22,7.55,2.88,81.07,92.18
STU_08892,15,Male,High School,6.38,2.32,5.63,0.62,58.29,83.77
STU_08893,15,Female,High School,5.9,0.96,4.49,0.74,60.27,84.65
STU_08894,25,Female,University,0.77,6.16,7.63,0.65,79.42,88.71
STU_08895,24,Female,University,4.75,4.65,7.26,0.05,71.73,85.69
STU_08896,25,Male,University,9.86,2.22,6.32,0.59,64.89,70.09
STU_08897,13,Male,High School,3.15,3.52,4.92,2.03,85.81,90.69
STU_08898,19,Female,College,8.48,2.45,6.34,0.41,71.27,82.44
STU_08899,25,Female,University,7.03,1.84,8.38,1.45,74.45,97.74
STU_08900,20,Male,College,3.38,4.75,8.49,0.08,71.74,72.13
STU_08901,14,Male,High School,4.76,2.99,7.99,0,73.61,68.45
STU_08902,16,Female,High School,2.11,0.25,7.86,2.44,76.45,95.14
STU_08903,22,Male,University,6.88,3.15,6.76,2.8,79.02,87.39
STU_08904,19,Female,College,2.14,3.64,6.22,2.03,64.48,81.61
STU_08905,20,Male,College,5.76,5.55,8.08,0,67.38,99.12
STU_08906,13,Female,High School,9.32,3.02,6.04,0.5,63.56,95.22
STU_08907,16,Non-binary,High School,3.13,2.6,8.17,0.42,64.46,92.77
STU_08908,18,Male,College,5.61,3.43,5.97,1.13,75.51,80.23
STU_08909,15,Female,High School,1.01,0.6,8.03,0.01,82.07,87.45
STU_08910,17,Non-binary,High School,4.86,7.4,5.9,2.49,56.81,95.08
STU_08911,22,Non-binary,University,2.22,6.04,4.75,0.94,71.83,73.12
STU_08912,21,Male,College,5.36,4.24,5.37,1.88,79.63,95.47
STU_08913,23,Female,University,3.41,3.07,6.2,2.01,77.77,97.43
STU_08914,25,Male,University,2.27,0.02,8.99,1.06,67.81,98.78
STU_08915,15,Male,High School,4.41,2.55,5.26,0,67.09,78.56
STU_08916,17,Female,High School,0,3.4,5.98,3.27,78.5,98.76
STU_08917,20,Male,College,2.11,0.65,6.24,3.58,83.37,97.22
STU_08918,18,Female,College,10.68,1.52,7.21,0,59.71,83.2
STU_08919,16,Female,High School,4.18,1.63,6.54,0,81.19,92.62
STU_08920,20,Female,College,3.56,1.37,6.69,2.91,83.41,98.24
STU_08921,23,Female,University,5.68,5.53,7.07,0.8,66.87,79.81
STU_08922,15,Male,High School,7.4,2.2,8.17,0,75.7,83.78
STU_08923,15,Female,High School,8.88,4.93,8.04,0,66.65,97.81
STU_08924,16,Female,High School,4.63,1.62,8.51,2.17,80.12,91.26
STU_08925,21,Male,College,4.28,1.88,6.45,0.76,74.4,88.27
STU_08926,17,Male,High School,5.76,2.58,5.92,1.99,83.92,79.99
STU_08927,20,Female,College,4.94,2.87,6.29,0.67,63.49,89.73
STU_08928,18,Male,College,4.38,0.61,4.71,0,82.8,78.46
STU_08929,15,Female,High School,6.3,3.14,4.55,0.67,79.66,49.7
STU_08930,20,Female,College,6.26,0.5,7.26,0,73.24,81.16
STU_08931,24,Male,University,4.94,5.83,4.34,0.95,54.36,94.97
STU_08932,21,Female,College,10.82,1.54,4.47,0,59.13,83.52
STU_08933,20,Male,College,9.56,4.06,5.89,0,62.14,83.29
STU_08934,25,Female,University,6.18,1.49,5.15,2.18,84.32,92.08
STU_08935,16,Female,High School,7.69,4.78,5.2,0.75,52.06,82.53
STU_08936,25,Male,University,3.11,1.65,6.22,0,75.31,90.61
STU_08937,23,Female,University,4.87,2.4,3.63,0.84,79.73,74.9
STU_08938,18,Female,College,6.62,2.06,6.23,2.38,78.93,98.61
STU_08939,13,Male,High School,8.28,1.97,5.62,2.44,64.86,87.52
STU_08940,16,Non-binary,High School,2.21,0,6.89,1.85,58.25,89.93
STU_08941,20,Male,College,3.15,1.19,5.24,0.29,68.44,63.13
STU_08942,13,Female,High School,4.99,3.13,5.41,1.26,74.06,84.14
STU_08943,15,Male,High School,8.61,3.48,5.33,1.37,86.63,97.1
STU_08944,13,Female,High School,4.99,0.45,5.4,3.26,70.8,71.46
STU_08945,21,Female,College,7.68,1.32,5.59,0,39.28,89.16
STU_08946,14,Female,High School,4.4,2.36,9.57,0.5,71.26,85.73
STU_08947,21,Female,College,6.62,2.65,6.64,0.96,70.05,94.44
STU_08948,25,Female,University,2.07,3.19,6.34,0.33,78.24,88.07
STU_08949,16,Male,High School,2.91,4.38,6.5,0.9,78.13,86.06
STU_08950,14,Male,High School,4.17,3.11,8.03,0.52,81,81.87
STU_08951,16,Male,High School,1.8,0.69,6.41,2.89,73.74,98.13
STU_08952,24,Male,University,1.66,3.75,7.19,1.55,84.51,98.91
STU_08953,23,Male,University,3.66,4.27,8.13,1.44,83.3,99.02
STU_08954,23,Female,University,1.01,0,7.29,1.27,75.51,98.63
STU_08955,22,Non-binary,University,4.34,3.35,6.24,0.17,75.03,60.83
STU_08956,18,Male,College,5.34,4.87,8.02,2.52,73,96.3
STU_08957,23,Male,University,2.53,1.33,8.22,1.86,78.68,98.29
STU_08958,19,Male,College,3.74,3.76,7.2,1.57,85.26,98.14
STU_08959,15,Female,High School,3.67,1.24,6.7,2.47,81.05,99.9
STU_08960,15,Female,High School,8.47,1.97,4.64,0.29,63.37,79.04
STU_08961,24,Female,University,4.9,0.91,9.11,3.05,78.2,97.84
STU_08962,22,Female,University,10.14,3.62,6.94,0.25,63.83,85.37
STU_08963,24,Female,University,3.47,3.88,6.49,2.46,77.89,98.18
STU_08964,20,Male,College,3.46,3.26,8.09,0,74.33,94.26
STU_08965,17,Male,High School,7.38,3.57,7.25,0.84,75.68,90.14
STU_08966,16,Male,High School,0,3.8,6.39,2.78,78.26,95.47
STU_08967,19,Male,College,6.45,4.95,5.7,1.34,61.67,87.26
STU_08968,19,Female,College,4.27,1.46,7.65,2.93,71.66,98.51
STU_08969,25,Male,University,4.78,0,5.73,0.59,58.47,82.19
STU_08970,21,Male,College,3.66,1.76,7.6,1.91,81.75,99.8
STU_08971,21,Female,College,5.97,1.78,6.15,0,78.78,88.31
STU_08972,17,Male,High School,0,3.98,6.2,2.24,85.29,99.11
STU_08973,25,Male,University,2.64,0,5.98,1.18,82.1,96.8
STU_08974,24,Female,University,9.4,2.99,5.52,0,61.95,70.43
STU_08975,25,Female,University,4.66,4.92,6.68,1.26,77.1,78.04
STU_08976,20,Male,College,1.54,2.52,6.31,3.15,82.3,94.92
STU_08977,22,Female,University,4.65,3.53,6.02,1.07,85.45,75.78
STU_08978,13,Female,High School,6.37,1.22,6.64,1.43,66.2,68.41
STU_08979,21,Male,College,4.74,3.8,9.88,1.28,83.02,81.91
STU_08980,20,Female,College,4.22,2.34,7.03,1.18,79.81,86.98
STU_08981,18,Female,College,3.02,1.48,7.39,0.19,79.09,93.86
STU_08982,25,Non-binary,University,1.34,2.6,7.04,1.94,85.32,99.45
STU_08983,15,Non-binary,High School,0,4.01,9.63,0.47,85.81,95.28
STU_08984,15,Male,High School,2.42,2.3,4.54,3.52,63.53,91.99
STU_08985,20,Female,College,7.78,2.2,4.8,0,74.82,86.38
STU_08986,17,Male,High School,3.44,2.41,5.74,2.83,67.88,94.88
STU_08987,22,Male,University,4.09,2.99,7.65,0,79.62,97.64
STU_08988,23,Male,University,0.69,2.87,6.57,1.41,75.27,99.77
STU_08989,19,Female,College,4.52,2.85,7.5,0.54,81.89,76.33
STU_08990,17,Female,High School,3.49,0.3,3.87,0.22,68.63,84.75
STU_08991,20,Male,College,3.67,2.24,7.11,2.02,81.18,86.71
STU_08992,22,Female,University,3.01,4.77,5.09,2.02,76,95.22
STU_08993,22,Female,University,3.05,3.54,7.74,0,73.64,76.61
STU_08994,16,Female,High School,3.89,4.67,5.15,1.41,76.64,81.9
STU_08995,14,Male,High School,4.42,3.24,5.57,1.52,77.5,96.36
STU_08996,15,Female,High School,0,2.89,5.56,1.81,77.56,99.58
STU_08997,20,Female,College,0.3,5.09,5.61,1.25,80.69,82.03
STU_08998,23,Male,University,3.18,1.7,6.81,0.18,72.85,82.53
STU_08999,25,Male,University,6.81,1.6,5.88,2.59,74.81,89.92
STU_09000,19,Non-binary,College,0.96,5.62,5.91,1.7,85.74,98.3
STU_09001,25,Female,University,5.95,4.13,4.3,0,69.85,63.55
STU_09002,14,Female,High School,8.64,1.99,5.11,2.95,69.5,85
STU_09003,18,Male,College,3.83,1.36,8.06,0,81.78,82.68
STU_09004,21,Female,College,3.38,0.64,7.1,0,78.71,88.19
STU_09005,16,Male,High School,5.84,1.93,6.89,1.39,71.98,98.5
STU_09006,21,Male,College,4.77,4.16,8.03,0.65,67.3,94.67
STU_09007,14,Male,High School,2.94,0,8.14,1.48,84.32,98.94
STU_09008,14,Male,High School,5.18,4.47,7.77,0.57,64.48,87.87
STU_09009,21,Female,College,2.79,3.77,6.92,0.96,68.7,87.17
STU_09010,24,Non-binary,University,7.94,0.64,5.54,0,69.43,64.45
STU_09011,19,Male,College,3.96,2.61,6.76,1.46,69.9,85.79
STU_09012,19,Female,College,5.56,1.59,6.64,0,70.17,86.8
STU_09013,13,Male,High School,8.66,0.87,3.7,1.08,67.43,95.78
STU_09014,25,Male,University,4.05,3.02,6.18,2.17,85.84,98.58
STU_09015,23,Non-binary,University,2.62,3.47,8.05,2.04,79.15,91.56
STU_09016,18,Male,College,3.07,3.88,4.26,1.07,33.07,92.63
STU_09017,25,Male,University,4.49,0,4.72,0,62.38,86.04
STU_09018,19,Male,College,4.14,1.7,5.45,0.13,65.21,79.33
STU_09019,23,Female,University,4.05,3.62,5.78,0.53,75.54,92.47
STU_09020,18,Male,College,5.37,4.25,6.03,2.65,83.22,91.98
STU_09021,18,Male,College,4.8,2.95,8.7,0.77,78.93,83.02
STU_09022,14,Female,High School,3.34,4.45,7.41,0,79.33,82.28
STU_09023,18,Male,College,4.53,2.85,6.84,0.08,63.23,75.6
STU_09024,16,Male,High School,2.78,3.45,6.52,2.44,67.45,99.03
STU_09025,21,Male,College,3.29,1,6.8,1.74,75.36,83.81
STU_09026,24,Male,University,0,3.81,8.19,2.75,83.42,98.03
STU_09027,13,Female,High School,2.42,0.15,8.56,0.24,82.02,98.32
STU_09028,25,Female,University,6.54,0.66,5.57,0.93,56.43,99.2
STU_09029,20,Female,College,6.07,1.12,6.98,0,71.61,90.17
STU_09030,17,Male,High School,6.33,5.52,6.19,0.45,49.56,84.47
STU_09031,13,Male,High School,5.56,1.86,7.78,3.65,82.18,98.85
STU_09032,16,Male,High School,3.29,3.31,8.41,1.39,76.35,92.03
STU_09033,13,Male,High School,1.34,3.51,7.38,2.57,80.76,96.37
STU_09034,18,Male,College,3.71,3.45,6.4,0.52,86.27,90.29
STU_09035,14,Male,High School,0,0.68,5.54,1.06,69.59,86.52
STU_09036,17,Male,High School,7.36,3.16,4.73,1.53,72.76,95.81
STU_09037,19,Female,College,5.01,0.75,6.93,3.45,83.01,86.28
STU_09038,14,Male,High School,6.64,0,7.93,0.34,76.33,71.46
STU_09039,18,Male,College,3.22,5.56,8.49,3.07,82.31,88.14
STU_09040,18,Male,College,0.48,2.05,4.59,3.59,86.19,89.05
STU_09041,17,Male,High School,4.96,2.14,6.01,0.39,61.56,88.14
STU_09042,17,Female,High School,4.93,4.42,6.6,0.54,61.63,83.03
STU_09043,15,Male,High School,4.16,4.01,7.52,1.08,84.14,83.17
STU_09044,22,Male,University,5.21,1.47,6.09,0.49,71.25,93.57
STU_09045,22,Male,University,3.31,3.15,6.33,1.77,72.73,80.51
STU_09046,23,Male,University,5,3.56,6.59,0,67.26,84.09
STU_09047,24,Female,University,5.67,0.28,4.35,0,61.11,67.76
STU_09048,14,Non-binary,High School,8.69,1.3,5.6,1.71,76.31,91.83
STU_09049,19,Male,College,6.41,2.06,5.8,3.55,81.32,97.75
STU_09050,13,Female,High School,1.4,2.71,7.45,2.64,69.02,99.25
STU_09051,18,Male,College,3.53,5.02,7,0,71.06,89.69
STU_09052,18,Male,College,2.36,1.44,6.23,0.13,63.48,98.08
STU_09053,15,Male,High School,7.93,5.33,5.76,0.29,70.69,78.45
STU_09054,14,Female,High School,3.27,3.53,6.74,0,52.98,78.92
STU_09055,24,Male,University,3.84,0,6.58,0,82.17,82.37
STU_09056,14,Non-binary,High School,4.22,3.26,7.77,1.82,86,86.26
STU_09057,25,Male,University,5.51,5.29,5.93,0,66.19,78.19
STU_09058,21,Male,College,1.53,2.33,9.61,0.86,72.88,98.17
STU_09059,23,Female,University,4.47,1.36,5.73,0,60.08,96.88
STU_09060,17,Female,High School,6.85,1.66,7.21,1.96,71.96,87.37
STU_09061,19,Female,College,3.68,3.57,7.9,0.81,76.89,97.66
STU_09062,24,Female,University,9.07,0.2,4.77,0,61.34,70.27
STU_09063,17,Male,High School,2.29,5.86,7.18,3.44,83.46,98.59
STU_09064,19,Male,College,3.24,4.69,8.21,1.12,66.19,88.11
STU_09065,25,Male,University,6.44,3.95,6.85,0.34,74.44,99.11
STU_09066,16,Male,High School,4.58,0.62,4.02,1.12,62.12,76.76
STU_09067,20,Female,College,3.93,5.35,7.37,2.37,75.72,98.26
STU_09068,25,Female,University,1.7,5,7.32,2.25,89.73,95.1
STU_09069,23,Female,University,3.04,5.34,7.13,1.62,71.04,96.21
STU_09070,22,Male,University,9.08,3.32,5.48,0.13,64.7,71.42
STU_09071,25,Female,University,5.3,2.8,5.26,0,55.94,97.29
STU_09072,23,Female,University,5.94,3.27,8.26,2.95,72.9,99.15
STU_09073,22,Male,University,2.94,3.65,8.19,2.05,82.1,99.09
STU_09074,19,Male,College,4.99,5.1,7.75,2.21,64.75,89.54
STU_09075,22,Female,University,3.81,0.34,6.62,3.01,84.94,96.49
STU_09076,17,Female,High School,1.38,3.21,7.28,1.87,71.51,98.39
STU_09077,23,Non-binary,University,2.66,3.72,7.49,3.71,81.39,99.69
STU_09078,18,Male,College,3.2,4.68,6.84,0,85.44,93.79
STU_09079,17,Male,High School,9.74,2.26,5.97,0.65,60.7,84.85
STU_09080,19,Male,College,9.18,2.96,6.81,0.09,64.93,73.27
STU_09081,24,Male,University,0.32,2.59,6.33,2.41,80.42,83.55
STU_09082,14,Female,High School,2.43,3.34,8.62,0,82.79,87.2
STU_09083,17,Male,High School,4.04,1.79,6.78,0,65.47,80.93
STU_09084,22,Female,University,4.57,3.98,5.48,0,70.09,84.43
STU_09085,15,Female,High School,4.17,3.52,5.49,0,61.3,83.2
STU_09086,21,Male,College,9.12,0.2,4.09,0.02,66.22,73.59
STU_09087,25,Male,University,3.32,0.7,7.59,1.78,87.93,92.48
STU_09088,18,Female,College,9.04,2.48,4.99,0.01,62.06,77.97
STU_09089,25,Female,University,6.9,8.36,5.76,0.36,60.37,84.28
STU_09090,22,Male,University,4.34,2.3,6.91,1.47,67.23,99.7
STU_09091,15,Male,High School,2.89,0.96,3.75,3.94,79.08,97.65
STU_09092,19,Female,College,2.85,1.52,6.61,1.22,75.04,97.75
STU_09093,16,Female,High School,9.36,3.71,8.16,0.36,78.74,86.08
STU_09094,15,Male,High School,6.3,5.68,6.81,1.66,62.3,81.04
STU_09095,20,Female,College,5.24,1.63,6.9,2.12,78.75,99.72
STU_09096,25,Female,University,0,3.14,6.74,0.64,69.3,98.42
STU_09097,16,Male,High School,3.26,1.82,3.41,0,69.88,83.28
STU_09098,23,Female,University,3.58,3.93,6.69,0.73,79.39,98.79
STU_09099,13,Male,High School,5.04,1.82,6.82,3.41,76.46,98.54
STU_09100,18,Male,College,4.16,4.18,5.28,0,80.2,77.75
STU_09101,22,Male,University,3.54,0,5.91,2.07,76.5,97.6
STU_09102,23,Male,University,5.3,3.91,5.67,2.57,79.66,68.28
STU_09103,23,Female,University,6.75,2.29,6.52,2.03,75.37,85.59
STU_09104,13,Female,High School,3.01,3.67,4.71,1.17,61.93,90.12
STU_09105,17,Male,High School,2.02,2.53,4.62,0,71.27,77.65
STU_09106,19,Male,College,3.09,0.4,7.86,1.15,72.8,88.08
STU_09107,18,Female,College,2.1,2.88,6.26,0,67.26,90.7
STU_09108,14,Male,High School,3.83,3.97,8.04,0.52,72.12,74.58
STU_09109,23,Male,University,9.51,2.98,4.51,0.59,57.49,84.44
STU_09110,16,Female,High School,3.65,0,6.74,1.11,71.88,98.97
STU_09111,23,Female,University,1.75,2.9,8.3,0.9,70.21,92.02
STU_09112,14,Male,High School,3.39,3.43,8.1,0,80.33,77.25
STU_09113,23,Female,University,8.4,1.77,6.14,0.52,53.07,74.41
STU_09114,13,Male,High School,3.8,0,5.52,0.99,78.33,99.45
STU_09115,15,Female,High School,2.48,1.63,4.75,1.84,76.9,87.92
STU_09116,15,Female,High School,0.17,0.23,7.33,1.18,85.35,93.45
STU_09117,24,Female,University,3.67,2.32,7.8,0.24,55.26,73.47
STU_09118,19,Female,College,0.88,0.25,6.39,2.35,79.58,96.9
STU_09119,13,Male,High School,5.04,0.18,7.63,2.35,78.61,87.62
STU_09120,21,Male,College,3.45,3.89,4.63,1.6,75.04,67.68
STU_09121,23,Male,University,0,2.79,7.25,1.08,76.54,91.4
STU_09122,18,Female,College,8.66,3.39,6.87,1.61,64.09,91.29
STU_09123,16,Female,High School,9.84,1.47,7.03,1.35,79.03,84.53
STU_09124,15,Female,High School,5.14,1.64,6.89,0.48,63.17,76.34
STU_09125,15,Female,High School,8.34,1.35,5.58,1.14,63.32,70.22
STU_09126,14,Male,High School,5.07,1.59,5.76,0.09,51.21,83.46
STU_09127,14,Male,High School,0,1.67,5.34,1.9,74.65,97.74
STU_09128,24,Male,University,3.86,0.71,6.23,0.14,76.15,99.73
STU_09129,25,Male,University,2.92,1.22,8.72,0.49,84.89,76.57
STU_09130,22,Male,University,0.76,2.85,6.86,1.64,72.47,91.78
STU_09131,17,Female,High School,4.5,0.7,6.84,1.89,65.75,98.15
STU_09132,21,Male,College,2.64,3.09,7.12,1.05,67.84,90.54
STU_09133,14,Female,High School,4.97,0,6.32,1.3,77.87,98.28
STU_09134,14,Female,High School,6.33,3.05,7.28,0,70.18,78.03
STU_09135,24,Male,University,8.75,2.36,6.15,1.67,71.09,94.57
STU_09136,18,Female,College,4.42,3.08,6.31,0.83,51.4,75.29
STU_09137,25,Male,University,1.69,3.08,6.06,0,78.35,99.69
STU_09138,22,Male,University,3.16,0.66,7.87,2.63,80.23,99.84
STU_09139,14,Male,High School,3.45,2.6,6.95,1.58,86.16,98.96
STU_09140,24,Male,University,10.25,0.47,5.93,1.64,64.86,81.35
STU_09141,16,Female,High School,4.23,1.76,6.63,0.91,73.45,87.37
STU_09142,18,Female,College,5.77,4.19,6.76,1.48,73.73,80.25
STU_09143,17,Male,High School,7.22,0.73,5.16,1.49,61.13,78.77
STU_09144,13,Male,High School,7.94,2.4,4.82,0.02,64.87,92.13
STU_09145,18,Male,College,5.01,1.04,7.07,0,65.99,81.12
STU_09146,13,Female,High School,3.63,3.05,7.6,0,58.17,64.13
STU_09147,15,Male,High School,3.27,4.16,4.77,0,70.26,88.28
STU_09148,22,Female,University,1.29,1.66,7.92,1.61,79.65,98.85
STU_09149,17,Female,High School,6.72,2.89,7.75,0.82,74.09,91.22
STU_09150,22,Male,University,11.35,2.1,3.07,0,55.7,65.69
STU_09151,25,Non-binary,University,7.88,0.74,5.45,3.66,73.63,98.62
STU_09152,17,Male,High School,4.55,3.14,6.54,0.35,62.71,88.04
STU_09153,25,Non-binary,University,1.29,3.37,9.89,0.26,64.37,87.5
STU_09154,22,Male,University,3.11,0.72,6.61,0,83.77,83.08
STU_09155,18,Male,College,5.51,4.05,5.79,1.28,62.26,93.3
STU_09156,24,Female,University,3.65,4.79,6.84,0.56,63.28,94.4
STU_09157,22,Female,University,4.18,0.9,5.75,0.46,72.81,80.53
STU_09158,20,Female,College,5.46,4.98,6.18,1.06,81.29,99.29
STU_09159,17,Male,High School,5.03,2.51,6.31,0,76.16,85.29
STU_09160,23,Female,University,10.31,2.38,7.31,0.72,69.88,81.52
STU_09161,13,Male,High School,10.19,5.49,5.4,0.08,52.43,71.07
STU_09162,17,Male,High School,3.73,4.01,9.4,1.9,79.62,98.4
STU_09163,15,Male,High School,7.08,1.38,4.71,0.99,67.6,98.33
STU_09164,16,Female,High School,1.02,1.59,6.99,0.41,68,79.93
STU_09165,25,Female,University,6.85,3.09,6.21,1.05,68.37,72.39
STU_09166,20,Male,College,5.71,3.07,6.43,0,53.83,76.71
STU_09167,19,Male,College,2.25,2.43,5.26,1.78,68.85,98.26
STU_09168,23,Male,University,7.38,1.23,6.65,2.16,73.94,93.2
STU_09169,17,Male,High School,1.94,1.52,5.04,1.33,86.04,81.69
STU_09170,14,Male,High School,4.17,2.46,5.36,1.58,78.97,86.39
STU_09171,18,Female,College,4.86,0,5.9,0,71.85,85.93
STU_09172,23,Female,University,0.28,3.4,7.85,0,72.77,98.85
STU_09173,18,Female,College,4.9,2.96,7.29,0,74.88,97.56
STU_09174,22,Male,University,2.25,0.82,7.42,0,69.93,84.97
STU_09175,22,Male,University,3.47,3.37,6.09,1.42,82.67,92.65
STU_09176,23,Female,University,4.26,0,8.03,3.04,65.2,90.99
STU_09177,18,Female,College,0.26,3.16,6.67,1.18,78.29,93.27
STU_09178,21,Female,College,3.23,4.12,5.4,0.18,62.54,83.48
STU_09179,23,Female,University,4.06,3.21,7.55,0.24,61.02,82.44
STU_09180,20,Female,College,3.58,3.58,3.84,0,60.79,60.29
STU_09181,20,Male,College,2.12,3.7,6.83,1.6,58.92,96.42
STU_09182,13,Male,High School,1.11,3.21,6.27,2.91,80.77,98.17
STU_09183,17,Female,High School,1.95,2.4,7.69,1.54,82.8,88.29
STU_09184,19,Female,College,0,1.93,7.48,4.84,86.13,99.14
STU_09185,18,Male,College,2.38,4.56,6.57,2.12,89.04,96.19
STU_09186,17,Male,High School,7.57,3.59,4.44,0,63.34,87.25
STU_09187,20,Female,College,0.64,4.63,7.02,1.66,85.12,99.87
STU_09188,15,Female,High School,6.77,4.28,6.44,0,61.11,88.51
STU_09189,18,Male,College,1.14,0.39,6.83,0.61,73.08,98.25
STU_09190,17,Male,High School,5.76,1.3,6.45,0.93,74,85.97
STU_09191,20,Male,College,11.08,0,6.72,2.96,72.89,94.76
STU_09192,16,Female,High School,5.98,0,5.89,0,71.19,73.35
STU_09193,20,Male,College,4.02,0,5.15,0.9,67.62,71.33
STU_09194,22,Female,University,4.1,0,7.86,0.6,70.07,85.46
STU_09195,14,Female,High School,6.72,2.07,6.87,1.69,71.05,95.98
STU_09196,21,Male,College,5.48,4.61,7.07,1.22,77.58,66.24
STU_09197,25,Female,University,5.16,3.14,5.68,1.11,60.4,67.53
STU_09198,21,Male,College,3.33,3.75,6.63,1.85,81.01,92.24
STU_09199,22,Female,University,5.33,2.6,6.77,1.2,75.88,98.57
STU_09200,22,Female,University,0.02,2.76,8.01,1.41,84.47,86.54
STU_09201,25,Male,University,3,3.9,7.15,0,81.21,97.68
STU_09202,18,Male,College,8.97,2.21,5.24,0.93,76.73,84.57
STU_09203,16,Female,High School,6.68,2.73,6.29,0,74.25,76.34
STU_09204,16,Male,High School,4.18,1.77,5.24,0,71.18,74.27
STU_09205,25,Female,University,1.77,0.31,7.39,0.44,71.59,81.26
STU_09206,18,Male,College,9.54,2.27,7.96,0.42,55.95,81.78
STU_09207,17,Female,High School,2.94,0.38,4.85,3.34,83.24,97.16
STU_09208,18,Female,College,2.11,4.08,6.5,0,69.96,91.53
STU_09209,19,Female,College,4.93,3.38,6.14,1.68,75.24,92.09
STU_09210,19,Male,College,3.15,5.18,6.69,2.65,66.69,95.86
STU_09211,21,Male,College,0,1.09,6.97,3.28,89.5,99.31
STU_09212,20,Male,College,0.9,0.03,5.91,1.12,84.76,94.4
STU_09213,25,Male,University,4.01,0,7.3,1.17,74.76,93.6
STU_09214,18,Female,College,1.68,5.33,7.5,2.35,83.43,92.98
STU_09215,24,Female,University,0.62,1.79,8.81,0.7,81.08,99.07
STU_09216,18,Male,College,0.84,0,7.88,0,83.82,81.67
STU_09217,17,Female,High School,4.04,3.35,7.72,3.41,80.06,89.2
STU_09218,13,Male,High School,4.18,1.9,5.63,0,45.5,70.51
STU_09219,21,Male,College,6.6,0.8,5.66,3.25,66.09,88.97
STU_09220,21,Female,College,1.49,5.18,4.45,0,69.1,85.28
STU_09221,21,Female,College,4.04,2.25,7.7,1.06,57.43,88.18
STU_09222,23,Female,University,2.82,3.52,6.52,0.84,63.46,77.11
STU_09223,20,Male,College,5.88,3.28,6.65,0.13,79.5,99.89
STU_09224,25,Male,University,4.54,7.39,7.04,1.53,66.13,96.48
STU_09225,22,Male,University,5.36,2.14,7.66,1.91,69.37,86.07
STU_09226,25,Female,University,7.58,0.7,5.65,0,66.8,58.32
STU_09227,15,Female,High School,5,1.28,5.8,0,83.99,75.1
STU_09228,13,Male,High School,7.24,4.28,5.46,2.48,72.54,88.69
STU_09229,23,Female,University,1.23,2.95,5.74,0.49,75.48,87.51
STU_09230,24,Male,University,0.85,1.65,7.38,0,79.72,96.01
STU_09231,24,Female,University,7.81,3.12,7.26,0.45,67.59,93.64
STU_09232,20,Male,College,5.2,4.89,4.02,1.35,76.89,54.11
STU_09233,19,Male,College,5.99,5.49,5.58,1.96,64.06,88.45
STU_09234,25,Male,University,7.42,3.16,4.45,0,67.9,92.37
STU_09235,17,Male,High School,2.61,4.54,5.64,1.07,54.31,81.34
STU_09236,22,Female,University,2.96,0,6.49,2.56,84.83,97.91
STU_09237,19,Female,College,6.55,3.62,7.66,0,72.57,67.42
STU_09238,22,Female,University,3.64,2.18,8.75,0,77.24,88.05
STU_09239,16,Female,High School,3.11,0.43,7.88,1.34,73.69,99.44
STU_09240,21,Male,College,1.33,0.82,7.34,0.71,77.99,73.6
STU_09241,23,Female,University,6.73,1.03,6.54,1.48,79.37,98.29
STU_09242,22,Female,University,3.14,3.03,7.63,1.68,75.55,84.54
STU_09243,14,Male,High School,6.7,0.51,7.4,0,67.5,85.45
STU_09244,21,Male,College,5.74,3.78,7.01,0.02,77.32,84.43
STU_09245,21,Female,College,7.98,4.24,7.09,0.97,70.44,82.07
STU_09246,17,Male,High School,0.27,2.29,6.45,0.15,70.75,94.13
STU_09247,23,Female,University,0,2.13,7.08,2.02,77.46,99.44
STU_09248,13,Male,High School,8.89,2.78,6.77,0,53.3,71.86
STU_09249,19,Female,College,7.03,1.61,5.72,0.18,73.45,96.18
STU_09250,22,Female,University,1.94,5.13,9.39,2.18,79.08,98.43
STU_09251,22,Male,University,2.45,0,7.94,2.25,83.82,97.57
STU_09252,16,Male,High School,4.62,1.8,6.14,2.68,86.76,99.31
STU_09253,21,Male,College,3.99,0,8.94,0.19,80.33,98.63
STU_09254,18,Male,College,2.84,3.54,7.66,0.52,85.7,94.81
STU_09255,25,Female,University,2.38,2.88,5.97,1,65.64,96.72
STU_09256,15,Male,High School,3.3,3.86,6.87,1.63,70.41,96.94
STU_09257,18,Female,College,5.73,2.79,5.4,0.76,56.27,97.67
STU_09258,25,Male,University,4.54,3.21,7.01,0.49,66.94,85.58
STU_09259,22,Female,University,3.27,0.93,5.64,1.46,67.3,90.83
STU_09260,18,Female,College,2.83,2.77,6.96,2.3,68.05,89.51
STU_09261,17,Male,High School,9.86,1.09,5.83,0,69.15,81.89
STU_09262,14,Female,High School,3.06,3.6,7.23,2.11,78.37,84.65
STU_09263,22,Female,University,5.8,0.79,7.28,2.8,86.23,69.82
STU_09264,22,Male,University,10.66,1.57,6.46,0.61,65.25,98.66
STU_09265,14,Female,High School,6.23,2.35,6.54,2.7,80.57,93.68
STU_09266,19,Male,College,5.68,5.26,4.91,0.02,76.38,82.06
STU_09267,14,Male,High School,7.59,2.56,6.35,0,47.15,94.61
STU_09268,24,Female,University,7.98,6.14,5.32,1.94,71.44,85.17
STU_09269,18,Female,College,4.43,4.99,8.25,3.01,74.61,98.16
STU_09270,17,Female,High School,1.18,1.95,7.97,0.72,81.52,88.8
STU_09271,16,Male,High School,4.11,3.23,4.48,1.73,82.11,93.76
STU_09272,19,Female,College,5.95,3.5,6.55,1.38,81.65,88.29
STU_09273,20,Female,College,3.64,0,9.89,0,80.3,92.56
STU_09274,16,Female,High School,3.92,0,5.82,3.11,74.7,97.03
STU_09275,13,Male,High School,8.55,3.31,6.57,0.18,52.47,99.82
STU_09276,13,Female,High School,6.46,3.42,5.68,2.56,83.22,96.48
STU_09277,13,Female,High School,5.98,2.77,8.27,2.76,67.38,86.54
STU_09278,23,Male,University,1.91,0.49,6.37,1.97,75.81,91.02
STU_09279,13,Non-binary,High School,3.89,6.84,6.09,0.17,59.91,85.82
STU_09280,17,Male,High School,5.46,3.52,7.08,2.5,79.93,99.24
STU_09281,16,Male,High School,6.13,4.34,4.55,1.42,69.94,82.45
STU_09282,25,Female,University,8.47,4.18,5.62,0,75.12,81.89
STU_09283,21,Non-binary,College,6.17,2.77,6.94,0,62.21,83.5
STU_09284,15,Male,High School,3.15,2.65,4.03,0,71.28,66.21
STU_09285,19,Male,College,9.2,4.13,6.73,0,74.51,80.67
STU_09286,23,Female,University,3.81,1.56,5.42,0.71,67.31,66.73
STU_09287,20,Female,College,6.79,4.25,4.63,0.47,53.68,77.77
STU_09288,18,Female,College,3.06,2.82,8.29,0,70.53,74.32
STU_09289,24,Female,University,2.56,3.57,6.04,0.67,85.93,96.6
STU_09290,25,Female,University,1.11,2.82,4.93,1.24,81.06,94.57
STU_09291,22,Male,University,1.29,0.9,7.48,2.81,77.14,98.25
STU_09292,25,Non-binary,University,3.31,2.2,8.02,0.37,71.74,98.97
STU_09293,13,Male,High School,7.77,4.7,4.86,1.59,63.32,87.58
STU_09294,20,Female,College,5.16,3.66,6.73,1.34,80.43,94.25
STU_09295,22,Male,University,0.06,4.49,7.05,2.34,76.46,99.01
STU_09296,15,Male,High School,6.58,4.19,4.83,0.52,60.8,84.95
STU_09297,20,Female,College,4.49,1.47,5.63,1.24,71.89,85.62
STU_09298,24,Non-binary,University,8.29,0,7.01,0.74,70.75,83.63
STU_09299,16,Female,High School,3.27,4.03,7.61,2.73,82.07,99.25
STU_09300,20,Female,College,2.24,2.19,7.06,0.99,73.02,89.28
STU_09301,23,Male,University,8.83,3.74,2.29,0,66.02,66.31
STU_09302,13,Female,High School,7.01,5.02,8.27,1.69,74.34,97.93
STU_09303,15,Male,High School,0.23,1.86,9.32,2.07,79.01,99.33
STU_09304,18,Male,College,5.4,1.13,7.48,1.62,73.34,99.81
STU_09305,21,Male,College,0.23,0.66,6.15,1.46,78.55,99.12
STU_09306,14,Female,High School,6.89,2.46,4.72,3.1,72.57,83.35
STU_09307,23,Non-binary,University,1.72,0,7.18,1.54,77.86,87.45
STU_09308,13,Female,High School,1.37,3.13,6.24,2.29,78.91,76.89
STU_09309,22,Male,University,7.97,3.22,7.36,1.25,81.68,76.22
STU_09310,15,Male,High School,5.53,3.21,7.55,0,80.6,72.65
STU_09311,16,Female,High School,6.34,0,4.76,3.25,79.6,87.19
STU_09312,23,Male,University,3.29,4.64,7.96,2.46,80.85,86.6
STU_09313,17,Male,High School,4.3,2.73,6.31,1.51,60.99,86.49
STU_09314,15,Female,High School,8.42,1.69,5.25,0.07,68.85,92.16
STU_09315,25,Non-binary,University,5.3,3.67,6.27,3.07,88.34,98.55
STU_09316,22,Male,University,10.33,3.65,4.15,0,53.65,85.95
STU_09317,23,Male,University,4.01,0.44,8.33,0.9,59.1,99.44
STU_09318,14,Female,High School,6.9,2.41,6.02,1.67,61.85,95.04
STU_09319,14,Female,High School,7.27,1.42,7.57,2.74,73.01,91.67
STU_09320,19,Female,College,4.99,1.75,7.87,1.45,79.43,97.76
STU_09321,21,Male,College,7.91,3.44,5.3,0.47,67.91,82.91
STU_09322,22,Male,University,3.16,0.93,7.07,0.22,74.91,69.75
STU_09323,14,Non-binary,High School,6.66,3.5,5.26,1.07,61.52,71.24
STU_09324,19,Male,College,1.9,0.83,8.69,1.23,73.07,86.93
STU_09325,19,Female,College,1.34,4.67,6.23,0.52,69.12,86.11
STU_09326,23,Male,University,4.6,1.33,7.47,2.42,81.17,68.42
STU_09327,19,Female,College,4.18,6.63,7.41,1.07,73.43,97.86
STU_09328,15,Female,High School,1.73,3.96,8.81,0.88,79.5,88.68
STU_09329,24,Female,University,6.41,2.15,7.61,0.19,76.16,88.02
STU_09330,19,Female,College,8.4,0.79,5.82,0,63.34,74.46
STU_09331,13,Male,High School,3.69,3.44,8.35,2.55,86.19,99.27
STU_09332,22,Non-binary,University,7.1,4.33,7.28,2.15,87.01,80.21
STU_09333,13,Male,High School,2.91,3.62,5,2.32,54.86,98.04
STU_09334,17,Male,High School,4,1.46,8.07,1.86,81.41,89.89
STU_09335,14,Male,High School,4.38,5.07,6.87,1.79,58.95,88.66
STU_09336,21,Female,College,6.58,3.02,6.05,2.45,72.85,97.83
STU_09337,19,Female,College,4.3,1.33,6.58,0.37,83.93,80.23
STU_09338,16,Male,High School,0,6.49,6.82,0.04,72.51,97.17
STU_09339,16,Female,High School,7.5,3.67,5.57,2.87,71.83,82.72
STU_09340,14,Female,High School,4.78,3.23,6.96,0.28,77.09,75.21
STU_09341,17,Female,High School,0,1.63,8.63,3.5,79.92,90.36
STU_09342,16,Female,High School,8.05,2.44,4.78,1.16,65.12,66.07
STU_09343,24,Female,University,8.18,1.04,3.92,0.29,65.74,83.18
STU_09344,25,Female,University,1.8,2.83,7,0.64,80.71,85.74
STU_09345,13,Male,High School,0.95,3.49,8.22,1.57,66.29,98.23
STU_09346,24,Male,University,7.36,0,7.25,0.15,76.1,88.63
STU_09347,20,Non-binary,College,7.36,0.18,5.82,0.97,64.82,95.05
STU_09348,15,Male,High School,5.7,0.86,6.27,1.67,74.16,73.34
STU_09349,18,Male,College,3.39,0,4.71,1.88,72.07,91.67
STU_09350,16,Female,High School,2.52,1.01,8.66,0,81.22,76.56
STU_09351,21,Male,College,6,5.15,5.54,1.94,60.67,87.88
STU_09352,19,Female,College,2.9,4.55,6.77,3.4,73.61,98.01
STU_09353,21,Female,College,2.91,1.38,6.58,2.58,67.07,95.55
STU_09354,22,Non-binary,University,6.46,3.5,5.16,0.47,60.19,99
STU_09355,15,Male,High School,6.96,0.43,5.71,1.3,56.68,88.4
STU_09356,13,Male,High School,8.25,6.02,5.09,0.83,63.32,83.38
STU_09357,17,Female,High School,0,2.15,6.51,0.57,72.92,91.36
STU_09358,15,Male,High School,3.25,0,7.86,0.37,72.74,97.93
STU_09359,18,Female,College,3.65,6.52,7.19,1,77.13,89.19
STU_09360,20,Female,College,4.45,1.96,6.34,0.28,58.17,99.68
STU_09361,23,Male,University,1.32,6.16,6.84,2.21,77.89,99.72
STU_09362,25,Female,University,5.92,4.15,7.98,0.41,56.69,95.27
STU_09363,16,Female,High School,9.22,3.03,3.91,0,57.35,54.32
STU_09364,17,Male,High School,1.52,0,9.12,1.42,79.75,82.13
STU_09365,17,Male,High School,4.97,2.7,8.41,2.75,71.96,86.34
STU_09366,16,Male,High School,7.64,0,7.3,0,74.67,83.5
STU_09367,16,Male,High School,3.91,1.9,7.25,0,78.67,77.43
STU_09368,16,Female,High School,2.67,2.79,7.35,1.04,54.51,78.17
STU_09369,16,Male,High School,4.95,4.89,4.51,1.64,75.73,86.4
STU_09370,16,Male,High School,6.33,1.41,7.11,0,73.47,82
STU_09371,17,Female,High School,1.34,6.38,7.98,1.64,64.45,97.07
STU_09372,14,Female,High School,7.09,0,4.94,0.72,77.76,82.7
STU_09373,14,Male,High School,3.97,1.03,5.6,1.21,70.85,87.32
STU_09374,21,Female,College,2.83,2.82,8.55,1.57,83.2,99.22
STU_09375,14,Male,High School,0.67,0,7.12,1.87,82.76,99.56
STU_09376,18,Female,College,2.87,0.38,8.13,0.4,79.34,98.74
STU_09377,14,Female,High School,2.98,3.34,5.54,2.84,57.56,89.05
STU_09378,17,Female,High School,1.51,4.18,7.66,1.83,75.59,99.09
STU_09379,16,Female,High School,5.68,0.74,7.35,1.62,62.1,67.9
STU_09380,24,Female,University,4.87,1.55,4.13,3.86,75.93,99.09
STU_09381,19,Female,College,6.95,3.41,7.04,2.98,69.52,98.27
STU_09382,19,Female,College,6.29,0,5.91,1.21,74.1,97.03
STU_09383,25,Male,University,2.9,2.17,7.25,1.08,87.52,88.49
STU_09384,18,Male,College,3.71,2.08,6.44,1.47,73.06,83.76
STU_09385,22,Female,University,2.64,5.68,7.71,0,69.03,67.12
STU_09386,17,Female,High School,0.51,3.46,8.42,2.67,88.83,93.01
STU_09387,13,Female,High School,5.46,2.53,8.14,0.07,67.65,81.19
STU_09388,24,Female,University,4.91,3.88,7.91,1.26,80.21,92.64
STU_09389,15,Female,High School,2.98,2.9,8.04,2.45,86.1,88.21
STU_09390,21,Male,College,6.51,0.82,6.28,1.23,64.51,85.98
STU_09391,13,Male,High School,3.65,3.79,6.37,0.15,65.44,83.02
STU_09392,17,Female,High School,7.58,4.05,5.39,0,63.19,75.84
STU_09393,14,Female,High School,4.11,1.92,5.79,0.66,79.54,87.31
STU_09394,16,Female,High School,1.26,2.86,5.15,1.01,65.83,97.85
STU_09395,23,Female,University,8.31,6.02,6.38,1.09,52.37,89.32
STU_09396,13,Female,High School,5.41,2.87,6.37,0.43,83.04,93.27
STU_09397,15,Female,High School,2.13,2.13,7.19,0.65,81.16,88.9
STU_09398,22,Male,University,3.49,0.69,7.75,0,83.86,77.48
STU_09399,19,Female,College,2.43,0.88,7.1,2.68,71.39,98.14
STU_09400,22,Male,University,6.98,2.67,5.75,0,43.39,87.22
STU_09401,15,Female,High School,0,1.37,7.13,2.86,80.31,97.38
STU_09402,16,Male,High School,5.2,3.58,5.65,2.58,67.77,90.49
STU_09403,14,Male,High School,0.21,1.74,8.52,2.03,85.35,91.02
STU_09404,15,Male,High School,0,7.66,5.12,3.25,78.93,98.23
STU_09405,21,Male,College,5.53,2.92,6.91,0.86,75.2,98.81
STU_09406,15,Male,High School,1.47,0,7.41,0.33,66.3,92.09
STU_09407,23,Non-binary,University,6.24,2.84,4.65,0,46.91,72.99
STU_09408,17,Male,High School,6.91,1.83,6.06,0,59.36,67.39
STU_09409,14,Female,High School,3.38,3.79,7.37,0.68,72.2,94.77
STU_09410,16,Female,High School,5.72,2.51,6.16,0.55,41.96,79.81
STU_09411,24,Male,University,8.18,3.25,5.02,1.42,64.94,82.31
STU_09412,25,Male,University,2.1,7.38,6.51,1.29,61.44,77.26
STU_09413,19,Male,College,6.65,2.12,4.56,0.85,83.35,83.63
STU_09414,19,Female,College,2.56,3.83,6.06,1.66,82.74,93.8
STU_09415,24,Male,University,4.51,4.49,5.01,0,59.44,76.6
STU_09416,15,Male,High School,2.94,3.06,7.05,2.28,74.96,96.16
STU_09417,17,Male,High School,3.04,0,8.34,0,75.21,95.74
STU_09418,13,Female,High School,3.6,3.9,7.09,1.41,78.97,98.03
STU_09419,22,Female,University,3,0,9.1,0,84.05,89.1
STU_09420,22,Male,University,4.17,5.57,7.58,4.47,82.53,99.56
STU_09421,22,Female,University,7.42,0.15,5.32,1.42,49.12,80.52
STU_09422,23,Male,University,1.06,6.03,6.5,1.98,76.65,82.09
STU_09423,13,Male,High School,5.57,2.65,6.88,0.41,81.05,88.81
STU_09424,17,Male,High School,1.8,4.07,5.95,1.2,58.42,80.54
STU_09425,25,Female,University,1.96,3.42,7.43,1.17,85.91,98.48
STU_09426,22,Female,University,0,4.25,7.57,0.59,83.43,98.89
STU_09427,21,Female,College,7.19,0,6.77,4.28,73.78,89.72
STU_09428,13,Female,High School,3.9,1.34,6.68,0,72.3,82.89
STU_09429,13,Male,High School,2.25,3.23,5.64,0.94,74.94,79.04
STU_09430,16,Male,High School,4.82,2.59,7.01,1.76,82.65,83.88
STU_09431,16,Male,High School,3.63,1.78,6.87,0.96,66.89,86.9
STU_09432,14,Female,High School,7.25,2.85,5.24,2.16,74.72,87.59
STU_09433,21,Male,College,1.96,2.1,7.07,1.25,71.88,87.2
STU_09434,21,Female,College,4.15,6.48,5.8,2.98,84.14,90.79
STU_09435,25,Female,University,6.63,4.92,6.61,0,67.93,88.98
STU_09436,25,Male,University,1.84,5.17,7.31,0.11,79.11,64.46
STU_09437,14,Female,High School,3.35,5.75,5.79,0.34,74.06,80.55
STU_09438,21,Male,College,1.31,3.38,6.91,3.45,73.68,99.68
STU_09439,18,Female,College,2.33,0.82,6.5,0.1,71.77,81.2
STU_09440,20,Female,College,0.61,2,8.94,3.61,87.55,97.51
STU_09441,22,Male,University,1.85,3.13,6.51,0,87.9,93.46
STU_09442,25,Female,University,1.23,2.77,7.39,0.05,80.62,91.49
STU_09443,25,Female,University,2.83,0.11,9.23,1.38,77.27,98.37
STU_09444,16,Male,High School,6.93,3.14,3.12,1.12,72.03,92.22
STU_09445,14,Male,High School,5.2,0.48,7.44,2.64,78.42,94.59
STU_09446,14,Male,High School,7.59,5.88,6.23,2.3,61.24,99.2
STU_09447,21,Female,College,3.53,3.9,5.84,0.95,81.49,79.93
STU_09448,13,Male,High School,2.26,2.16,5.29,0.94,72.15,62.53
STU_09449,24,Male,University,4.18,2.61,6.08,1.09,80.17,91.79
STU_09450,19,Male,College,2.98,5.61,6.17,1,52.08,91.87
STU_09451,23,Male,University,5.53,0,7.07,2.09,78.25,98.35
STU_09452,15,Female,High School,0.74,1.64,5.58,0.86,79.3,83.95
STU_09453,15,Female,High School,4.32,3.46,5.34,2.46,83.71,92.24
STU_09454,14,Female,High School,8.26,0,5.69,1.58,66.85,98.69
STU_09455,22,Female,University,2.2,2.25,9.37,1.6,83.37,97.92
STU_09456,18,Female,College,3.4,1.7,6.37,0,61.69,77.1
STU_09457,25,Male,University,0.18,6.94,5.81,0,72.01,81.25
STU_09458,22,Male,University,7.27,2.26,7.13,0.46,62.56,74.82
STU_09459,14,Male,High School,4.25,0.64,4.84,1.14,70.67,79.54
STU_09460,22,Female,University,3.2,0.91,5.88,1.45,79.34,80.59
STU_09461,16,Female,High School,4.62,0,4.43,1.41,77.56,81.89
STU_09462,22,Male,University,4.32,5.53,6.19,1.52,69.5,89.77
STU_09463,21,Male,College,2.75,2.7,6.12,1.91,77.99,74.7
STU_09464,21,Male,College,0.99,2.19,8.73,0.88,85.34,92.06
STU_09465,18,Female,College,4.88,4.19,6.59,0,72.33,71.68
STU_09466,25,Female,University,4.54,3.49,6.39,0.36,57.16,85.57
STU_09467,16,Male,High School,3.53,2.53,5.51,1.69,80.58,96.95
STU_09468,19,Female,College,3.74,0.7,6.56,0.84,69.51,84.26
STU_09469,13,Female,High School,7.2,1.52,7.37,0.31,55.79,93.69
STU_09470,24,Male,University,5.23,2.72,5.3,2.51,81.34,89.8
STU_09471,16,Male,High School,1.19,3.7,7.99,2.07,79.75,95.89
STU_09472,17,Female,High School,7.72,0.1,4.96,1.22,72.94,71.86
STU_09473,20,Male,College,6.2,2.35,6.07,3.47,78.78,99.16
STU_09474,24,Male,University,6.02,4.83,6.98,1.72,83.76,95.21
STU_09475,14,Male,High School,2.52,0.27,7.83,3.11,79.68,99.73
STU_09476,24,Female,University,6.63,3.84,5.07,0,76.79,84.8
STU_09477,17,Female,High School,4.95,0.16,6.04,0,75.56,79.83
STU_09478,18,Female,College,1.6,1.54,7.01,0.95,74.36,77.99
STU_09479,17,Male,High School,5.22,0,8.82,1.06,85.28,86.59
STU_09480,25,Male,University,6.88,3.04,8.21,1.78,78.84,97.16
STU_09481,21,Female,College,5.92,1.11,7.87,0.79,86.32,90.94
STU_09482,22,Male,University,0,0,8.56,1.75,82.81,96.15
STU_09483,13,Female,High School,5.5,2.75,4.77,1.12,63.28,99.15
STU_09484,15,Male,High School,3.59,4.41,7.99,0.55,82.68,89.32
STU_09485,14,Female,High School,0,3.24,5.88,4.26,87.81,99.45
STU_09486,24,Female,University,6.12,3.15,5.09,2.02,75.18,99.74
STU_09487,25,Female,University,6.21,3.91,6.58,0.86,60.96,93.38
STU_09488,15,Male,High School,4.42,1.21,6.73,0.85,83.32,95.65
STU_09489,22,Female,University,1.95,2.7,6.92,5,78.8,91.44
STU_09490,21,Male,College,7.98,6.46,4.15,0,52.79,53.5
STU_09491,25,Female,University,5.87,2.76,5.89,0.67,68.54,70.86
STU_09492,21,Male,College,6.01,1,4.95,1.58,62.31,88.66
STU_09493,22,Female,University,6.8,3.13,7.53,0,54.82,95.16
STU_09494,14,Male,High School,7.53,1.81,3.85,1.91,54.33,88.7
STU_09495,15,Female,High School,5.31,2.43,7.17,1.09,80.21,76.43
STU_09496,16,Female,High School,1.65,3.84,6.4,2.14,72.24,80.76
STU_09497,21,Male,College,2.78,1.53,5.29,0.82,84.08,73.12
STU_09498,15,Female,High School,3.2,0,7.69,2.63,81.22,98.55
STU_09499,25,Male,University,7.54,2.19,7.02,0.44,72.11,68.13
STU_09500,19,Non-binary,College,5.04,3.39,6.06,0.98,64.52,98.43
STU_09501,24,Female,University,2.79,5.65,8.21,3.82,85.57,98.8
STU_09502,15,Non-binary,High School,4,4.43,5.61,0.46,83.65,93.31
STU_09503,19,Male,College,7.81,1.9,7.68,0.61,77.29,86.55
STU_09504,19,Male,College,6.04,3.36,7.67,0.71,64.27,96.66
STU_09505,21,Female,College,7.11,2.06,4.15,0.87,80.46,75.71
STU_09506,14,Female,High School,1.71,4.09,9.64,2.44,86.24,97.38
STU_09507,25,Male,University,3.98,2.21,6.93,0.7,72.29,86.27
STU_09508,18,Male,College,2.9,3.86,7.28,0.81,80.84,95.28
STU_09509,21,Male,College,8.25,5.5,4.14,2.98,78.74,63.96
STU_09510,24,Female,University,4.16,7.08,8.37,1.58,73.58,89.26
STU_09511,24,Female,University,3.07,0,6.95,1.05,82.3,93.19
STU_09512,14,Male,High School,0,0,6.79,2.44,79.23,97.7
STU_09513,14,Male,High School,8.03,0.81,6.45,1.42,65.09,86.61
STU_09514,25,Female,University,8.15,2.4,5.74,0.62,60.3,76.11
STU_09515,17,Male,High School,0,1.55,7.98,2.97,85.88,98.17
STU_09516,22,Female,University,5.03,4.75,5,0,72.63,79.89
STU_09517,22,Male,University,6.87,1.07,7.83,2.79,68.32,87.32
STU_09518,24,Female,University,5.69,0.5,8.27,0.7,68.42,71.16
STU_09519,22,Female,University,3.41,4.91,6.94,1.72,81.05,98.12
STU_09520,20,Female,College,2.13,3.48,7.56,1.21,79.5,73.32
STU_09521,23,Male,University,7.42,3.04,4.63,0.57,66.5,79.2
STU_09522,21,Female,College,6.43,0.5,5.14,0,66.05,86.24
STU_09523,14,Male,High School,6.09,4.43,6.08,2.61,86.8,86.96
STU_09524,17,Female,High School,7.43,2.09,5.03,0.49,79.66,76.76
STU_09525,19,Male,College,9.97,2.74,2.18,2.09,69.31,96.83
STU_09526,18,Female,College,3.69,3.11,7.21,2.83,73.3,99.35
STU_09527,18,Male,College,3.69,5,8.4,3.79,85.47,99.13
STU_09528,19,Male,College,3.49,3.3,7.28,0.85,79.17,86.87
STU_09529,15,Male,High School,2.19,1.27,7.02,2.32,54.46,99.79
STU_09530,25,Female,University,7.49,2.49,7.52,1.42,79.96,89.25
STU_09531,15,Non-binary,High School,7.86,3.72,6.4,1.94,68.87,96.61
STU_09532,22,Male,University,7.16,5.56,4.9,0.19,77.53,84.27
STU_09533,21,Male,College,8.67,1.77,4.84,0.37,64.6,99.66
STU_09534,20,Male,College,4.75,1.61,5.36,1.12,81,94.14
STU_09535,17,Male,High School,5.44,3.87,5.82,1.35,85.26,83.34
STU_09536,18,Female,College,6.13,0.91,7.4,0.71,75.64,93.52
STU_09537,23,Male,University,3.45,1.36,7.32,0.12,74.1,97.15
STU_09538,24,Female,University,1.82,2.55,8.68,0.1,85.29,99.13
STU_09539,22,Female,University,4.86,3.29,6.23,2.18,68.51,89
STU_09540,13,Female,High School,3.33,4.33,5.67,2.58,68.07,95.66
STU_09541,22,Female,University,9.73,2.75,6.84,2.69,68.15,82.97
STU_09542,24,Male,University,0.78,2.66,6.5,1,76.32,88.71
STU_09543,13,Male,High School,4.35,3.53,6.94,0,71.37,92.13
STU_09544,16,Female,High School,5.22,0,7.42,1.58,78.79,97.46
STU_09545,14,Male,High School,2.43,2.64,9.43,1,67.61,97.23
STU_09546,23,Male,University,3.35,5.4,5.89,1.07,66.58,89.76
STU_09547,19,Female,College,4.65,3.91,7.82,0.6,76.8,72.44
STU_09548,14,Female,High School,1.6,2.45,6.81,1.57,73.12,87.38
STU_09549,22,Male,University,5.52,3.82,7.78,1.33,61.02,81.03
STU_09550,14,Female,High School,8.44,0.28,5.78,2.83,79.37,89.59
STU_09551,17,Male,High School,3.55,3.28,7.4,3.68,86.11,99.37
STU_09552,16,Female,High School,6.42,2.44,9.36,0,81.26,97.2
STU_09553,20,Male,College,8.77,2.69,4.37,2.33,73.48,87.56
STU_09554,16,Female,High School,7.02,1.84,7.43,3.11,67.86,98.24
STU_09555,24,Female,University,2.68,5.03,8.09,2.35,77.32,97.81
STU_09556,18,Male,College,0.66,1.61,6.71,3.12,83.36,97.95
STU_09557,17,Female,High School,3.72,0.58,8.75,2.75,85.27,87.6
STU_09558,23,Female,University,4.65,0,5.39,1.05,56.92,80.48
STU_09559,14,Female,High School,0,0,8.51,1.59,86.67,85.91
STU_09560,23,Male,University,4.57,2.89,6.97,1.52,71.92,98.85
STU_09561,25,Female,University,2.43,1.09,8.11,1.39,83.19,98.7
STU_09562,24,Female,University,4.2,0.16,6.7,3.38,86.18,83.27
STU_09563,20,Male,College,3.72,2.03,7.93,2.45,77.84,91.12
STU_09564,14,Female,High School,3.98,3.73,7.82,0.84,74.73,79.34
STU_09565,21,Male,College,6.38,2.32,4.08,1.72,65.66,95.78
STU_09566,21,Male,College,2,2.74,6.43,0.17,71.51,81.92
STU_09567,15,Male,High School,0,4.61,7.12,1.96,78.06,98.55
STU_09568,16,Female,High School,6.57,3.98,5.82,0.35,64.32,74.86
STU_09569,20,Female,College,6.12,2.7,6.95,1.68,81.23,95.29
STU_09570,21,Male,College,5.85,0.73,4.29,0,68.74,81.26
STU_09571,15,Female,High School,2.29,1.52,6.66,2,75.44,79.8
STU_09572,17,Female,High School,6.03,2.55,6.62,1.46,80.91,99.9
STU_09573,23,Female,University,1.3,3.79,7.18,0.96,80.34,80.14
STU_09574,20,Male,College,3.75,3.11,5.33,1.55,84.4,97.93
STU_09575,15,Female,High School,8.29,1.39,8.57,1.62,61.97,87.95
STU_09576,19,Female,College,5.99,3.22,5.2,0.38,79.4,76.06
STU_09577,23,Female,University,4.32,5.57,6.54,1.18,60.33,97.83
STU_09578,20,Male,College,4.14,3.03,5.99,0.74,77.65,91.95
STU_09579,22,Male,University,1.75,3.61,7.98,0.86,62.75,99.07
STU_09580,23,Male,University,8.55,1.88,7.76,1.37,51.45,84.23
STU_09581,15,Female,High School,7.03,2.15,6.66,0.59,69,70.98
STU_09582,14,Male,High School,6.5,0,7.18,0.6,63.6,98.95
STU_09583,22,Female,University,4.27,2.75,5.99,0.84,72.5,92.48
STU_09584,25,Male,University,3.59,0,6.16,0.98,80.91,99.61
STU_09585,19,Male,College,2.6,0,4.33,0.63,72.99,96.82
STU_09586,24,Male,University,8.08,3.1,5.01,0.47,65.74,77.58
STU_09587,21,Female,College,0,0.72,6.38,1.48,69.24,98.75
STU_09588,13,Female,High School,5.92,0,7.08,0.86,85.47,86.98
STU_09589,15,Female,High School,0.56,2.62,5.64,0.47,79.96,82.69
STU_09590,17,Female,High School,3.99,0,6.04,2.49,62.57,98.84
STU_09591,15,Male,High School,4.44,4.39,7.64,0,72.16,61.97
STU_09592,13,Female,High School,1.3,3.35,5.75,0.55,62.19,79.76
STU_09593,19,Male,College,2.36,5.79,5.23,3.11,60.47,90.09
STU_09594,19,Female,College,6.32,3.2,8.36,1.47,59.31,92.72
STU_09595,22,Male,University,7.4,5.32,7.2,2.08,74.13,99.68
STU_09596,24,Female,University,5.28,0.76,6.47,1.09,61.35,98.43
STU_09597,20,Male,College,2.78,1.41,7.93,0.35,62.73,97.25
STU_09598,17,Male,High School,2.08,3.03,7.64,1.25,73.57,99.02
STU_09599,22,Male,University,2.65,2.27,7.66,3.14,81.61,99.49
STU_09600,24,Male,University,4.44,2.76,6.04,2.04,90.28,92.12
STU_09601,17,Male,High School,5.14,2.45,6.79,1.17,66.96,97.03
STU_09602,17,Female,High School,7.57,2.13,6.44,0,73.09,83.37
STU_09603,13,Female,High School,4.32,0.81,7.35,1.95,73.85,86.42
STU_09604,22,Male,University,2.84,1.18,7.11,0.02,82.72,83.77
STU_09605,17,Male,High School,1.68,0.89,7.53,0.47,85.09,85.84
STU_09606,18,Male,College,3.98,0.73,6.22,0,89.4,73.42
STU_09607,25,Female,University,0.38,2.62,6.41,1.34,74.49,95.95
STU_09608,24,Male,University,2.99,1.21,8.02,0.02,63.68,99.13
STU_09609,13,Female,High School,1.35,1.56,7.04,0,74.6,99.92
STU_09610,23,Male,University,3.85,5.02,5.71,3.1,76.25,99.37
STU_09611,19,Male,College,5.64,3.36,9.16,1.05,85.31,91.78
STU_09612,13,Male,High School,5.45,3.96,8.92,0.45,66.5,83.28
STU_09613,23,Male,University,6.21,4.52,4.67,1.38,64.03,77.25
STU_09614,14,Male,High School,2.19,5.46,6.33,1.26,74.64,94.19
STU_09615,14,Male,High School,8.04,2.48,7.8,1.11,78.83,86.78
STU_09616,17,Male,High School,6.17,2.99,5.26,1.93,60.64,86.99
STU_09617,22,Female,University,6.07,1.57,5.46,4.11,81.96,98.33
STU_09618,25,Male,University,7.32,0.99,6.5,0,61.09,83.61
STU_09619,19,Male,College,4.94,0,7.56,0,85.32,96.78
STU_09620,13,Male,High School,4.21,0.68,5.6,0.58,70.41,95.15
STU_09621,22,Female,University,7.87,1.56,7.19,1.67,72.55,81.05
STU_09622,13,Female,High School,2.41,2.86,8.73,1.51,74.66,80.79
STU_09623,13,Female,High School,3.97,0.45,5.86,0,70.69,89.35
STU_09624,18,Male,College,7.39,0.75,5.71,1.49,63.77,93.19
STU_09625,14,Male,High School,3.98,0,7.71,0,69.56,84.08
STU_09626,13,Male,High School,3.03,1.26,6.21,1.14,65.06,97.27
STU_09627,18,Female,College,2.14,2.61,4.29,0.91,71.25,64.34
STU_09628,14,Female,High School,5.1,2.59,6.27,0.16,72.69,58.89
STU_09629,18,Female,College,3.43,1.92,6.44,0.64,65.51,73.33
STU_09630,22,Female,University,5.72,2.05,5.23,1.88,77.46,98.36
STU_09631,20,Male,College,8.6,2.51,7.1,0.98,64.05,91.1
STU_09632,14,Male,High School,7.18,4.74,5.71,0,74.47,80.07
STU_09633,23,Male,University,0,1.85,8.63,0.52,85.73,98.47
STU_09634,21,Male,College,6.29,2.25,3.84,0,64.17,60.6
STU_09635,20,Female,College,6.47,0.17,3.67,0,64.4,75.22
STU_09636,24,Male,University,3.75,3.35,7.52,3.97,68.87,99.76
STU_09637,22,Non-binary,University,7.61,2.39,4.28,0,58.06,82.7
STU_09638,13,Female,High School,5.24,1.55,5.1,1.17,84.99,98.19
STU_09639,19,Male,College,0,0.38,6.17,0,81.98,88.43
STU_09640,25,Male,University,4.85,3.13,8.65,0.49,78.15,85.15
STU_09641,22,Female,University,3.82,0.54,7.7,2.36,83.99,87.23
STU_09642,18,Male,College,2.93,3.46,4.5,2.1,84.05,91.16
STU_09643,18,Male,College,5.41,5.72,5.68,0.59,73.92,99.97
STU_09644,18,Male,College,6.13,4.57,6,0.69,66.63,87.91
STU_09645,18,Male,College,6.17,2.55,4.74,1.28,73.97,81.29
STU_09646,22,Female,University,6.25,3.62,5.77,0,65.5,69.6
STU_09647,19,Male,College,1.61,1.25,6,0.1,71.65,97.9
STU_09648,24,Female,University,1.85,0.14,9.03,0.91,89.2,90.09
STU_09649,15,Female,High School,5.17,2.74,6.25,1.09,78.91,93.13
STU_09650,18,Male,College,7.2,1.42,4.33,0.39,58.15,98.93
STU_09651,15,Female,High School,5.38,0.03,6.88,1.38,58.12,90.37
STU_09652,19,Male,College,0,0,8.01,2.7,78.64,98.67
STU_09653,19,Female,College,5.87,1.96,5.52,1.46,61.43,84.21
STU_09654,20,Male,College,0.61,4.29,7.6,2.05,84.72,98.93
STU_09655,14,Male,High School,6.21,2.22,6.4,0,78.6,60.96
STU_09656,21,Male,College,3.11,2.13,6.14,0,66.22,96.79
STU_09657,25,Female,University,5.26,2.41,6.12,1.59,83.52,86.48
STU_09658,17,Male,High School,9.76,0.78,5.83,1.61,64.12,98.55
STU_09659,21,Male,College,3.62,1.71,3.14,1.97,64.73,83.61
STU_09660,22,Male,University,2.61,4.76,6.43,1.39,60.24,85.56
STU_09661,17,Male,High School,3.41,5.25,7.58,2.55,74.29,94.64
STU_09662,19,Female,College,0.74,4.38,6.52,0,70.32,88.02
STU_09663,23,Female,University,1.99,3.89,8,1.06,76.82,79.4
STU_09664,21,Female,College,7.16,5.29,4.32,1.74,71.49,94.67
STU_09665,16,Male,High School,0,0.54,5.5,0,71.66,88.8
STU_09666,14,Male,High School,2.93,7.4,4.55,1.2,52.35,73.52
STU_09667,21,Female,College,5.1,0,6.96,0.23,68.01,58.86
STU_09668,25,Female,University,3.48,1.92,7.27,1.7,73.4,91.82
STU_09669,14,Male,High School,7.87,0,4.77,1.81,75.94,76.67
STU_09670,15,Female,High School,4.08,3.85,6.68,2.02,79.49,80.73
STU_09671,22,Female,University,3.65,0.4,6.56,1.02,73.79,80.38
STU_09672,14,Male,High School,4.87,0.59,6.29,0.32,76.48,94.21
STU_09673,15,Female,High School,5.18,4.97,5.58,0.39,63.02,67.41
STU_09674,18,Male,College,4.5,2.06,6.8,1.48,81.06,96.7
STU_09675,15,Female,High School,4.32,3.65,3.81,1.84,66.11,85.85
STU_09676,22,Female,University,0,1.66,4.95,2.91,79.83,95.24
STU_09677,20,Male,College,1.67,0.79,6.91,0.28,71.3,92.48
STU_09678,23,Male,University,5.94,4.11,7.03,0.93,69.26,82.02
STU_09679,18,Non-binary,College,7.02,2.81,6.46,0.87,54.54,83.97
STU_09680,19,Female,College,7.69,2.88,7.07,0.78,74.29,87.97
STU_09681,13,Male,High School,0.89,1.43,7.91,1.75,57,98.61
STU_09682,15,Female,High School,2.41,2.21,4.07,1.55,79.24,88.52
STU_09683,15,Female,High School,8.24,1.42,4.95,0,60.06,87
STU_09684,14,Male,High School,3.55,3.87,8.97,0,82.72,73.22
STU_09685,19,Male,College,6.04,2.56,5.76,1.64,60.81,85.33
STU_09686,21,Female,College,12.15,3.4,6.45,0,59.86,82.89
STU_09687,16,Male,High School,7.12,1.93,3.4,2.02,61.35,99.18
STU_09688,24,Male,University,3.96,5.72,4.91,0.27,47.51,83.41
STU_09689,17,Female,High School,4.15,2.38,6.42,0.72,78.52,85.84
STU_09690,15,Female,High School,5.82,3.14,7.1,0.28,66.33,72.41
STU_09691,23,Male,University,0,3.55,5.42,3.13,78.37,92.54
STU_09692,21,Male,College,5.6,1,6.5,3.3,68.84,97.79
STU_09693,16,Female,High School,3.81,1.88,6.65,1.23,79.73,97.19
STU_09694,17,Female,High School,4.31,3.52,7.42,0.42,75.34,90.96
STU_09695,13,Female,High School,4.76,0,6.62,0.5,88.54,98.14
STU_09696,23,Male,University,8.41,3.27,4.62,1.85,58.99,66.5
STU_09697,24,Female,University,5.14,0,6.73,0.81,82.65,98.01
STU_09698,25,Female,University,5.09,0,8.49,2.65,82.19,98.47
STU_09699,14,Male,High School,6.29,0.52,5.49,0.87,70.63,63.46
STU_09700,24,Male,University,4.68,3.34,6.4,2.59,84.58,99.55
STU_09701,25,Female,University,6.15,7.27,4.7,0.82,58.66,79.03
STU_09702,21,Male,College,4.22,0.21,8.48,0.07,69.81,75.07
STU_09703,14,Male,High School,7.41,2.62,5.31,0,71.98,78.08
STU_09704,17,Male,High School,7.7,4.27,7.14,1.51,71.65,94.63
STU_09705,25,Male,University,6.18,3.42,6.83,0,55.72,96.94
STU_09706,20,Male,College,0,1.28,4.98,2.83,72.51,86.87
STU_09707,15,Male,High School,4.94,3.74,7.09,0,71.71,74.75
STU_09708,18,Female,College,0,1.57,6.55,2.07,82.94,99.16
STU_09709,16,Female,High School,5.45,2.25,6.37,3,84.44,99.29
STU_09710,23,Female,University,8.51,0.9,4.93,1.85,67.73,95.26
STU_09711,19,Male,College,7.36,4.45,9.36,0.42,51.04,81.85
STU_09712,22,Female,University,3.83,3.03,7.08,4.14,84.5,98.92
STU_09713,25,Male,University,4.1,1.97,7.85,2.92,80.46,98.4
STU_09714,15,Female,High School,0,3.09,6.74,2.66,75.75,83.71
STU_09715,18,Female,College,4.53,2.66,6.38,1.11,63.26,80.47
STU_09716,24,Female,University,3.99,3.06,4.29,0.54,69.66,84.09
STU_09717,22,Female,University,1.36,3.89,7.29,4.25,81.87,98.53
STU_09718,21,Female,College,2.05,3.07,5.3,1.27,66.01,95.1
STU_09719,23,Female,University,1.5,1.02,6.43,0.68,76.93,82.66
STU_09720,22,Male,University,9.87,0,5.15,0.48,70.19,83.29
STU_09721,13,Male,High School,4.8,3.87,4.36,0,72.39,68.04
STU_09722,15,Female,High School,6.39,1.49,5.82,0.18,69.14,68.82
STU_09723,14,Male,High School,6.79,4.51,7,1.39,69.72,87.95
STU_09724,20,Female,College,8.53,0,4.54,1.14,44.78,82.63
STU_09725,19,Male,College,8.45,0.84,6.64,1.29,76.05,75.74
STU_09726,14,Male,High School,6.86,2.28,6.23,0,77.03,98.82
STU_09727,18,Female,College,0.7,2.7,6.99,2.04,81.97,91.86
STU_09728,15,Male,High School,6.88,4.21,3.55,0.41,66.86,82.64
STU_09729,20,Female,College,3.5,4.38,5.7,1.74,69.75,91.22
STU_09730,22,Female,University,1.34,2.41,9.14,3.12,82.79,97.51
STU_09731,25,Female,University,3.57,3.86,5.69,2.77,74.86,76.84
STU_09732,15,Female,High School,4.88,0,7.32,2.06,85.61,97.78
STU_09733,22,Male,University,0,1.9,6.63,1.55,76.41,97.04
STU_09734,21,Male,College,5.5,3.95,4.66,1.11,51.68,86.62
STU_09735,13,Male,High School,7.34,2.63,5.33,0.24,79.18,87.93
STU_09736,17,Male,High School,4.72,5.12,7.88,2,86.99,97.74
STU_09737,15,Female,High School,1.79,0.81,8.53,0.24,81.21,93.84
STU_09738,18,Female,College,6.02,4.11,4.51,0,57.33,64.95
STU_09739,22,Female,University,4.43,1.62,5.88,0.68,77.64,76.09
STU_09740,14,Female,High School,8.85,3.39,4.32,0,71.41,72.11
STU_09741,21,Male,College,0,0.94,6.77,0.55,81.1,87.25
STU_09742,18,Female,College,0,2.76,7.92,2.11,77.66,98.76
STU_09743,19,Female,College,4.25,4.07,6.69,0,80.43,88.34
STU_09744,17,Male,High School,3.35,3.9,8.12,1.35,81.56,99.75
STU_09745,21,Female,College,5.17,2.72,9.35,1.74,63.3,98.42
STU_09746,13,Female,High School,5.54,3.98,6.57,2.19,64.92,99.86
STU_09747,17,Male,High School,8.3,3.66,6.98,0,74.27,88.29
STU_09748,23,Female,University,3.9,1.96,9.17,0,87.25,96.85
STU_09749,22,Male,University,5.62,2.84,5.21,0,58.39,74.67
STU_09750,23,Male,University,1.21,4.09,8.56,2.02,79.8,91.74
STU_09751,18,Female,College,10.66,5.85,4.63,0,32.56,65.49
STU_09752,19,Female,College,7.27,3.5,6.82,0.21,81.67,64.45
STU_09753,24,Female,University,6.71,0.43,5.49,0.9,75.13,73.02
STU_09754,16,Female,High School,2.48,3.22,8.6,2.73,72.66,99.1
STU_09755,24,Female,University,7.91,5.82,6.25,0,60.76,73.95
STU_09756,25,Female,University,7.03,1.33,6.19,0.22,78.8,81.65
STU_09757,13,Male,High School,6.1,0.14,6.54,1.96,71.12,95.53
STU_09758,23,Male,University,4.24,3.41,9.85,1.8,83.83,81.94
STU_09759,20,Male,College,1.87,2.61,6.89,1.2,83.32,85.26
STU_09760,22,Female,University,4.36,2.66,4.6,3.31,78.3,98.92
STU_09761,16,Female,High School,2.53,2.14,6.3,1.53,71.54,98.46
STU_09762,15,Male,High School,5.46,1.51,7.75,0,39.57,96.7
STU_09763,24,Female,University,1.75,1.22,9.36,0.63,72.43,88.39
STU_09764,19,Female,College,2.71,3.02,7.63,3.19,81.71,92.18
STU_09765,24,Male,University,0,3.79,5.24,1.68,82.92,83.81
STU_09766,14,Male,High School,5.83,1.86,5.58,1.85,56.07,67.53
STU_09767,20,Male,College,5.58,4.86,5.66,2.92,65.98,93.42
STU_09768,18,Male,College,3.23,2.58,7.1,4.15,75.41,95.23
STU_09769,19,Female,College,0,3.88,7.14,0.02,69.25,94.47
STU_09770,17,Female,High School,0.28,1.73,8.42,1.34,82.9,93.36
STU_09771,21,Female,College,4.75,2.77,5.64,1.31,59.13,82.22
STU_09772,17,Male,High School,7,3.13,6.05,1.16,67,74.52
STU_09773,23,Female,University,2.02,2.31,6.18,2.37,83.94,90.86
STU_09774,17,Male,High School,7.52,0.4,6.67,2.21,74.27,72.45
STU_09775,15,Female,High School,8.7,4.79,4.76,1,66.53,84
STU_09776,23,Male,University,5.64,2.25,6.9,1.04,67.82,83.33
STU_09777,13,Female,High School,7.11,0,7.25,0,65.18,83.39
STU_09778,14,Female,High School,1.68,1.65,7.73,0.87,78.45,90.44
STU_09779,20,Female,College,0.05,5.37,6.41,2.98,83.51,99.59
STU_09780,13,Male,High School,9.15,4.67,7.28,0,62.15,80.99
STU_09781,19,Male,College,2.02,3,7.14,2.59,69.06,90.88
STU_09782,17,Male,High School,7.38,4.02,7.22,0,70.03,67.5
STU_09783,15,Male,High School,5.55,5.05,8.62,1.7,74.61,85.73
STU_09784,24,Female,University,8.9,2.71,7.91,1.12,64.02,79.38
STU_09785,24,Male,University,6.44,4.41,5.66,0.04,67.22,57.8
STU_09786,23,Non-binary,University,1.57,1.07,8.62,0,74.93,94.32
STU_09787,19,Female,College,3.63,0.58,9.75,1.34,78.9,99.13
STU_09788,21,Male,College,6.25,2.53,8.73,0.92,76.74,94.6
STU_09789,14,Female,High School,3.13,3.83,5.23,2.16,77.99,76.3
STU_09790,20,Male,College,7.12,4.77,5.42,1.25,74.75,78.71
STU_09791,21,Male,College,4.74,2.32,7.74,0,67.33,98.58
STU_09792,23,Male,University,7.17,1.01,7.71,0,52.35,81.62
STU_09793,15,Female,High School,6.79,5.93,6.05,3.23,68.83,90.05
STU_09794,14,Female,High School,5.28,2.16,6.82,1.06,74.11,91.87
STU_09795,19,Female,College,4.16,0.69,8.71,0.85,87.06,86.34
STU_09796,17,Male,High School,3.16,3.54,6.36,0.9,70.69,78.04
STU_09797,17,Female,High School,1.64,8.57,6.97,1.81,72.21,99.09
STU_09798,22,Male,University,8.8,2.67,6.13,1.16,53.62,92.38
STU_09799,17,Male,High School,4.7,2.64,5.33,0,53.89,78.93
STU_09800,16,Male,High School,3.88,3.86,7.17,0,73.34,79.27
STU_09801,25,Male,University,3.92,4.19,5.58,3.07,77.2,97.56
STU_09802,17,Female,High School,4.37,0.39,8.37,1.57,83.81,95.82
STU_09803,25,Male,University,3.28,5.18,5.45,0.4,77.8,95.93
STU_09804,16,Non-binary,High School,3.07,2.29,5.67,0,67.91,58.41
STU_09805,25,Male,University,1.09,2.62,6.85,0.5,75.9,94.18
STU_09806,18,Female,College,4.62,0.46,8.3,0,80.47,89.2
STU_09807,16,Male,High School,7.77,1.92,5.81,0,69.66,87.87
STU_09808,14,Male,High School,2.69,5.06,6.57,1.82,74.17,98.92
STU_09809,21,Female,College,5.88,4.56,6.85,2.31,86.13,98.42
STU_09810,14,Female,High School,5.94,3.33,5.86,0.76,70.23,84.03
STU_09811,21,Female,College,5.5,0,3.47,0.13,64.39,50.27
STU_09812,22,Female,University,9.19,1.21,5.93,0.11,59.52,79.46
STU_09813,18,Female,College,6,3.28,6.03,0.02,83.22,85.96
STU_09814,21,Female,College,4.67,1.73,6.12,0,69.68,88.35
STU_09815,21,Female,College,5.34,3.68,6.25,0.38,56.3,99.59
STU_09816,15,Male,High School,6.62,3.94,6.02,1.16,67.75,92.58
STU_09817,13,Female,High School,8.85,5.03,5.04,1.33,64.7,68.27
STU_09818,13,Female,High School,3.9,0,6.68,3.51,83.74,94.41
STU_09819,15,Male,High School,4.95,1.84,7.25,1.19,77.17,96.47
STU_09820,17,Female,High School,12.15,1.12,7.12,1.38,69.47,73.2
STU_09821,25,Male,University,4.38,1.48,6.01,0.63,58.08,95.34
STU_09822,15,Female,High School,4.27,2.36,7.97,1.05,73.83,98.14
STU_09823,24,Male,University,2.4,2.94,7.39,1.77,73.03,88.75
STU_09824,21,Male,College,4.71,3.68,4.75,1.53,64.62,74.61
STU_09825,21,Male,College,4.31,1.11,7.36,3.17,70.51,98.27
STU_09826,15,Female,High School,5.48,1.92,6.87,1.52,84.18,95.13
STU_09827,15,Male,High School,5.18,2.73,7.18,3.79,67.36,97.88
STU_09828,24,Female,University,0,2.63,6.5,1.03,81.89,98.62
STU_09829,17,Female,High School,1.23,1.47,5.6,0,74.55,88.9
STU_09830,14,Male,High School,4.1,1.39,4.57,3.34,69.86,93.87
STU_09831,18,Non-binary,College,3.44,2.15,7.11,0.69,86.25,76.91
STU_09832,19,Male,College,1.91,0,8.28,1.88,80.07,97.82
STU_09833,25,Female,University,0,0.16,8.16,3.67,82.56,98.84
STU_09834,21,Male,College,8.56,2.17,6.77,0,48.77,76.51
STU_09835,18,Male,College,8.52,2.63,7.83,0.87,71.01,84.61
STU_09836,15,Male,High School,6.39,4.61,6.64,1.31,81.25,97.9
STU_09837,24,Female,University,3.04,0,6.83,1.83,68.46,90.38
STU_09838,17,Female,High School,7.47,3.01,7.48,4.05,81.63,97.34
STU_09839,16,Male,High School,2.7,5.03,6.03,1.46,77.01,86.87
STU_09840,17,Male,High School,5.59,3.01,5.52,0.52,77.05,80.63
STU_09841,20,Non-binary,College,2.52,1.28,8.5,2.65,83.45,94.05
STU_09842,20,Male,College,4.56,1.89,4.48,0,71.42,91.54
STU_09843,18,Female,College,5.72,5.77,4.92,3.56,80.4,97.78
STU_09844,13,Female,High School,0.76,4.52,6.15,1.5,76.87,91.52
STU_09845,20,Male,College,3.44,1.34,5.5,0.36,75.66,73.5
STU_09846,20,Female,College,5.13,1.13,6.76,0.94,81.44,99.12
STU_09847,14,Female,High School,1.36,3.23,9.31,0,65.5,92.72
STU_09848,16,Male,High School,2.14,3.32,6.5,0,80.04,81.15
STU_09849,24,Female,University,5.13,5.04,4.35,0.64,65.9,88.52
STU_09850,14,Female,High School,3.16,2.13,5.06,2.05,70.81,93.85
STU_09851,16,Male,High School,1.43,0,7.86,0,70.86,67.36
STU_09852,24,Male,University,4.57,2.01,6.58,0.53,70.2,98.76
STU_09853,25,Female,University,5.59,1.63,7.57,1.76,67.86,95.94
STU_09854,25,Male,University,10.11,0,6.35,1.42,54.55,87.27
STU_09855,22,Male,University,4.71,2,5.79,0.4,53.99,73.18
STU_09856,19,Female,College,4.53,4.23,5.15,1.98,76.13,93.16
STU_09857,21,Female,College,3.79,3.85,5.48,0.94,65.69,79.63
STU_09858,20,Non-binary,College,7.37,1.92,6.27,1.01,71.74,83.74
STU_09859,24,Male,University,5.31,1.73,4.57,0.6,60.93,83.94
STU_09860,21,Female,College,6.59,1.56,4.67,1.76,73.5,89.84
STU_09861,20,Female,College,5.06,1.53,6.41,1.23,60.95,78.14
STU_09862,14,Non-binary,High School,6.79,3.95,5.57,0.3,60.7,85
STU_09863,19,Female,College,5.45,4.94,6.74,1.4,70.53,69.18
STU_09864,14,Non-binary,High School,0.98,3.86,6.69,2.96,76.78,96.38
STU_09865,25,Female,University,3.78,1.19,6.29,0,77.75,77.43
STU_09866,24,Male,University,3.86,1.03,7.3,1.49,73.01,61.96
STU_09867,23,Female,University,5.61,5.13,6.26,0,59.37,82.21
STU_09868,14,Male,High School,4.88,2.65,6.71,0,67.87,76.47
STU_09869,16,Female,High School,7.83,1.18,2.85,0,45.55,82.31
STU_09870,13,Non-binary,High School,5.5,2.67,5.95,1.39,55.37,81.39
STU_09871,17,Male,High School,5.68,0.09,6.39,1.57,80.74,96.44
STU_09872,18,Female,College,1.96,0.38,7.72,2.72,87.38,99.77
STU_09873,21,Female,College,4.88,1.4,8.38,0.61,74.66,91.88
STU_09874,22,Male,University,3.96,4.11,5.31,3.18,75.15,98.73
STU_09875,20,Male,College,0,1.98,6.39,1.67,82.67,81.56
STU_09876,14,Male,High School,1.22,3.75,8.32,0.32,71.99,87.97
STU_09877,13,Male,High School,6.31,2.82,6.08,1.18,63.38,91.32
STU_09878,14,Female,High School,6.13,0.02,6.91,0,73.61,98.33
STU_09879,19,Female,College,3.03,5.33,5.18,1.55,79.01,89.41
STU_09880,16,Male,High School,3.1,0.32,6.33,0.84,78.39,99.61
STU_09881,22,Non-binary,University,1.67,1.45,6.82,3.36,55.43,98.45
STU_09882,17,Female,High School,6.97,1.65,8.45,0,71.55,94.85
STU_09883,24,Female,University,2.48,3.94,7.69,0,72.55,77.44
STU_09884,19,Male,College,3.07,1.38,6.3,0.38,69.04,92.27
STU_09885,15,Female,High School,7.04,0.93,6.13,0.52,63.37,73.98
STU_09886,22,Male,University,6.99,4.04,6.06,0,73.98,85.01
STU_09887,14,Female,High School,4.05,2,6.21,0,75.87,74.89
STU_09888,25,Female,University,4.53,3.64,6.41,1.79,63.67,96.94
STU_09889,19,Male,College,5.68,6.85,8.26,0.9,83.15,78.5
STU_09890,17,Female,High School,3.48,1.71,8.08,3.42,77.65,98.2
STU_09891,13,Female,High School,4.25,3.29,6.37,0.5,63.53,76.5
STU_09892,13,Male,High School,4.01,0.3,8.37,3.97,85.27,99.15
STU_09893,21,Female,College,6.22,1.45,5.12,0.42,69.01,53.79
STU_09894,17,Male,High School,8.04,3.04,7.05,0,67.69,68.14
STU_09895,13,Female,High School,7.37,5.08,4.31,0,49.95,83.46
STU_09896,19,Female,College,7.04,0,4.12,0,59.73,64.58
STU_09897,21,Male,College,1.76,3.19,7,2.74,74.6,97.68
STU_09898,23,Non-binary,University,7.73,0.45,6.38,0,59.48,76.63
STU_09899,13,Male,High School,2.81,1.98,7.74,3.26,78.19,97.73
STU_09900,22,Male,University,0.04,1.48,8.23,2.33,85.82,98.52
STU_09901,25,Female,University,2.38,1.14,8.79,1.81,82.07,98.52
STU_09902,16,Female,High School,4.27,2.82,6.55,1.64,77.83,81.4
STU_09903,15,Female,High School,0,0.69,7.43,1.88,84.81,98.86
STU_09904,17,Female,High School,6.28,0,7.94,0,76.8,81.07
STU_09905,19,Male,College,6.58,1.71,4.92,1.57,83.88,76.03
STU_09906,20,Male,College,3.54,1.04,6.71,0.33,78.35,90.53
STU_09907,25,Male,University,1.58,1.69,6.23,1.72,72.78,92.71
STU_09908,14,Female,High School,6.81,1.05,5.15,1.15,74.08,81.2
STU_09909,19,Male,College,2.19,3.39,7.4,1.15,76.03,92.05
STU_09910,13,Male,High School,0.45,3.52,6.03,1.46,79.12,91.19
STU_09911,19,Male,College,4.34,0.15,6.2,1.01,81.06,98.41
STU_09912,20,Male,College,4.57,4.62,6.37,1.4,70.62,98.69
STU_09913,14,Female,High School,5.28,3.68,6.75,1.83,66.4,90.71
STU_09914,21,Female,College,6.42,1.65,7.87,0,61.12,89.83
STU_09915,13,Male,High School,6.72,2.25,7.35,0.51,73.09,67.48
STU_09916,25,Male,University,1.34,4.19,7.86,0.39,75.1,89.85
STU_09917,18,Female,College,0,1.67,6.27,2.95,70.64,99.41
STU_09918,13,Male,High School,5.65,3.82,8.57,1.77,72.6,83.17
STU_09919,15,Female,High School,4.62,3.02,6.11,0,42.32,84.93
STU_09920,23,Female,University,3.36,3.99,5.67,4.13,85.01,95.11
STU_09921,18,Male,College,4.14,3.54,5.63,0,76.43,82.72
STU_09922,15,Non-binary,High School,2.41,1.4,4.45,0.46,76.24,87.82
STU_09923,20,Male,College,8.82,2.75,6.45,0.68,70.24,77.4
STU_09924,17,Male,High School,0,3.99,4.96,0,56.14,71.35
STU_09925,14,Male,High School,5.56,3.82,4.56,1.46,60.76,77.39
STU_09926,16,Non-binary,High School,1.29,3.67,9.05,1.24,86.4,97.4
STU_09927,21,Female,College,2.85,2.09,8.64,1.45,88.17,99.02
STU_09928,16,Male,High School,3.4,5.12,5.03,0,65.76,84.55
STU_09929,22,Female,University,2.05,3.1,5.68,1.77,77.5,91.25
STU_09930,22,Female,University,3.93,5.48,7.38,1.37,79.58,97.73
STU_09931,20,Male,College,0,0.37,5.49,0.58,79.14,90.26
STU_09932,17,Female,High School,0.67,1.96,6.6,0.18,73.98,86.28
STU_09933,23,Female,University,0,2.19,6.92,1.1,79.79,98.76
STU_09934,23,Female,University,1.45,3.99,5.16,0.44,84.28,82.74
STU_09935,22,Male,University,2.51,1.09,5.69,0.95,74.34,86.24
STU_09936,25,Male,University,4.48,1.07,4.43,2.54,68.52,99.93
STU_09937,25,Female,University,2.89,4.22,7.16,1.25,82.89,99.77
STU_09938,13,Female,High School,2.33,2.23,6.17,1.38,72.97,89.2
STU_09939,19,Female,College,3.19,3.52,4.12,0.38,71.18,70.14
STU_09940,15,Female,High School,2.75,1.01,7.97,3.15,81.84,97.99
STU_09941,22,Female,University,3.57,3.76,7.55,0.41,82.41,97.29
STU_09942,20,Female,College,3.66,4.03,6.95,0.55,74.66,95.48
STU_09943,24,Male,University,2.55,4.79,8.29,1.86,80.42,98.01
STU_09944,15,Male,High School,0.56,0.69,8.49,0.19,84.32,88.06
STU_09945,13,Male,High School,4.38,0.35,7.36,1.39,83.3,98.52
STU_09946,17,Male,High School,6.59,2.33,5.37,0.22,55.71,91.06
STU_09947,14,Female,High School,1.85,4.68,7.9,3.48,67.5,98.85
STU_09948,23,Female,University,4.23,0.89,6.5,0.06,72.28,86.85
STU_09949,16,Male,High School,3.39,0.55,5.79,0.6,82.46,97.94
STU_09950,13,Female,High School,5.95,1.6,6.72,0.44,69.85,78.78
STU_09951,21,Female,College,2.33,2.83,6.94,1.51,77.71,99.47
STU_09952,18,Female,College,3.96,2.71,6.94,1.41,72.38,86.04
STU_09953,20,Female,College,4.19,0.9,6.98,0,72.95,88.35
STU_09954,23,Male,University,5.14,1.18,5.5,0.81,68.42,75.13
STU_09955,16,Male,High School,1.75,2.33,5.88,1.6,71.21,84.48
STU_09956,21,Female,College,5.26,1.16,7.54,2.21,72.65,87.88
STU_09957,14,Female,High School,3.17,0.6,6.9,0.39,73.76,94.81
STU_09958,21,Female,College,5.79,3.45,4.4,0,54.87,82.07
STU_09959,24,Male,University,3.51,1.46,5.7,1.43,78.81,85.38
STU_09960,17,Male,High School,7.63,1.6,4.32,0,69.08,88.97
STU_09961,25,Non-binary,University,0.48,1.88,7.67,2.49,81.37,97.41
STU_09962,18,Female,College,5.86,3.03,6.77,0,68.6,85.36
STU_09963,15,Female,High School,5.28,2.6,4.85,0.12,63.62,84.11
STU_09964,16,Female,High School,5.65,1.5,5.28,2.22,67.43,93.02
STU_09965,18,Female,College,7.13,2.24,6.54,0,47.23,69.13
STU_09966,19,Female,College,0.01,2.12,6.56,0.61,77.09,92.42
STU_09967,13,Male,High School,9.92,5.12,3.96,1.26,69.91,65.76
STU_09968,19,Female,College,5.8,2.47,7.26,0,67.89,93.34
STU_09969,13,Female,High School,9.32,1.03,5.76,0,60.02,70.48
STU_09970,17,Female,High School,9.16,0,3.42,0.46,47.62,74.75
STU_09971,18,Female,College,5.57,4.2,5.99,0.42,71.4,84.91
STU_09972,25,Male,University,5.14,2.35,9.13,0,84.63,87.6
STU_09973,14,Female,High School,6.37,3.07,6.66,0.33,70.55,73.71
STU_09974,25,Male,University,0,3.9,7.2,3.11,70.31,97.67
STU_09975,22,Male,University,4.28,1.14,7.08,2.38,75.43,97.45
STU_09976,21,Female,College,6.92,1.1,5.66,0.46,49.68,79.81
STU_09977,22,Male,University,8.32,2.61,5.09,0,76.86,78.41
STU_09978,18,Female,College,3.71,6.66,4.25,3.99,57.1,99.34
STU_09979,19,Male,College,5.4,1.21,5.16,2.2,68.65,98.14
STU_09980,22,Male,University,5.93,1.56,7.94,3.46,81.21,99.65
STU_09981,20,Male,College,4.29,4.01,6.11,0,80.34,92.94
STU_09982,23,Male,University,2.17,3.57,7.96,0,82.93,89.01
STU_09983,25,Female,University,2.84,1.6,4.28,1.17,50.47,82.87
STU_09984,22,Female,University,1.89,0,7.04,1.47,80.14,95.9
STU_09985,13,Female,High School,0.72,2.03,9.65,1.93,83.78,89.89
STU_09986,20,Male,College,4.08,5.77,6.17,0.62,70.79,99.9
STU_09987,16,Female,High School,10.04,1.7,6.33,1.57,75.08,98.24
STU_09988,22,Female,University,5.12,3.96,5.26,0.55,74.34,84.84
STU_09989,20,Male,College,3.78,0.51,6.38,2.53,82.1,91.18
STU_09990,25,Female,University,5.43,4.01,5.93,1.7,67.48,95.82
STU_09991,18,Female,College,2.44,4.1,6.23,0,72.66,75.53
STU_09992,23,Male,University,0.35,2.55,6.29,0.95,60.86,88.85
STU_09993,21,Female,College,2.78,4.71,6.98,1.05,80.28,98.13
STU_09994,23,Male,University,1.67,2.3,4.56,0,56.69,84.01
STU_09995,16,Male,High School,0,6.07,9.16,0.4,81.87,94.46
STU_09996,14,Male,High School,3.12,2.29,6.34,0.71,78.53,81.49
STU_09997,14,Female,High School,5.72,1.9,5.08,2.87,74,96.29
STU_09998,17,Male,High School,5.49,3.09,5.74,1.77,47.74,74.3
STU_09999,22,Male,University,5.18,0.34,5.39,1.43,69.19,99.15
STU_10000,21,Female,College,8.67,2.93,4.75,0,52.35,89.17
STU_10001,24,Female,University,3.12,1.03,6.65,1.96,85.9,99.88
STU_10002,15,Female,High School,5.58,4.25,7.28,0,69.76,83.05
STU_10003,20,Male,College,3.53,4.1,8.02,1.25,84.1,87.53
STU_10004,16,Female,High School,8.05,1.13,6.74,3.16,78.26,80.47
STU_10005,18,Male,College,2.48,1.7,5.89,2.8,71.12,92.5
STU_10006,22,Female,University,6.36,4.25,6.02,2.24,65.48,99.82
STU_10007,18,Female,College,5.12,6.01,4.89,0.13,67.93,80.59
STU_10008,15,Female,High School,7.55,2.52,6.25,0.16,55.17,88.15
STU_10009,17,Female,High School,4.52,4,7,1.16,61.23,91.94
STU_10010,24,Female,University,3.91,3.86,7.8,1.34,67.56,95.87
STU_10011,15,Female,High School,3.61,3.87,6.84,1.53,61.55,97.94
STU_10012,23,Male,University,4.12,0,6.43,0,74.79,77.95
STU_10013,23,Male,University,0,0.86,7.73,2.59,77.6,82.82
STU_10014,13,Female,High School,3.2,5.15,5.96,1.9,60.15,85.95
STU_10015,19,Male,College,3.04,1.09,6.57,1.79,82.36,87.45
STU_10016,16,Female,High School,1.65,2.12,7.99,0,84.29,87.88
STU_10017,19,Female,College,3.1,6.05,6.96,0.7,78.3,91.84
STU_10018,15,Male,High School,2.26,1.62,6.77,0,77.77,87.31
STU_10019,24,Female,University,3.22,2.75,6.49,0,73.56,98.67
STU_10020,23,Female,University,6.06,3.26,5.55,0.49,72.77,69.37
STU_10021,17,Female,High School,6.07,4.6,7.71,0,81.23,80.09
STU_10022,17,Male,High School,8.45,3.61,7.16,0,60.19,88.21
STU_10023,25,Female,University,5.27,1.57,7.93,0.64,73.91,79.95
STU_10024,14,Male,High School,0.7,2.52,6.96,1.83,74.95,86.86
STU_10025,23,Female,University,3.68,2.09,7.13,1.11,77.92,95.83
STU_10026,22,Female,University,2.9,4.13,7.08,1.72,89.13,98.41
STU_10027,24,Male,University,2.04,2.42,7.51,2.21,80.96,99.03
STU_10028,14,Female,High School,7.18,2.9,4.88,0.02,62.08,73.03
STU_10029,16,Male,High School,5.64,1.64,8.77,0,72.75,84.58
STU_10030,16,Female,High School,4.68,6.11,3.32,0.49,60.9,79.7
STU_10031,16,Female,High School,0.79,1.01,5.88,1.81,80.75,95.07
STU_10032,18,Male,College,4.3,6.32,4.28,2.49,72.06,89.64
STU_10033,14,Male,High School,10.32,2.18,5.53,0,70.14,63.29
STU_10034,18,Female,College,2.41,4.14,7,1.73,67.27,77.74
STU_10035,19,Male,College,3.95,2.71,6.64,3.01,79,96.15
STU_10036,23,Male,University,7.97,0.36,4.1,0.87,74.95,82.55
STU_10037,22,Male,University,3.4,1.63,7.63,3.95,84.17,99.18
STU_10038,15,Male,High School,3.35,4.52,6.16,0.76,66.81,74.75
STU_10039,23,Female,University,3.93,0.61,6.93,1.3,84.01,82.18
STU_10040,24,Female,University,5.37,0,9.46,0.49,76.06,87.59
STU_10041,20,Male,College,2.16,0,6.87,2.24,86.13,97.61
STU_10042,14,Male,High School,6.81,2.51,6.29,0,66.52,84.2
STU_10043,23,Male,University,3.51,0.73,5.91,0,68.2,91.6
STU_10044,20,Female,College,5.02,2.61,7.94,0,76.15,98.62
STU_10045,25,Female,University,3.46,3.56,7.99,0.07,73.91,90.54
STU_10046,23,Female,University,1.16,3.63,7.41,1.15,57.95,83.71
STU_10047,17,Female,High School,0,3.18,6.83,2.31,66.5,98.92
STU_10048,14,Female,High School,5.07,6.15,6.01,2.71,81.09,95.76
STU_10049,19,Female,College,0,5.35,9.43,2.62,81.78,97.67
STU_10050,14,Male,High School,6.41,0.78,7.22,0.09,85.9,77.59
STU_10051,18,Non-binary,College,4.82,3.63,5.01,0,63.36,80.21
STU_10052,22,Female,University,9.56,3.53,6.12,0,62.28,75.32
STU_10053,15,Male,High School,3.04,0.51,6.97,1.06,77.58,90.11
STU_10054,21,Female,College,8.84,1.51,6.18,2.62,74.07,98.53
STU_10055,15,Female,High School,3.77,0,6.75,1.26,66.71,74.84
STU_10056,23,Female,University,6.82,1.51,6.65,0,76.13,82.54
STU_10057,24,Male,University,5.86,3.66,6.23,3.71,75.54,99.21
STU_10058,24,Female,University,0,4.42,6.69,2.12,82.39,81.62
STU_10059,15,Male,High School,11.28,5.87,4.85,0,65.21,70.14
STU_10060,17,Female,High School,8.55,3.92,5.95,0.89,73.92,75.24
STU_10061,19,Female,College,5.49,3.23,8.24,0,65.95,98.08
STU_10062,20,Female,College,7.82,5.8,5.55,2.52,75.57,97.65
STU_10063,24,Female,University,5.18,5.3,4.67,2.28,83,94.3
STU_10064,23,Female,University,6.72,1.5,7.23,3.43,79.69,98.87
STU_10065,19,Male,College,4.89,2.28,7.66,1.41,67.15,84.82
STU_10066,21,Female,College,1.9,3.75,4.77,0.44,78.42,81.17
STU_10067,17,Female,High School,4.25,0.07,7.06,0,71.06,68.86
STU_10068,22,Male,University,3.19,3.2,6.4,2.82,67.51,98.77
STU_10069,23,Male,University,6.08,3.29,6.89,0.98,76.01,82.55
STU_10070,15,Female,High School,1.87,3.82,7.43,0,75.62,80.99
STU_10071,18,Male,College,4.87,4.07,6.91,0.26,64.58,64.79
STU_10072,17,Female,High School,0.98,1.89,8.18,2.1,82.81,97.59
STU_10073,24,Male,University,6.43,3.29,6.87,0.2,66.44,82.2
STU_10074,16,Male,High School,1.45,1.75,8.93,0,75.15,83.66
STU_10075,24,Female,University,6.01,4.23,6.07,1.64,76.22,80.08
STU_10076,14,Female,High School,4.79,2.87,6.42,3.15,83.81,99.18
STU_10077,19,Female,College,7.11,4.25,5.44,1.33,48.82,79.4
STU_10078,25,Female,University,4.12,0,6.29,1.14,71.55,91.19
STU_10079,17,Female,High School,6.53,0.18,6.42,3.94,85.19,95.61
STU_10080,16,Female,High School,4.87,3.08,7.64,0.12,79.09,89.3
STU_10081,24,Male,University,5.57,0.24,6.49,0.8,73.52,87.22
STU_10082,20,Male,College,0.02,4.32,7.32,1.03,81.27,99.84
STU_10083,21,Male,College,2.89,4.34,8.28,0.1,84.87,86.86
STU_10084,21,Male,College,4.09,3.33,7.73,0.3,76.58,87.6
STU_10085,15,Male,High School,7.93,1.94,5.06,0.68,70.71,66.79
STU_10086,15,Male,High School,5.36,1.87,4.82,0,61.15,95.71
STU_10087,17,Non-binary,High School,0.2,4.11,4.49,1.95,70.84,83.68
STU_10088,17,Male,High School,5.59,3.6,7.44,2.19,80.8,98.19
STU_10089,22,Male,University,2.31,0.95,3.4,1.25,82.39,95.66
STU_10090,14,Female,High School,2.52,3.26,6.09,3.02,80.94,92.27
STU_10091,13,Male,High School,4.35,5.17,5.61,0.27,83.1,82.99
STU_10092,20,Male,College,5.19,3.52,6.66,1.22,53.7,97.28
STU_10093,15,Male,High School,2.56,1.83,6.48,1.55,68.82,78.76
STU_10094,13,Male,High School,0.13,2.1,5.18,1.22,83.92,86.24
STU_10095,13,Male,High School,4.06,1.83,7.26,0.86,52.07,86.62
STU_10096,23,Male,University,3.94,1.7,7.44,1.6,65.49,98.06
STU_10097,14,Female,High School,8.08,0.32,6.04,0,73.42,82.33
STU_10098,18,Male,College,4.61,2.69,5.15,1.57,86.86,91.2
STU_10099,18,Male,College,7.45,0,6.85,0,72.17,68.5
STU_10100,15,Female,High School,9.79,3.9,5.47,1.26,65.58,84.51
STU_10101,24,Male,University,1.73,1.91,6.97,0,84.9,75.3
STU_10102,16,Male,High School,8.18,4.88,5.87,0.25,74.26,73.92
STU_10103,24,Female,University,6.83,0.71,4.46,2.1,67.63,93.05
STU_10104,25,Female,University,0,2.26,4.8,0.28,69.85,70.58
STU_10105,14,Female,High School,4.03,2.7,6.03,0.08,56.4,75.67
STU_10106,14,Male,High School,6.26,0.42,7.91,1.17,85.26,82.57
STU_10107,19,Non-binary,College,5.34,3.38,5.07,1.5,64.7,98.01
STU_10108,25,Male,University,8.64,0.43,7.57,2.18,72.77,79.8
STU_10109,13,Male,High School,5.98,3.27,7.01,0.16,73.26,98.96
STU_10110,19,Female,College,0.93,5.17,9.67,0,71.34,86.82
STU_10111,24,Female,University,6.48,3.57,6.49,0.57,54.61,98.18
STU_10112,24,Male,University,1.64,1.7,6.42,2.28,69.09,94.5
STU_10113,13,Female,High School,3.12,4.6,5.09,0.17,76.22,96.18
STU_10114,18,Female,College,7.25,6.68,6.4,0.1,60,79.41
STU_10115,15,Male,High School,6.96,2.95,5.71,0.12,71.85,84.66
STU_10116,20,Female,College,4.6,1.32,5.88,2.1,62.82,98.46
STU_10117,18,Male,College,2.69,2.64,6.21,0.96,69.35,98.07
STU_10118,23,Male,University,4,0.31,6.07,1.16,74.38,94.32
STU_10119,14,Male,High School,4.22,4.54,5.48,0,58.13,75.87
STU_10120,20,Female,College,3.08,3.05,5.96,2.51,87.49,95.06
STU_10121,17,Male,High School,7.34,1.55,8.65,0.6,76.4,82.45
STU_10122,20,Female,College,3.46,3.44,5.97,0,63.74,91.43
STU_10123,20,Non-binary,College,3.85,1.61,7.07,2.27,83.23,95.48
STU_10124,18,Female,College,3.91,2.15,6.35,2.52,68.96,92.86
STU_10125,14,Male,High School,6.24,2.5,4.89,2.33,72.42,84.15
STU_10126,20,Male,College,5.14,5.75,6.81,1.99,72.34,77.16
STU_10127,23,Male,University,5.05,0.47,7.23,0,78.06,96.16
STU_10128,18,Female,College,2.14,3.9,6.4,1.79,75.71,85.45
STU_10129,18,Non-binary,College,5.09,1.23,7.41,1.68,77.04,93.9
STU_10130,20,Female,College,6.37,5.68,5.72,1.12,65.74,97.66
STU_10131,13,Female,High School,3.64,0.85,6.97,2.61,81.29,92.21
STU_10132,14,Male,High School,4.86,0.89,7.7,0.2,61.07,84.46
STU_10133,24,Female,University,6.8,3.88,5.64,3,78.26,81.06
STU_10134,24,Male,University,2.5,2.5,8.73,0.67,77.6,98.43
STU_10135,21,Male,College,2.53,3.97,5.81,1.08,83.44,97.58
STU_10136,23,Female,University,4.2,4.7,7.35,0.48,66.36,79.65
STU_10137,24,Female,University,6.45,2.84,6.38,1.86,72.53,98.07
STU_10138,20,Male,College,0,4.34,7.25,2.07,76.1,91.15
STU_10139,24,Male,University,4.01,0,7.88,2.78,79.15,94.18
STU_10140,19,Male,College,2.74,3.16,7.52,0,75.99,92.02
STU_10141,19,Female,College,5.39,2.15,5.18,1.01,79.54,90.9
STU_10142,17,Male,High School,4.25,5.21,5.69,1.77,45.12,73.8
STU_10143,14,Female,High School,7.36,0,5.98,1.59,77.53,88.43
STU_10144,23,Male,University,6.12,1.19,6.33,0.51,75.65,83.75
STU_10145,18,Female,College,3.93,0.13,7.73,1.4,81.27,84.66
STU_10146,22,Male,University,1.95,2.89,5.13,1.91,66.7,93.3
STU_10147,15,Male,High School,5.37,2.96,7.07,0.02,72.77,78.66
STU_10148,16,Female,High School,3.75,2.57,7.06,0.1,75.45,90.9
STU_10149,25,Female,University,3.99,3.94,7.71,2.08,62.27,98.74
STU_10150,22,Male,University,1.59,4.49,5.4,1.38,68.61,96.6
STU_10151,24,Female,University,4.88,3.16,6.53,0.99,52.79,99.38
STU_10152,23,Female,University,3.23,0.1,7.35,1.99,78.24,97.69
STU_10153,14,Male,High School,3.48,1.5,4.9,0.03,69.88,85.08
STU_10154,14,Male,High School,0,3.73,6.54,0,76.29,94.52
STU_10155,24,Male,University,4.58,2.95,5.3,0.37,69.5,76.33
STU_10156,20,Female,College,2.12,1.34,6.29,0.71,80.87,97.85
STU_10157,20,Male,College,5.79,4.36,7.46,0,72.55,80.12
STU_10158,22,Male,University,4.68,3.56,7.59,2.16,77.99,99.48
STU_10159,18,Female,College,0.83,4.34,6.73,0.81,79.9,91.69
STU_10160,25,Female,University,4.24,3.18,8.35,1.98,82.16,92.56
STU_10161,17,Male,High School,5.04,1.22,6.35,3.24,85.62,81.13
STU_10162,20,Male,College,9.72,5.12,4.24,1.23,55.79,72.75
STU_10163,16,Female,High School,6,3.73,6.97,0.06,56.56,80.25
STU_10164,23,Male,University,1.27,3.46,7.48,1.78,76.78,85.58
STU_10165,16,Male,High School,9.36,4.13,5.51,2.85,73.43,98.49
STU_10166,17,Female,High School,3.81,2.03,6.45,2.82,76.22,97.98
STU_10167,13,Female,High School,3.8,3.53,6.49,3.89,74.85,97.21
STU_10168,13,Female,High School,9.35,2.31,6.49,0.26,52.97,78.88
STU_10169,14,Male,High School,2.93,1.17,7.57,0.73,86.14,85.92
STU_10170,20,Female,College,4.11,0.08,7.67,1.94,78.2,90.25
STU_10171,19,Male,College,0.42,0,7.14,0.14,79.12,86.71
STU_10172,22,Male,University,4.4,3.19,6.31,1.29,85.58,93.21
STU_10173,21,Female,College,4.12,1.17,6.76,0.25,61.45,85.47
STU_10174,17,Female,High School,3.51,1.6,5.82,0,74.32,76.86
STU_10175,14,Male,High School,4.9,1.11,5.37,0.2,62.95,91.53
STU_10176,19,Male,College,2.45,0,8.56,1.85,83.07,95.41
STU_10177,20,Male,College,8.16,4.42,5.81,0.16,46.02,82.58
STU_10178,24,Female,University,4.55,6.15,5.16,1.47,62.71,92.64
STU_10179,19,Female,College,2.58,0,6.39,2.58,77.07,95.8
STU_10180,19,Male,College,1.02,3.2,6.39,2.23,70.74,87.9
STU_10181,24,Male,University,4.62,0.37,7.39,2.57,70.55,93.66
STU_10182,17,Male,High School,6.8,3.96,7.72,1.66,67.32,88.47
STU_10183,14,Male,High School,5.39,5.04,5.69,0.81,57.19,75.7
STU_10184,18,Female,College,9.46,3.9,3.38,2.9,79.88,93.82
STU_10185,16,Female,High School,9.52,0.84,6.38,0,70.53,84.78
STU_10186,22,Male,University,1.3,1.23,5.41,0.89,72.43,98.02
STU_10187,14,Male,High School,0.77,1.72,6.7,0,69.82,80.63
STU_10188,24,Male,University,2.58,3.75,8.57,1.17,84.93,89.17
STU_10189,21,Male,College,6.26,2.1,4.67,0,49.52,78.91
STU_10190,19,Male,College,5.48,3.74,5.52,0.26,74.85,66.39
STU_10191,18,Female,College,7.03,2.52,4.86,1.1,72.13,87.33
STU_10192,24,Male,University,1.91,2.38,5.3,2.73,84.52,90.34
STU_10193,17,Male,High School,0.07,2.72,6.51,0.7,86.96,97.62
STU_10194,15,Female,High School,3.02,2.43,6.48,2.41,71.48,99.59
STU_10195,24,Male,University,5.97,0,7.99,0,74.4,92.68
STU_10196,22,Female,University,4.9,0.79,6.06,0.19,72.08,99.54
STU_10197,22,Female,University,7.61,5.47,6.42,0.83,74.86,75.4
STU_10198,16,Female,High School,2.72,3.36,8.8,1.83,78.66,96.77
STU_10199,15,Male,High School,6.6,5.42,7.78,2.19,85.13,85.88
STU_10200,24,Female,University,2.98,0.9,6.24,0.9,82.75,88.19
STU_10201,23,Male,University,6.45,2.49,8.17,1.23,75.5,78.27
STU_10202,20,Female,College,6.4,2.14,7,1.14,76.25,96.29
STU_10203,15,Female,High School,8.44,0.62,7.67,0,84.35,73.89
STU_10204,19,Male,College,1.15,0,6.02,2.89,78.15,99.46
STU_10205,19,Male,College,7.96,0.72,5.79,2.14,71.64,97.14
STU_10206,19,Female,College,5.61,4.39,6.71,0,83.05,81.67
STU_10207,25,Female,University,4.65,1.64,4.85,1.79,77.3,91.57
STU_10208,19,Female,College,4.17,1.93,5.88,2.6,70.21,99.32
STU_10209,14,Female,High School,4.32,2.48,5.12,1.96,80.48,98.19
STU_10210,22,Female,University,4.6,2.79,6.06,0,67.14,94.09
STU_10211,15,Female,High School,0.48,1.96,6.95,0.12,61.68,99.51
STU_10212,22,Male,University,5.11,1.8,9.91,0,73.93,96.63
STU_10213,21,Male,College,4.88,3.22,6.77,1.17,88.32,94.33
STU_10214,15,Female,High School,2.86,5.43,4.79,0,84.84,73.08
STU_10215,14,Male,High School,4.58,1.39,6.87,2.43,78.19,90.34
STU_10216,21,Female,College,7.26,0,3.36,1.08,79.03,86.88
STU_10217,25,Male,University,2.96,1.37,7.85,0,72.5,93.58
STU_10218,22,Female,University,1.65,2.32,8.05,4,84.74,99.6
STU_10219,21,Male,College,2.69,0,5.37,0,63.95,81.16
STU_10220,16,Male,High School,0,2.68,7.75,3.19,85.59,99.84
STU_10221,24,Male,University,8.98,3.53,5.47,1.33,55.86,71.3
STU_10222,21,Male,College,2.42,0.64,6.13,2.68,78.28,97.54
STU_10223,15,Female,High School,7.66,1.97,7.91,0,66.47,90.41
STU_10224,19,Female,College,1.4,3.72,6.33,1.81,80,95.2
STU_10225,19,Female,College,2.95,2.44,7.19,1.75,73.2,87.94
STU_10226,23,Male,University,4.66,2.78,6.11,2.59,80.24,91.7
STU_10227,20,Male,College,6.11,2.31,8.01,0,75.34,87.18
STU_10228,22,Male,University,4.33,2.66,6.27,1.27,75.24,96.34
STU_10229,16,Male,High School,0.65,5.34,6.08,2.46,67.59,99.42
STU_10230,15,Male,High School,4.36,3.53,6.48,0,74.03,55.16
STU_10231,15,Male,High School,7.65,0,4.8,0,59.36,76.01
STU_10232,24,Female,University,5.31,2.8,8.73,0,78.88,81.17
STU_10233,17,Female,High School,9.6,5.43,6.88,0.09,70.2,88.76
STU_10234,23,Female,University,4.93,2.59,6.25,0.44,72.8,96.1
STU_10235,13,Female,High School,7.03,0,5.51,1.61,68.62,85.9
STU_10236,22,Female,University,5.81,0.66,5.98,1.31,60.13,82.75
STU_10237,15,Female,High School,2.92,2.32,5.47,1.25,68.56,93.75
STU_10238,18,Male,College,4.35,1.07,6.01,0.34,64.6,65.6
STU_10239,15,Male,High School,7.28,5.42,5.19,0.97,59.5,90.76
STU_10240,17,Female,High School,3.63,0.59,5.45,1.92,79.48,78.28
STU_10241,21,Female,College,5.5,2.42,7.76,0,63.72,79.09
STU_10242,14,Female,High School,2.95,2.49,6.68,0.52,76.31,92.87
STU_10243,23,Female,University,6.82,5.29,6.55,1.46,48.95,80.64
STU_10244,14,Male,High School,4.71,2.34,6.18,1.45,74.49,87.34
STU_10245,24,Male,University,6.66,4.55,4.72,1.43,74.54,86.04
STU_10246,18,Male,College,7.61,2.04,5.54,0.12,63.19,89.11
STU_10247,18,Non-binary,College,6.18,2.28,5.59,1.1,62.09,85.43
STU_10248,23,Female,University,4.05,1.83,7.86,1.26,73.08,91.68
STU_10249,23,Female,University,4.09,0,8.46,1.73,86.37,60.88
STU_10250,20,Male,College,0,4.31,5.53,1.63,77.59,98.74
STU_10251,24,Male,University,5.57,3.8,6.11,0.65,74.55,99.91
STU_10252,25,Male,University,7.12,2.47,6.14,0.11,64.2,89.39
STU_10253,23,Female,University,1.4,1.66,6.46,0.42,74.79,91.49
STU_10254,14,Male,High School,4.11,0.28,6.39,0,74.73,84.57
STU_10255,21,Male,College,4.06,1.52,6.75,0.83,59.51,88.59
STU_10256,14,Male,High School,5.66,2.44,4.93,0,50.94,70.1
STU_10257,25,Female,University,4.87,3.07,6.65,0.77,73.05,75.94
STU_10258,13,Female,High School,2.22,3.34,7.25,0,76.15,85.51
STU_10259,22,Female,University,8.53,0.86,4.66,2.02,61.93,65.44
STU_10260,14,Male,High School,0.33,0.93,9.04,2.52,72.21,98.02
STU_10261,24,Male,University,2.98,2.37,6.68,1.42,77.57,89.04
STU_10262,19,Male,College,1.17,1.89,8.77,0,76.37,70.44
STU_10263,20,Female,College,5.39,3.72,6.53,0.86,62.39,71.4
STU_10264,17,Female,High School,5.66,0,6.63,1.29,75.5,96.36
STU_10265,18,Female,College,4.21,3.54,7.7,0,76.62,95.73
STU_10266,24,Male,University,1.47,2.61,7.37,0,73.16,98.8
STU_10267,13,Female,High School,2.17,1.39,5.54,3.59,80.82,90.2
STU_10268,18,Female,College,6.73,3.08,6.29,0.83,74.21,83.55
STU_10269,24,Male,University,4.3,3.57,7.04,1.56,71.35,95.77
STU_10270,20,Male,College,3.36,0,6.2,1.21,54.44,99.9
STU_10271,25,Female,University,2.76,6.01,8.02,2.59,78.02,99.22
STU_10272,15,Female,High School,4.2,2.42,6.34,1.54,68.12,78.6
STU_10273,23,Non-binary,University,5.92,3.33,6.49,1.7,63.55,91.1
STU_10274,13,Female,High School,3.89,3.28,6.48,1.16,64.4,88.06
STU_10275,23,Male,University,5.58,2.8,7.51,0.65,79.51,91.34
STU_10276,16,Female,High School,0.59,1.56,8.25,1,87.2,98.78
STU_10277,13,Male,High School,7.34,2.67,5.98,0,60.13,89.93
STU_10278,20,Female,College,4.41,2.51,5.59,1.17,73.61,98.1
STU_10279,17,Female,High School,2.05,3.01,5.42,1.82,81.34,74.77
STU_10280,13,Female,High School,5.6,5.26,5.68,1.71,78.89,99.57
STU_10281,20,Female,College,4.95,1.95,6.65,0.75,71.38,99.23
STU_10282,21,Female,College,1.69,0.85,6.95,2.68,81.18,88.6
STU_10283,22,Female,University,4.2,2.58,6.29,0,77.57,99.75
STU_10284,14,Male,High School,3.21,1.18,5.95,2.62,81.95,96.19
STU_10285,21,Male,College,1.33,0.5,5.44,0.29,73.2,85.02
STU_10286,20,Female,College,3.45,1.16,6.73,0.43,75.2,85.31
STU_10287,19,Non-binary,College,1.89,0,5.93,0,83.29,90.09
STU_10288,15,Male,High School,1.44,0.19,7.28,0.02,81.36,80.11
STU_10289,14,Male,High School,5.74,5.13,6.45,1.32,86.05,85.74
STU_10290,19,Male,College,5.26,4.4,7.71,1.45,77.94,91.02
STU_10291,17,Female,High School,3.86,2.44,6.04,2.51,72.44,97.9
STU_10292,18,Female,College,0,0.55,5.8,3.15,82.14,92.67
STU_10293,16,Female,High School,4.32,0,6.44,0.14,77.75,88.33
STU_10294,14,Non-binary,High School,6.4,1.99,6.45,0.91,77.06,81.21
STU_10295,21,Female,College,7.53,3.67,7.42,0,71.27,74.62
STU_10296,15,Male,High School,7.04,2.28,7.5,0,84.41,92.16
STU_10297,24,Female,University,1.53,4.2,6.57,1.41,82.6,81.47
STU_10298,19,Female,College,2.56,1.73,6.53,0,64.79,99.49
STU_10299,20,Non-binary,College,4.08,1.98,5.15,0,68.27,73.78
STU_10300,14,Male,High School,4.31,3.47,5.94,1.33,72.5,87.36
STU_10301,18,Male,College,4.58,0.09,7.31,0.1,60.1,85.03
STU_10302,23,Male,University,7.3,2.86,7.6,0.13,73.09,78.89
STU_10303,20,Female,College,4.99,2.78,7.2,1.78,81.62,98.22
STU_10304,19,Male,College,7.53,2.08,5.35,0.42,72.77,84.49
STU_10305,23,Female,University,2.56,4.91,4.9,0.19,54.68,99.86
STU_10306,15,Female,High School,3.53,3.74,6.84,2.53,87.39,96.15
STU_10307,13,Male,High School,3.44,0,6.48,4.08,61.39,97.53
STU_10308,18,Female,College,4.36,1.81,7.27,1.8,83.48,87.37
STU_10309,20,Female,College,1.11,1.25,6.19,1.71,77.46,91.33
STU_10310,18,Female,College,9.3,2.29,7.83,2.59,72.25,92.73
STU_10311,17,Male,High School,4.74,0.72,6.15,0,66.1,57.81
STU_10312,23,Male,University,1.64,0.6,9.04,2.73,87.48,97.11
STU_10313,24,Female,University,1.78,2.2,7.81,2.55,75.32,95.08
STU_10314,20,Male,College,4.7,2.64,7.16,0,74.99,82.6
STU_10315,14,Female,High School,5.98,1.02,5.21,1.29,79.25,94.9
STU_10316,24,Non-binary,University,6.85,0.81,4.8,0.48,69.94,90.21
STU_10317,13,Female,High School,4.62,0,6.56,0.13,77.42,99.65
STU_10318,13,Male,High School,6.02,3.07,4.77,0,55.49,86.21
STU_10319,16,Male,High School,5.35,1.79,7.66,1.89,85.54,87.04
STU_10320,18,Female,College,4.24,1.43,7.8,0,82.4,64.69
STU_10321,25,Female,University,3.65,4,6.99,1.11,77.65,98.07
STU_10322,21,Male,College,4.57,0,6.06,1.6,66.24,75.48
STU_10323,13,Male,High School,4.21,3.45,7.61,1.65,69.58,80.47
STU_10324,24,Female,University,4.48,5.06,6.2,2.02,71.63,75.58
STU_10325,13,Male,High School,5.62,0,5.7,0.65,85.63,87.51
STU_10326,25,Male,University,8.55,0,5.9,2.12,70.48,95.3
STU_10327,25,Male,University,1.99,0,7.1,0,73.74,66.78
STU_10328,17,Male,High School,4.74,0.33,7.24,3.01,75.67,86.27
STU_10329,22,Male,University,5.38,4.3,7.65,2.16,78.29,97.35
STU_10330,17,Male,High School,3.57,2.02,4.69,0,77.36,80.45
STU_10331,17,Male,High School,6.87,5.88,7.55,1.7,82.01,99.15
STU_10332,22,Female,University,3.28,1.83,7.05,0.18,74.31,89.73
STU_10333,18,Female,College,6.19,1.97,6.75,0,82.21,92.45
STU_10334,20,Male,College,7.65,4.89,6.42,2.97,62.58,84.91
STU_10335,15,Female,High School,5.49,0,6.93,0,75.6,85.19
STU_10336,21,Male,College,4.06,2.7,7.45,0,63.6,66.23
STU_10337,25,Male,University,5.7,3.48,10,0,73.89,99.85
STU_10338,13,Male,High School,3.51,4.51,8.77,0,54.64,89.03
STU_10339,16,Female,High School,2.73,4.11,6.53,0,77.64,78.26
STU_10340,21,Male,College,5.42,2.97,8.47,4.5,81.94,94.57
STU_10341,20,Male,College,6.37,4.83,6.93,1.37,66.7,86.69
STU_10342,22,Female,University,4.74,4.96,4.85,0,67.44,66.47
STU_10343,21,Female,College,5.9,3.67,4.76,2.79,78.35,99.82
STU_10344,13,Female,High School,10.27,0.68,5.82,0,55.93,50.85
STU_10345,21,Female,College,7.55,2.77,7.47,0.24,71.8,92.6
STU_10346,15,Female,High School,3.09,3.98,6.71,1.16,80,67.13
STU_10347,23,Male,University,4.96,2,7.92,1.88,73.75,93.06
STU_10348,24,Male,University,5.26,3.76,7.45,1.32,65.79,97.57
STU_10349,22,Non-binary,University,2.4,2.38,7.47,0.85,78.61,87.51
STU_10350,21,Female,College,6.04,1.48,6.17,2,69.98,82.93
STU_10351,13,Female,High School,2.61,2.77,6.25,2.33,83.35,99.08
STU_10352,13,Male,High School,6.18,0.04,6.11,0,60.36,83.91
STU_10353,21,Male,College,9.33,2.95,6.72,1.36,65.22,73.12
STU_10354,23,Male,University,4.18,1.21,6.87,0,69.03,86.48
STU_10355,18,Male,College,5.59,3.54,6.36,0.36,71.28,88.96
STU_10356,16,Male,High School,5.23,0.45,5.86,1.78,79.21,99.29
STU_10357,19,Male,College,2.17,5.95,7.95,1.33,74.92,94.81
STU_10358,17,Female,High School,2.66,0.66,8.03,2,67.55,97.48
STU_10359,22,Male,University,5.4,4.04,9.59,0.8,87.36,96.6
STU_10360,19,Male,College,4.83,2.23,6.73,0,68.26,88.84
STU_10361,20,Male,College,4.17,3.44,8.61,0,67.5,99.84
STU_10362,20,Male,College,6.83,3.82,5.66,0.83,62.93,72.06
STU_10363,13,Male,High School,5.67,2.14,4.69,2.06,67.7,97.81
STU_10364,20,Male,College,10.01,2.2,4.82,0,52.23,72.16
STU_10365,18,Male,College,2.18,2.16,7.94,0.92,74.87,92.33
STU_10366,16,Female,High School,3.5,0,5.45,1.51,65.1,89.93
STU_10367,25,Male,University,8.13,4,5.66,1.59,65.83,88.3
STU_10368,24,Female,University,8.72,2.57,6.35,1.1,62.02,80.92
STU_10369,20,Female,College,2.35,1.89,7.97,1.43,72.85,93.56
STU_10370,15,Female,High School,3.53,2.26,5.57,0.73,77.73,99.45
STU_10371,25,Male,University,4.05,1.7,7.69,0,75.7,87.6
STU_10372,16,Male,High School,8.02,0,6.01,1.41,77.26,90.63
STU_10373,18,Female,College,4.16,1.71,7.83,1.36,80.34,98.01
STU_10374,23,Non-binary,University,4.08,2.49,7.44,2.01,69.31,95.72
STU_10375,19,Female,College,3.84,1.04,6.29,3.25,80.4,98.64
STU_10376,16,Male,High School,4.77,2.59,5.23,1.04,65.42,78.07
STU_10377,16,Female,High School,5.36,4.03,7.47,0,76.98,91.61
STU_10378,19,Female,College,9.2,1.43,4.78,0.99,67.98,76.05
STU_10379,18,Female,College,8.16,0,6.35,1.98,68.45,93.73
STU_10380,25,Male,University,1.8,2.59,6.67,1,75.45,85.97
STU_10381,23,Male,University,4.03,3.27,5.45,0.87,75.23,97.47
STU_10382,20,Male,College,4.55,5.59,5.45,2.48,78.69,82.57
STU_10383,13,Female,High School,3.39,1.63,6.56,3.59,87.41,81.89
STU_10384,22,Female,University,7.01,2.56,5.86,0.6,77.4,89.85
STU_10385,25,Non-binary,University,7.87,4.69,5.91,0,73.22,98.25
STU_10386,23,Female,University,3.3,0.95,6.45,1.08,86.8,89.46
STU_10387,19,Male,College,4.53,3.5,7.78,2.16,80.87,88.52
STU_10388,24,Female,University,6.74,3.44,7.72,2.52,85.61,93.69
STU_10389,19,Male,College,7.17,3.61,5.09,1.6,59.75,73.36
STU_10390,23,Female,University,3.24,1.45,6.08,0.57,80.58,90.09
STU_10391,19,Female,College,5.7,0.85,6.75,0.36,74.42,88.08
STU_10392,19,Male,College,2.77,2.04,6.25,2.14,82.53,99.08
STU_10393,22,Male,University,7.14,2.48,5.81,0.54,49.69,80.56
STU_10394,22,Male,University,2.68,0.09,6.86,0.83,73.1,89.63
STU_10395,20,Male,College,4.78,3.44,5.28,0,55.97,88.64
STU_10396,21,Female,College,3.31,4.01,6.12,1.14,56.89,91.19
STU_10397,21,Male,College,2.04,0.25,5.74,1.64,82.54,94.61
STU_10398,14,Male,High School,3.07,4.12,6.65,3.7,73.16,98.23
STU_10399,25,Male,University,3.64,0.4,9.86,0,50.93,98.74
STU_10400,25,Female,University,7.62,1.19,5.47,1.71,79.18,90.88
STU_10401,19,Male,College,3.32,2.55,5.45,2.37,80.81,96.52
STU_10402,19,Male,College,4.68,2.67,4.27,1.4,74.99,84
STU_10403,16,Female,High School,2.82,4.94,6.17,3.34,81.04,99.54
STU_10404,21,Male,College,6.8,3.64,5.65,1.87,69.4,95.2
STU_10405,20,Male,College,7.14,3,5.54,1.69,64.51,96.16
STU_10406,24,Female,University,6.46,1.29,8.42,0.32,79.6,79.91
STU_10407,13,Male,High School,3.61,1.6,6.92,1.58,80.54,88.97
STU_10408,14,Female,High School,2.84,0.77,8.46,0.14,64.84,83.56
STU_10409,25,Female,University,2.2,1.64,8.16,0.19,72.71,81.77
STU_10410,25,Female,University,6.42,5.61,4.57,1.48,70.71,81.46
STU_10411,14,Male,High School,3.35,2.3,7.95,2.18,81.85,98.23
STU_10412,24,Female,University,6.63,2.83,6.14,1.09,77.2,82.92
STU_10413,24,Female,University,2.36,1.71,5.34,2.41,64.8,86.79
STU_10414,23,Male,University,3.98,0.81,5.97,0.45,56.91,85.19
STU_10415,20,Male,College,3.36,2.77,8.11,2.88,62.08,98.44
STU_10416,13,Male,High School,2.71,2.77,6.58,2.64,88.4,92.28
STU_10417,16,Female,High School,0.14,4.59,6.49,2.73,67.25,98.03
STU_10418,22,Female,University,1.19,1.62,8.24,0.44,70.52,82.38
STU_10419,24,Female,University,7.32,1.71,7.82,1.39,63.61,74.48
STU_10420,17,Female,High School,2.41,1.1,7.53,3.98,81.17,98.7
STU_10421,21,Male,College,6.17,2.9,5.89,0,65.4,65.45
STU_10422,19,Female,College,4.54,4.43,7.74,1.02,79.93,99.14
STU_10423,20,Non-binary,College,3.64,4.36,4.29,1.97,71.5,98.51
STU_10424,23,Male,University,3.44,5.59,6.57,0.38,72.23,82.71
STU_10425,21,Male,College,4.29,0.22,8.1,0.57,78.61,88.97
STU_10426,25,Male,University,6.17,3.1,7.72,0.48,61.88,82.38
STU_10427,19,Male,College,1.43,3.31,9.07,0.37,83.1,99.03
STU_10428,17,Female,High School,4.34,0,8.35,1.83,82.76,98.26
STU_10429,25,Female,University,5.46,4.23,6.66,0,53.21,77.24
STU_10430,17,Male,High School,6.36,0,5.49,0,55.41,79.31
STU_10431,22,Male,University,7.03,2.06,5.97,0.08,63.04,82.21
STU_10432,23,Female,University,4.04,0,6.63,3,82.61,97.31
STU_10433,18,Female,College,1,7.93,5.57,3.25,70.01,97.98
STU_10434,17,Male,High School,5.52,2.29,2.98,1.25,51.63,82.9
STU_10435,25,Male,University,4.2,4.21,6.48,3.3,79.28,99.47
STU_10436,24,Male,University,7.51,2.55,4.96,0.84,70.72,93.67
STU_10437,23,Male,University,5,1.23,6.87,3.16,83.72,83.62
STU_10438,21,Female,College,7.54,4.49,4.38,1.54,58.38,93.43
STU_10439,15,Male,High School,3.19,2.44,5.09,1.53,66.38,77.68
STU_10440,15,Female,High School,7.54,0.37,5.7,0.05,74.99,67.11
STU_10441,19,Female,College,4.89,1.36,7.74,1.13,73.69,76.57
STU_10442,19,Male,College,5.54,0.69,6.81,0.54,85.23,81.66
STU_10443,18,Male,College,0.21,2.34,7.96,0.32,77.06,85.63
STU_10444,15,Female,High School,7.28,1.99,4.97,0,79,83.45
STU_10445,25,Female,University,4.04,2.13,6.8,1.46,83.5,94.61
STU_10446,19,Female,College,5.74,3.36,5.24,0,60.22,93.37
STU_10447,17,Female,High School,3.68,7.33,7.63,2.07,63.41,76.7
STU_10448,19,Non-binary,College,7.38,2.63,7.58,0.41,77.1,79.92
STU_10449,14,Male,High School,5.07,1.03,5.99,0.96,58.89,88.88
STU_10450,18,Male,College,4.87,6.58,7.99,1.93,85.07,93.05
STU_10451,20,Male,College,9.23,5.16,5.4,0,54.95,61.84
STU_10452,13,Male,High School,0,3.49,9.07,0,77.93,93
STU_10453,16,Male,High School,3.48,2.75,5.29,0.12,64.68,68.47
STU_10454,23,Non-binary,University,4.11,3.21,5.16,2.24,84.92,82.6
STU_10455,13,Female,High School,2.43,0,7.8,2.1,84.72,99.9
STU_10456,13,Male,High School,5.33,0,5.72,0,62.87,69.05
STU_10457,22,Male,University,1.15,4.07,7.41,0.5,81.33,80.98
STU_10458,24,Male,University,1.25,5.1,5.57,1.52,78.64,97.23
STU_10459,23,Female,University,5.59,0,5.17,0.71,79.14,74.59
STU_10460,20,Male,College,2.21,0.92,8.23,1.99,83.82,98.4
STU_10461,19,Female,College,5.78,1.3,8.98,1.61,82.39,93.07
STU_10462,24,Female,University,3,0.81,6.8,3.1,56.66,99.03
STU_10463,22,Male,University,2.41,3.05,7.61,2.62,74.86,98.74
STU_10464,25,Female,University,2.03,3.84,6.6,1.6,84.37,94.51
STU_10465,13,Male,High School,2.12,0.67,7.86,1.52,81.27,98.31
STU_10466,23,Female,University,3.43,0,3.17,2.44,79.65,86.87
STU_10467,25,Male,University,2.51,0.38,6.38,3.63,84.31,95.1
STU_10468,14,Male,High School,4.19,1.68,9.09,0,66.24,91.27
STU_10469,16,Non-binary,High School,0,5.36,7.45,1.25,78.67,91.36
STU_10470,13,Female,High School,2.38,2.62,6.81,0.13,77.05,99.11
STU_10471,15,Male,High School,7.49,5.87,6.36,2.27,79.62,88.49
STU_10472,20,Male,College,1.36,3.93,8,2.26,77.78,98.49
STU_10473,20,Male,College,2.84,1.37,4.36,0.3,78.88,89.09
STU_10474,20,Female,College,7.6,2.74,5.76,1.55,56.77,80.22
STU_10475,18,Male,College,4.4,1.56,5.18,0.21,56.82,84.32
STU_10476,18,Female,College,0.19,0.53,9.99,1.74,84.05,97.05
STU_10477,17,Male,High School,5.99,1.95,4.59,2.81,59.39,91.92
STU_10478,25,Male,University,7.46,3.92,5.77,1.6,41.34,93.19
STU_10479,21,Female,College,4.44,1.46,7.44,2.81,86.88,99.02
STU_10480,16,Female,High School,3.1,2.07,7.58,3,71.2,96.63
STU_10481,22,Female,University,0.14,1.44,6.05,0.32,77.15,93.26
STU_10482,24,Female,University,3.29,4.93,5.3,3.41,82.97,98.15
STU_10483,24,Male,University,1.38,2.18,6.15,0.18,87.99,94.4
STU_10484,24,Female,University,4.48,1.92,6.03,0,83.59,89.52
STU_10485,19,Male,College,6.57,1.97,5.8,0.7,68.98,87.99
STU_10486,13,Male,High School,2.03,3.09,7.68,0,83.96,96.02
STU_10487,21,Male,College,6.21,2.66,5.58,0.67,76.69,66.73
STU_10488,19,Female,College,0.12,4.23,7.42,2.14,85.37,98.21
STU_10489,22,Male,University,3.88,1.81,5.93,3.5,81.28,91.32
STU_10490,24,Male,University,0,5.69,7.47,0.41,63.9,85.95
STU_10491,21,Male,College,4.96,1.2,7.01,0.03,65.71,93.69
STU_10492,19,Male,College,7.32,2.72,5.75,1.41,76.55,79.68
STU_10493,14,Male,High School,3.41,3.35,5.64,0.5,78.65,74.9
STU_10494,18,Male,College,4.9,2.46,5.87,1.59,71.26,99.59
STU_10495,22,Male,University,3.24,2.53,5.81,4.13,86.01,93.56
STU_10496,24,Male,University,5.38,0.92,6.68,0,58.12,76.6
STU_10497,23,Male,University,6.53,3.71,7.11,1.45,60.35,97.59
STU_10498,16,Female,High School,4.47,2.79,7.14,0,78.88,77.14
STU_10499,15,Female,High School,3.17,2.55,7.76,0.4,71.98,99.61
STU_10500,14,Female,High School,5.22,0,5.46,1.22,59.8,82.16
STU_10501,18,Female,College,9.04,3.52,5.75,0.79,76.92,68.24
STU_10502,20,Male,College,5.29,3.63,5.54,1.19,64.61,79.45
STU_10503,18,Male,College,1.32,0,7.37,1.96,84.44,88.59
STU_10504,21,Female,College,9.23,3.65,6.5,0,76.92,75.94
STU_10505,17,Female,High School,2.46,2.08,6.37,3.24,78.3,97.62
STU_10506,14,Non-binary,High School,2.54,0,5.23,0.07,56.7,87.49
STU_10507,20,Female,College,7.02,0.76,5.15,1.1,80.61,88.63
STU_10508,21,Male,College,3.45,0.27,4.51,2.55,79.23,97.49
STU_10509,22,Non-binary,University,5.74,0.97,6.58,0,58.33,84.23
STU_10510,16,Female,High School,5.56,3.47,5.8,0.58,64.07,99.82
STU_10511,18,Male,College,5.6,3.56,5.6,0.88,81.41,92.1
STU_10512,23,Non-binary,University,8.11,3.54,4.17,0.48,69.42,79.21
STU_10513,22,Male,University,3.83,2.04,6.02,0.58,77.79,81.44
STU_10514,20,Female,College,4.58,7.23,5.93,1.76,84.5,97.98
STU_10515,21,Male,College,2.21,0,6.89,1.36,85.45,99.1
STU_10516,24,Male,University,6.37,0.69,7.56,0.66,74.44,74.97
STU_10517,17,Female,High School,5.01,2.96,5.42,0,70.36,72.51
STU_10518,24,Male,University,7.65,1.29,6.17,0,54.29,74.78
STU_10519,18,Female,College,5.42,2,7.81,2.45,83.24,96.92
STU_10520,23,Female,University,8.83,2.58,7.12,0.57,77.53,98.67
STU_10521,16,Male,High School,4.18,1.97,7.78,0,61.11,87.99
STU_10522,17,Male,High School,5.09,0.02,6.48,2.31,83.18,73.92
STU_10523,19,Female,College,4.67,3.99,6.27,0,64.24,85.62
STU_10524,21,Female,College,2.76,4,6.38,4.58,78.87,94.43
STU_10525,22,Female,University,0,5.34,7.76,2.5,78.03,99.98
STU_10526,23,Female,University,5.06,0,5.57,0,78.03,99.35
STU_10527,25,Female,University,0.5,3.89,7.82,0.47,82.2,97.4
STU_10528,18,Male,College,5.66,0.95,5.41,1.38,76.53,80.12
STU_10529,18,Male,College,7.39,2.28,6.9,0.81,81.97,84.98
STU_10530,20,Non-binary,College,4.35,1.33,7.49,2.21,74,97.64
STU_10531,23,Female,University,5.45,0.78,7.64,2.44,83.86,97.88
STU_10532,16,Male,High School,5.54,3.62,7.02,0,62.82,83.3
STU_10533,15,Male,High School,6.88,5.52,6.43,0.69,64.2,98.55
STU_10534,19,Female,College,4.25,6.05,8.85,1.07,65.58,84.27
STU_10535,17,Female,High School,1.48,4.36,5.25,0,69.18,87.63
STU_10536,14,Male,High School,0.12,0.49,9.08,1.72,83.41,98.51
STU_10537,14,Female,High School,3.63,2.27,8.88,0,84.39,82.17
STU_10538,23,Male,University,0.43,2.4,6.77,2.56,85.35,96.15
STU_10539,18,Male,College,4.59,3.46,7.61,0.22,53.78,70.76
STU_10540,20,Female,College,5.13,3.82,8.4,0.91,72.7,94.41
STU_10541,13,Male,High School,3.18,1.67,6.8,0.99,70.91,96.45
STU_10542,23,Non-binary,University,6.35,4.75,5.94,0,53.57,85.32
STU_10543,18,Male,College,4.9,6.74,5.11,0.69,61.89,79.64
STU_10544,24,Male,University,2.84,3.14,9.55,0.8,85.44,95.42
STU_10545,14,Male,High School,3.36,1.48,8.35,1.73,80.08,93.41
STU_10546,14,Female,High School,7.87,4.43,4.75,0,56.7,75.79
STU_10547,19,Female,College,0.25,4.5,7.95,0.85,81.88,92.03
STU_10548,22,Male,University,3.9,3.75,6.28,4.65,78.75,98.45
STU_10549,13,Male,High School,5,2.49,4.7,1.51,80.97,84.99
STU_10550,18,Female,College,2.98,5.03,10.01,0.94,77.92,96.5
STU_10551,19,Male,College,2.69,0.77,5.99,1.68,76.35,92.65
STU_10552,20,Male,College,7.26,2.38,5.71,0.23,57.35,86.09
STU_10553,19,Female,College,9.11,5.63,4.97,2.3,60.83,89.28
STU_10554,18,Female,College,3.66,2.46,6.14,1.81,79.73,91.18
STU_10555,21,Male,College,4.56,2.55,6.49,0,65.06,71.74
STU_10556,25,Male,University,5.95,2.9,7.6,1.21,73.06,98.67
STU_10557,15,Male,High School,1.95,0.86,6.82,1.24,71.81,98.15
STU_10558,23,Male,University,4.68,0.44,7.52,2.31,82.67,80.11
STU_10559,18,Female,College,8.33,1.54,6.29,0,59.97,77.4
STU_10560,16,Female,High School,10.46,2.17,4.27,0.2,69.18,79.16
STU_10561,14,Male,High School,1.38,4.61,7.45,0.45,81.56,81.67
STU_10562,13,Male,High School,2.26,2.97,6.74,0,76.14,85.56
STU_10563,24,Male,University,3.42,5.23,4.28,0,76.55,88.68
STU_10564,24,Female,University,3.57,3.47,5.2,0.68,72.35,74.46
STU_10565,13,Male,High School,7.21,4.06,6.97,2.9,67.8,91.61
STU_10566,23,Non-binary,University,4.59,3.64,9.43,1.11,71.02,86.52
STU_10567,22,Male,University,7.01,5.36,6.11,1.56,77.32,82.14
STU_10568,15,Male,High School,5.1,2.61,2.8,0.61,78.36,80.21
STU_10569,16,Male,High School,4.22,2.67,7.13,0,57.72,72.72
STU_10570,14,Female,High School,5.62,0.59,4.73,0.75,60.29,71.48
STU_10571,25,Female,University,0,4.11,6.57,1.39,78.88,92.22
STU_10572,24,Female,University,3.68,1.62,9.07,2.95,84.47,96.02
STU_10573,23,Male,University,3.77,3.81,5.69,2.1,81.17,97.95
STU_10574,23,Male,University,1.02,2.85,7.64,1.65,78.18,96.62
STU_10575,23,Male,University,7.86,0.43,6.24,0,61.53,89.49
STU_10576,13,Male,High School,3.89,2.67,6.97,1.79,81.98,78.4
STU_10577,16,Male,High School,5.42,1.73,4.52,2.16,76.3,91.66
STU_10578,19,Female,College,6.66,0,6.82,0.48,84.52,78.12
STU_10579,22,Male,University,2.42,3.1,8.32,2.02,69.32,98.6
STU_10580,23,Male,University,5.21,5.58,4.61,2.01,64.35,90.5
STU_10581,18,Male,College,0.41,0.75,8.89,1.16,84.68,99.77
STU_10582,18,Male,College,5.86,0,5.51,0.66,62.99,89.83
STU_10583,23,Female,University,3.12,6.17,7.57,0,79.24,93.67
STU_10584,21,Male,College,3.8,0,6,2.35,71.44,99.08
STU_10585,14,Male,High School,7.3,5.68,4.55,2.12,57.86,99.57
STU_10586,16,Female,High School,8.86,4.78,6.31,2.06,61.5,81.15
STU_10587,17,Male,High School,2.7,2.65,7.35,1.49,77.76,98.02
STU_10588,13,Male,High School,2.37,1.34,5.23,1.35,76.17,98.72
STU_10589,20,Female,College,6.22,4.56,7.32,1.84,73.93,99.18
STU_10590,20,Male,College,6.11,2.79,4.76,1.57,71.76,90.78
STU_10591,18,Female,College,1.53,5.82,6.16,1.43,70.06,97.8
STU_10592,24,Male,University,4.44,3.47,6.74,2.45,65.47,76.48
STU_10593,17,Female,High School,4.45,5.69,5.34,3.2,80.78,96.23
STU_10594,20,Female,College,4.4,3.95,7.48,3.84,71.82,97.8
STU_10595,15,Female,High School,6.15,4.88,6.8,0,76.14,80.32
STU_10596,15,Female,High School,8.29,3.16,5.93,1.27,72.05,86.82
STU_10597,14,Male,High School,3.92,2.4,3.93,1.8,71.12,73.86
STU_10598,17,Female,High School,8.99,1.75,7.47,1.15,73.21,96.18
STU_10599,15,Male,High School,4.19,0.86,6.89,3.13,81.48,89.75
STU_10600,15,Female,High School,8.59,2.3,5.4,1.31,66.38,86.03
STU_10601,18,Male,College,5.56,0.7,6.73,4.27,85.24,98.73
STU_10602,20,Female,College,7.21,1.77,7.47,2.08,78.9,98.24
STU_10603,14,Female,High School,6.86,2.92,6.59,0,75.97,76.08
STU_10604,16,Female,High School,2.47,3.45,7.09,1.89,81.26,83.08
STU_10605,23,Male,University,5.41,4.97,4.26,0.52,77.25,99.15
STU_10606,19,Female,College,2.21,2.96,4.85,3.08,71.84,99.42
STU_10607,13,Male,High School,4.24,3.37,6.25,1.13,70.98,84.89
STU_10608,13,Male,High School,1.64,2.12,7.77,0.51,74.75,90.16
STU_10609,24,Female,University,4,2.51,8.01,1.48,70.12,97.18
STU_10610,25,Female,University,4.65,2.64,8.38,0.75,81.81,73.4
STU_10611,22,Female,University,2.37,6.28,9.19,0,64.09,93.21
STU_10612,19,Female,College,4.5,3.26,6.22,0,64.82,82.5
STU_10613,19,Male,College,6.51,0.36,7.02,2.02,80.57,99.13
STU_10614,13,Female,High School,2.05,2.92,7.15,0.96,65.57,87.83
STU_10615,13,Male,High School,6.72,0.97,5.74,2.3,73.83,90.86
STU_10616,16,Male,High School,6.81,1.33,7.73,0,56.37,80.02
STU_10617,17,Male,High School,2.12,2.59,7.98,1.1,74.61,98.86
STU_10618,17,Female,High School,0,3.3,6.99,3.2,67.62,99.87
STU_10619,16,Female,High School,7.23,3.19,5.02,1.81,74.17,83.4
STU_10620,20,Male,College,3.89,1.29,5.37,1.95,74.63,74.32
STU_10621,19,Female,College,4.5,0,6,1.82,60.69,98.19
STU_10622,21,Male,College,9.55,2.27,6.24,0,51.71,86.33
STU_10623,19,Female,College,5.56,2.38,5.7,1.66,81.23,98.61
STU_10624,22,Female,University,5.66,2.34,6.66,2.34,55.21,99.03
STU_10625,13,Male,High School,4.48,2.88,6.13,0.02,76.66,90.05
STU_10626,25,Non-binary,University,4.02,1.73,6.46,0,78.99,64.26
STU_10627,19,Male,College,4.34,4.15,6.89,2.14,77.22,93.77
STU_10628,13,Female,High School,4.13,3.71,6.31,1.41,68.67,92.01
STU_10629,19,Male,College,0.29,3.98,5.73,0.41,79.09,99.12
STU_10630,22,Male,University,2,5.14,6.09,3.56,84.36,90.47
STU_10631,20,Female,College,4.36,3.35,7.37,0.66,78.36,97.58
STU_10632,23,Male,University,9.59,2.6,6.15,1.63,70.44,94.28
STU_10633,21,Female,College,1.03,2.32,7.2,0,70.35,85.88
STU_10634,24,Male,University,3.2,3.77,6.42,1.57,60.28,97.39
STU_10635,15,Male,High School,3.18,2.64,5.72,0.49,72.36,83.64
STU_10636,16,Female,High School,6.23,0,4.83,1.72,54.53,90.59
STU_10637,16,Male,High School,4.73,1.43,7.01,2.66,73.71,97.98
STU_10638,24,Male,University,2.89,5.16,6.31,2.77,85.23,98.43
STU_10639,21,Female,College,7.39,0,6.69,0.79,59.28,75.39
STU_10640,25,Female,University,2.02,3.12,7.98,2.23,86.27,98.4
STU_10641,19,Male,College,3.23,3.49,5.4,4.3,73.8,99.27
STU_10642,15,Female,High School,1.72,2.34,3.29,1.25,72.79,84.09
STU_10643,22,Female,University,6.98,1.29,6.99,0.79,54.9,79.45
STU_10644,17,Male,High School,4.38,0.59,8.39,0,80.64,91.28
STU_10645,19,Female,College,2.72,2.84,6.62,1.76,78.89,90.68
STU_10646,20,Male,College,5.62,1.94,6.35,0.47,65.31,87.15
STU_10647,13,Female,High School,8.45,5.28,5.21,0,47.42,80.07
STU_10648,24,Female,University,0,3.36,7.83,0,69.92,91.1
STU_10649,14,Female,High School,6.04,1.79,4.91,0,67.51,69.73
STU_10650,19,Female,College,8.83,3.04,7.4,0,78.35,81.59
STU_10651,23,Male,University,8.39,1.28,6.27,2.34,68.13,72.2
STU_10652,25,Male,University,3.88,2.17,6.4,0.96,74.11,86.75
STU_10653,25,Male,University,4.74,0,6.06,0.07,67.2,99.63
STU_10654,14,Male,High School,5.02,1.85,7.67,3.15,59.78,99.12
STU_10655,19,Female,College,3.86,3.48,6.31,2.09,57.35,83.07
STU_10656,21,Female,College,6.81,2.2,8.02,0,76.71,84.15
STU_10657,23,Male,University,0.48,4.11,8.02,1.88,82.06,92.14
STU_10658,14,Male,High School,5.94,4.78,7.72,2.53,74.17,99.32
STU_10659,19,Female,College,4.31,3.79,6.23,0.49,68.58,90.51
STU_10660,16,Male,High School,7.03,6.08,6.46,1.18,60.76,88.43
STU_10661,23,Male,University,7.27,4.36,6.22,0,54.46,72.51
STU_10662,25,Female,University,4.78,2.56,6.19,1.75,69.14,97.21
STU_10663,14,Male,High School,2.94,2.13,5.6,3.64,81.29,99.8
STU_10664,25,Female,University,7.1,1.77,8.92,2.48,80.74,79.91
STU_10665,19,Male,College,1.32,1.22,6.54,1.26,74.5,83.27
STU_10666,25,Female,University,1.87,3.1,7.73,0.44,75.97,71.9
STU_10667,17,Female,High School,4.31,1.84,8,1.56,77.69,84.7
STU_10668,13,Male,High School,3.2,0.09,6.16,3.17,80.87,91.65
STU_10669,17,Male,High School,3.96,3.94,4.9,0.88,81.69,74.39
STU_10670,24,Male,University,3.74,1.45,7.3,1.27,75.37,80.76
STU_10671,24,Male,University,4.43,0,6.3,0,79.56,81.24
STU_10672,15,Male,High School,8.22,4.51,4.89,0.04,64.72,77.78
STU_10673,19,Female,College,1.61,4.57,6.16,1.01,66.51,80.68
STU_10674,18,Female,College,3.33,0.44,7.38,0.84,75.31,88.35
STU_10675,20,Female,College,6.56,1.53,4.57,0.1,47.17,93.44
STU_10676,25,Male,University,4.59,1.05,6.48,0.3,81,98.46
STU_10677,17,Female,High School,2.07,1.34,5.63,2.8,74.51,98.13
STU_10678,14,Male,High School,4.28,0,8.53,1.84,86.34,94.26
STU_10679,21,Female,College,0.73,1.75,7.05,2.58,79.86,98.63
STU_10680,23,Female,University,7.08,1.82,7.68,1.88,67.04,93.21
STU_10681,20,Female,College,4.8,5.34,7.43,2.29,63.18,84.6
STU_10682,18,Female,College,10,2.75,5.84,1.66,46.48,66.06
STU_10683,25,Male,University,1.7,1.53,7.9,3.32,81.47,97.73
STU_10684,22,Male,University,2.84,2.9,7.49,3.91,75.79,99.62
STU_10685,19,Female,College,4.93,0.07,7.97,1.59,78.05,99.5
STU_10686,21,Male,College,7.79,2.64,5.96,2.28,77.89,94.08
STU_10687,19,Male,College,3.29,1.31,7.19,0,73.16,78.65
STU_10688,15,Female,High School,2.74,2.73,5.57,1.13,77.12,99.53
STU_10689,18,Female,College,4.69,3.33,5.45,2.44,60.18,99.65
STU_10690,23,Male,University,2.82,1.51,7.69,0,73.4,92.6
STU_10691,25,Male,University,5.69,2.99,6.95,2.82,75.46,99.07
STU_10692,23,Male,University,4.69,1.26,5.57,0,66.7,79.03
STU_10693,19,Female,College,6.25,0.6,6.56,3.11,61.79,92.26
STU_10694,14,Female,High School,6.74,4.15,4.55,3.43,55.78,88.85
STU_10695,15,Female,High School,5.42,4.35,4.51,0,70.31,61.19
STU_10696,16,Female,High School,7.38,2.87,6.38,1.71,77.06,85.95
STU_10697,22,Male,University,3.66,3.91,5.76,1.33,75.03,87.86
STU_10698,18,Male,College,0.89,0,7.68,2.78,81.9,97.41
STU_10699,13,Female,High School,1.81,3.98,6.3,1.3,87.56,89.51
STU_10700,21,Female,College,4.29,5.07,5.5,1.04,80.98,82.2
STU_10701,17,Male,High School,5.54,3.59,7.8,2.19,71.12,91.3
STU_10702,25,Female,University,5.96,2.27,7.25,2.51,75.58,83.73
STU_10703,24,Male,University,2.88,0.1,6.35,0,71.58,87.68
STU_10704,19,Male,College,6.66,3.48,7.76,2.27,64.58,98.83
STU_10705,21,Female,College,0,3.5,5.93,2.38,87.29,99.69
STU_10706,21,Male,College,3.13,4.47,5.35,1.02,73.36,94.8
STU_10707,13,Female,High School,5.74,1.92,5.29,0,60.98,86.17
STU_10708,13,Male,High School,6.78,1.47,5.65,0.47,62.21,87.2
STU_10709,15,Female,High School,6.39,1.13,5.36,1.48,84.17,90.85
STU_10710,18,Female,College,6.83,0.83,6.1,0,60.33,70.81
STU_10711,14,Female,High School,4.93,3.39,5.37,2.16,66.96,99.24
STU_10712,22,Male,University,4.2,2.44,5.97,0.91,69.82,88.27
STU_10713,24,Male,University,0,3.34,7.07,3.9,82.46,98.45
STU_10714,23,Female,University,3.89,2.78,7.63,1.57,76.5,98.95
STU_10715,13,Male,High School,1.63,1.75,7.48,0,72.32,72.04
STU_10716,13,Female,High School,6.04,0.93,7.97,2.05,73.15,99.51
STU_10717,25,Female,University,1.08,4.88,6.73,1.65,73.16,99.1
STU_10718,17,Male,High School,4.11,2.9,6.36,1.09,82.88,89.49
STU_10719,16,Female,High School,1.52,4.63,8.6,3.64,90.3,98.13
STU_10720,13,Female,High School,4.47,3.35,7.5,0.02,82.29,89.07
STU_10721,16,Non-binary,High School,4.17,1.84,7.92,2.57,74.3,72.26
STU_10722,15,Male,High School,0.12,1.76,9.85,1.49,82.91,99.51
STU_10723,14,Male,High School,5.36,1.06,5.48,1.6,83.4,88.07
STU_10724,21,Male,College,3.79,4.79,4.45,2.41,71.23,99.03
STU_10725,23,Male,University,4.57,5.02,6.72,0,86.48,78.69
STU_10726,13,Male,High School,3.46,1.95,6.89,1.48,72.44,94.37
STU_10727,19,Non-binary,College,2.71,3.69,5.64,1.55,78.44,98.47
STU_10728,25,Male,University,6.39,1.87,6.68,0.61,63.29,92.02
STU_10729,16,Male,High School,7.08,0,6.2,0,74.3,94.05
STU_10730,17,Male,High School,6.92,1.47,6.66,1.24,69.97,82.73
STU_10731,22,Male,University,1.08,3.81,7.76,2.49,80.72,97.36
STU_10732,17,Male,High School,7.97,4.32,6.82,2.79,79,99.36
STU_10733,13,Female,High School,5.91,2.49,7.16,2.3,70.47,82.27
STU_10734,18,Male,College,7.62,1.27,3.17,0.59,62.95,80.93
STU_10735,25,Male,University,7.58,0.47,7.21,2.16,74.62,89.64
STU_10736,21,Male,College,5.37,1.93,5.3,0.48,56.98,83.74
STU_10737,14,Female,High School,2.51,2.06,6.85,0,78.42,89.84
STU_10738,19,Male,College,2.6,2.05,7.32,3.06,78.19,98.57
STU_10739,18,Male,College,2.8,0.39,8.23,0,77.12,99.87
STU_10740,17,Female,High School,4.05,3.14,6.17,0.19,76.29,79.01
STU_10741,16,Male,High School,2.03,2.68,7.03,1.38,65.94,98.18
STU_10742,16,Female,High School,0.21,2,6.9,1.32,61.27,81.2
STU_10743,18,Female,College,0.29,2.5,7.21,0,79.48,91.61
STU_10744,16,Male,High School,4.42,3.46,6.3,0.47,54.91,83.29
STU_10745,17,Female,High School,3.83,3.5,7.45,2.21,72.12,98.29
STU_10746,25,Female,University,5.77,4.77,7.85,1.53,79.62,90.97
STU_10747,18,Male,College,4.05,4.8,4.64,1.87,78.73,95.12
STU_10748,17,Female,High School,7.38,3.43,7.36,0,80.04,85.68
STU_10749,19,Male,College,3.03,2.21,8.01,0,75.72,96.71
STU_10750,21,Male,College,5.33,1.34,7.01,1.75,86.05,92.1
STU_10751,22,Female,University,5.52,3.8,9.36,3.32,73.68,76.16
STU_10752,19,Female,College,4.63,0.37,6.46,0.95,87.14,86.96
STU_10753,19,Female,College,7.03,2.65,5.44,1.2,76.03,78.98
STU_10754,16,Male,High School,5.82,0.82,9.46,1.35,84.68,84.21
STU_10755,13,Female,High School,6.51,4.26,3.99,2.05,60.26,88.84
STU_10756,20,Female,College,2.9,3.96,4.78,0.14,74.88,68.13
STU_10757,16,Male,High School,3.95,2.55,7.61,3.62,78.16,99.28
STU_10758,13,Non-binary,High School,0,7.72,7.05,3.24,86.72,96.02
STU_10759,17,Male,High School,4.34,1.16,5.19,2.08,71.72,74.93
STU_10760,20,Male,College,1.07,3.31,7.99,0.85,82.08,97.79
STU_10761,16,Male,High School,10.37,3.5,5.2,1.35,46.93,90.58
STU_10762,25,Male,University,5.25,2.93,4.15,1.69,52.73,99.06
STU_10763,24,Female,University,3.5,2,7.56,0.31,77.47,97.98
STU_10764,20,Male,College,6.38,2.7,7.46,0,67.26,81.86
STU_10765,20,Female,College,1.02,5.7,5.23,1.96,82.38,99.5
STU_10766,15,Male,High School,3.27,2.58,4.99,1,72.18,89.9
STU_10767,21,Male,College,3.63,3.68,3.53,2.52,74.04,86.44
STU_10768,15,Female,High School,6.11,0,6.46,0,81.77,82.17
STU_10769,13,Male,High School,2.05,2.24,6.37,1.68,78.2,81.65
STU_10770,14,Female,High School,2.76,6.61,5.68,2.85,75.58,99.77
STU_10771,18,Female,College,4.78,1.6,7.87,1.75,75.16,99.86
STU_10772,24,Female,University,6.08,1.5,5.82,2.62,61.4,89.18
STU_10773,22,Female,University,5.03,5.63,4.56,2.5,71.13,94.63
STU_10774,14,Female,High School,2.23,1.41,6.87,1.26,80.25,86.39
STU_10775,18,Non-binary,College,4.77,1.19,6.99,0.65,57.38,98.5
STU_10776,13,Male,High School,2.79,3.77,5.34,2.71,72.06,98.33
STU_10777,23,Female,University,2.14,6.78,5.05,1.9,80.44,82.57
STU_10778,25,Male,University,5.52,4.16,7.48,1.51,79.53,88.75
STU_10779,13,Male,High School,5.87,2.63,4.39,2.09,83.8,92.15
STU_10780,17,Male,High School,4.47,4.92,5.16,1.06,65.14,75.23
STU_10781,22,Non-binary,University,5.78,2.16,5.36,0.22,61.48,61.93
STU_10782,25,Female,University,6.42,1.6,6.21,3.09,70.86,83.45
STU_10783,23,Male,University,0,5.2,7.64,1.69,79.23,94.7
STU_10784,21,Male,College,5.53,4.89,6.54,0,59.34,86.37
STU_10785,20,Female,College,8.37,1.85,6.02,1.49,79.51,91.98
STU_10786,15,Male,High School,3.79,4.37,8.92,1.54,85.25,98.79
STU_10787,15,Male,High School,8.34,4.85,5.36,0.44,41.57,81.21
STU_10788,13,Female,High School,5.29,2.23,4.58,1.7,69.76,93.06
STU_10789,15,Female,High School,4.7,2.8,7.11,1.06,69.87,79.64
STU_10790,24,Male,University,5.17,0.37,6.59,0.13,65.51,78.57
STU_10791,24,Male,University,0.7,2.48,7.02,0.32,64.78,87.99
STU_10792,24,Female,University,8.68,1.44,5.62,0,65.83,77.46
STU_10793,25,Female,University,3.26,2.13,7.17,2.67,79.53,92.81
STU_10794,23,Male,University,1.5,0.13,8.96,2.35,84.94,98.82
STU_10795,13,Male,High School,3.17,4.86,8.34,2.19,81.02,99.01
STU_10796,20,Male,College,4.56,4.45,8.9,1.83,58.99,90.79
STU_10797,13,Female,High School,7.32,4.86,6.77,0,73.73,71.75
STU_10798,17,Female,High School,4.31,2.57,8.35,0,79.01,81.27
STU_10799,21,Male,College,3.7,1.94,7.46,0,67.03,92.82
STU_10800,19,Female,College,3.74,3.05,6.18,1.93,68.95,98.94
STU_10801,16,Female,High School,1.11,3.17,9.24,0.02,76.21,95.92
STU_10802,23,Female,University,3.18,5.19,5.95,2.28,84.96,99.54
STU_10803,21,Female,College,3.02,2.83,6.41,2.34,79.42,93.64
STU_10804,21,Male,College,5.13,2.71,7.14,1.78,79.98,93.77
STU_10805,14,Male,High School,0.19,3.94,7.22,1.25,81.61,99
STU_10806,22,Female,University,3.4,0,5.66,2.27,79.22,86.63
STU_10807,22,Female,University,7.77,5.18,7.32,0.69,59.11,86.67
STU_10808,23,Male,University,5.55,3.87,5.72,2.71,53.87,93.64
STU_10809,24,Female,University,6.85,3.33,7.57,1.94,78.57,95.75
STU_10810,18,Male,College,3.52,3.65,6.67,0.13,69.57,92.6
STU_10811,16,Male,High School,8.67,4.18,5.79,0,64.2,78.81
STU_10812,20,Male,College,6.49,7.28,5.24,0.34,77.62,91.16
STU_10813,24,Non-binary,University,4.67,1.86,7.31,0.82,54.72,90.65
STU_10814,23,Female,University,6.12,4.58,5.52,0,60.49,78.01
STU_10815,19,Male,College,1.41,3.29,10.78,2.29,84.22,98.7
STU_10816,19,Non-binary,College,1.36,1.13,8.41,2.1,70.37,97.8
STU_10817,23,Female,University,6.52,4.59,7.39,0.67,78.64,98.52
STU_10818,22,Female,University,7.33,3.18,4.7,2.36,69.48,79.62
STU_10819,21,Male,College,2.2,3.22,7.89,1.34,73.48,96.78
STU_10820,25,Male,University,6.64,2.97,6.71,0,70.06,96.68
STU_10821,17,Female,High School,5.84,3.38,5.59,0,68.9,67.17
STU_10822,18,Female,College,2.51,4.1,9.21,1.63,82.9,98.62
STU_10823,13,Female,High School,2.02,1.79,5.57,3,78.27,96.87
STU_10824,18,Female,College,2.7,2.45,5.88,1.72,68.51,97
STU_10825,14,Female,High School,3.28,4.48,6.55,0.11,65.72,84.51
STU_10826,18,Male,College,3.51,0.83,8.65,0.51,83.77,94.47
STU_10827,21,Female,College,0.52,4.49,6.38,1.94,76.27,99.3
STU_10828,20,Male,College,3.28,2.59,5.42,0.07,79.3,87.73
STU_10829,21,Male,College,5.29,4.48,5.53,3.22,76.51,81.46
STU_10830,25,Male,University,6.16,3.56,5.48,2.42,62.35,86.14
STU_10831,22,Female,University,3.02,1.8,7.12,1.35,73.56,88.6
STU_10832,20,Female,College,8.24,1.8,5.34,1.92,72.54,97.92
STU_10833,15,Male,High School,4.55,1.36,6.01,1.3,73.94,96.69
STU_10834,20,Male,College,10.84,0.52,5.63,0.24,52.55,69.17
STU_10835,18,Male,College,2.63,2.81,5.24,1.46,81.72,82.52
STU_10836,25,Female,University,5.4,2.95,7.58,0,58.24,71.28
STU_10837,18,Female,College,4.28,3.73,6.26,1.82,63.53,88.89
STU_10838,18,Female,College,2.83,2.1,6.04,0.79,77.06,94.85
STU_10839,15,Female,High School,6.65,3.68,6.47,2.79,71.27,90.47
STU_10840,22,Male,University,6.41,4.6,6.54,1.64,74.91,84.27
STU_10841,13,Male,High School,3.86,6,5.95,1.45,45.92,99.17
STU_10842,24,Female,University,5.3,1.03,5.91,0,69.03,96.75
STU_10843,16,Male,High School,5.15,4.97,6.54,0.6,83.77,64.66
STU_10844,22,Male,University,3.85,3.32,4.51,1.46,67.3,97.75
STU_10845,24,Male,University,2.61,3.19,6.95,2.61,72.08,98.79
STU_10846,18,Female,College,4.5,2.01,6.43,1.66,73.97,86.01
STU_10847,23,Female,University,4.02,4.8,7.4,1.34,83.62,97.75
STU_10848,24,Male,University,1.85,3.19,7.4,1.39,80.82,96.75
STU_10849,22,Female,University,6.14,0.44,7.21,2.76,82.07,89.33
STU_10850,14,Male,High School,4.61,0,5.25,2.49,64.41,86.41
STU_10851,19,Female,College,4.16,2.8,8.64,2.03,63.97,76.51
STU_10852,19,Female,College,0.77,3.58,7.48,2.18,84.42,95.54
STU_10853,23,Male,University,5.29,1.5,4.8,1.49,78.35,77.71
STU_10854,16,Female,High School,0.78,2.06,5.64,2.05,85.26,98.84
STU_10855,16,Female,High School,4.85,4.57,6.3,0,71.69,99.9
STU_10856,13,Male,High School,6.63,2.11,5.68,0.64,70.48,85.79
STU_10857,25,Male,University,8.66,3.58,7.65,1.7,79.12,92.81
STU_10858,14,Non-binary,High School,4.67,1.75,7.35,0.91,56.88,71.03
STU_10859,21,Male,College,8.9,4.75,5.5,0.36,64.09,83.91
STU_10860,22,Female,University,6.33,3.28,5.25,2.12,67.53,85.67
STU_10861,20,Female,College,5.68,2.92,5.39,0,36.81,70.86
STU_10862,20,Male,College,7.29,5.18,5.09,0.16,49,80.27
STU_10863,21,Male,College,7.85,0.11,5.46,0,62.45,55.2
STU_10864,19,Female,College,6.56,3.87,4.58,2.55,70.44,69.9
STU_10865,25,Male,University,4.15,0,6.33,1.04,75.52,98.94
STU_10866,21,Female,College,3.16,2.95,8.7,2.93,82.33,93.19
STU_10867,22,Female,University,1.27,2.88,6.8,1.06,69.52,94.83
STU_10868,24,Female,University,4.92,3.41,5.79,0,55.28,95.57
STU_10869,14,Non-binary,High School,7.45,0,6.13,0.51,62.04,73.13
STU_10870,18,Female,College,2.1,3.22,6.53,3.35,90.4,97.33
STU_10871,15,Female,High School,1.81,4.99,7.08,2.34,79.29,89.84
STU_10872,23,Female,University,8.99,1.69,7.06,0.95,66.43,85.72
STU_10873,18,Female,College,3.86,1.58,5.92,1.35,74.2,93.95
STU_10874,15,Non-binary,High School,0.2,1.85,6.64,1.22,72.95,98.88
STU_10875,20,Female,College,0.86,4.29,5.62,0.8,75.43,77.91
STU_10876,23,Male,University,5.61,1.33,7.77,1.43,70.55,87.9
STU_10877,25,Female,University,3.31,2.11,8.91,0,82.24,92.76
STU_10878,16,Male,High School,5.7,4.23,6.13,1.12,76.45,98.86
STU_10879,24,Male,University,3.95,1.3,7.55,0.88,71.55,98.12
STU_10880,22,Male,University,5.03,4.51,6.57,0.84,77.9,96.71
STU_10881,18,Female,College,8.92,1.77,5.19,0,77.29,61.74
STU_10882,21,Male,College,4.03,2.51,6.1,1.56,78.07,83.69
STU_10883,14,Female,High School,7.44,4.32,6.13,2.73,58.97,89.86
STU_10884,14,Female,High School,4.78,4.26,7.26,0.43,63.02,96.76
STU_10885,19,Male,College,1.62,2.01,6.4,1.8,86.57,88.04
STU_10886,14,Female,High School,9.44,1.12,8.35,1.15,71.16,92.43
STU_10887,14,Female,High School,9.74,5.24,4.49,2.53,79.86,78.4
STU_10888,16,Female,High School,4.12,2.33,6.28,0,63.96,96.87
STU_10889,21,Male,College,4.88,3.5,6.95,1.42,77.17,98.54
STU_10890,20,Male,College,7.6,3.98,4.27,2.05,61.19,80.46
STU_10891,14,Female,High School,4.04,1.41,5.86,2.19,67.62,98.9
STU_10892,20,Male,College,6.92,0.34,6,0.18,69.18,91.64
STU_10893,16,Male,High School,2.47,3.78,7.05,0.28,60.36,93.46
STU_10894,14,Male,High School,9.08,0.15,8.33,0.91,49.46,99.9
STU_10895,23,Female,University,5.41,0.91,6.72,2.16,79.34,88.53
STU_10896,22,Male,University,6.38,3.86,5.84,0,69.61,73.1
STU_10897,19,Female,College,7.89,3.38,6.43,0,74.83,94.19
STU_10898,18,Non-binary,College,6.55,3.29,6.78,1.46,73.75,92.99
STU_10899,22,Female,University,4.37,1.77,6.4,1.34,71.49,77.83
STU_10900,17,Male,High School,8.68,4.8,6.29,2.23,77.94,98.02
STU_10901,23,Male,University,6.59,1.01,6.71,4.1,85.8,87.2
STU_10902,13,Male,High School,4.09,0,6.31,3.1,85.3,99.86
STU_10903,14,Male,High School,0.74,0,7.04,1.35,79.37,97.51
STU_10904,20,Male,College,4.46,2.82,7.32,0.15,72.11,90.64
STU_10905,13,Male,High School,3.18,2.51,7.86,0,53.17,98.79
STU_10906,15,Female,High School,4.56,3.88,5.24,1.64,78.41,83.35
STU_10907,14,Female,High School,2.9,3.7,7.62,0,79.66,94.37
STU_10908,17,Female,High School,5.46,2.46,7.08,0.88,78.82,97.51
STU_10909,16,Male,High School,3.38,0.08,6.27,1.58,74.94,98.48
STU_10910,25,Female,University,8.07,1.54,7.91,3.05,81.63,94.02
STU_10911,19,Male,College,6.03,1.67,8.01,1.26,60.06,85.93
STU_10912,17,Female,High School,3.34,5.41,6.06,0.26,84.06,63.75
STU_10913,20,Male,College,4.52,2.33,5.96,1.88,63.22,78.1
STU_10914,16,Female,High School,5.77,4.35,5.82,1.25,75.63,93.29
STU_10915,24,Female,University,0.74,2.88,7.14,2.63,79.15,98.45
STU_10916,18,Male,College,5.67,2.37,4.6,2.89,73.5,98.85
STU_10917,16,Female,High School,0.23,1.66,6.42,1.14,71.59,94.75
STU_10918,14,Female,High School,8.34,3.44,6.05,1.61,47.99,99.5
STU_10919,13,Female,High School,3.57,0.68,8.17,3.71,79.76,99.43
STU_10920,13,Female,High School,7.12,2.45,5.19,2.96,50.76,98.27
STU_10921,20,Female,College,1.64,2.7,5.56,0.46,81.44,78.1
STU_10922,16,Female,High School,5.94,2.86,6.4,0,71.07,64.98
STU_10923,17,Female,High School,1.57,0.99,6.26,2.55,84.07,99.77
STU_10924,23,Female,University,3.76,1.81,7.34,0.68,72.43,79.44
STU_10925,20,Female,College,6.92,3.06,6,2.68,63.04,84.19
STU_10926,24,Non-binary,University,6.04,2.91,5.23,0,50.44,74.78
STU_10927,19,Male,College,5.91,4.76,6.19,0.16,69.29,98.49
STU_10928,25,Male,University,3.62,2.14,8.31,0.95,74.24,98.74
STU_10929,20,Female,College,1.89,0.38,5.91,0.19,75.5,92.76
STU_10930,25,Non-binary,University,6.45,1.67,6.62,0,72.78,74.12
STU_10931,20,Male,College,2.2,0.62,6.37,0.56,73.67,99.38
STU_10932,18,Male,College,2.94,5.34,6.09,2.34,81.03,97.22
STU_10933,22,Male,University,8.07,3.95,5.31,0.49,72.36,98.52
STU_10934,14,Female,High School,5.95,3.15,4.71,1.62,64.61,81.89
STU_10935,18,Female,College,1.09,3.22,8.39,4.28,80.34,98.95
STU_10936,13,Female,High School,4.47,2.37,7.69,2.72,76.89,98.66
STU_10937,13,Male,High School,4.1,0.05,4.75,1.78,81.86,97.62
STU_10938,23,Female,University,3.56,1.72,6.22,0,70.61,82.85
STU_10939,15,Male,High School,3.64,0,6.63,0.75,76.62,99.34
STU_10940,15,Female,High School,7.77,3.75,7.55,1.89,64.77,84.64
STU_10941,23,Male,University,9.49,2.75,3.82,0.35,53.63,97.8
STU_10942,25,Female,University,4.39,2.64,7.09,0.16,70.19,96.28
STU_10943,17,Female,High School,4.91,1.21,5.44,3.29,80.78,99.26
STU_10944,13,Female,High School,1.09,2.32,8.25,0,81.92,84.26
STU_10945,22,Female,University,8.74,3.59,6.23,0.59,64.07,90.7
STU_10946,18,Female,College,2.85,3.21,5.69,0.7,86.95,90.57
STU_10947,19,Female,College,3.44,0.53,6.41,0,67.1,66.83
STU_10948,22,Male,University,6.48,1.25,6.38,3.08,85.63,98.33
STU_10949,24,Male,University,5.2,3.7,4.64,0,50.74,99.1
STU_10950,25,Female,University,5.87,2.02,7.64,0,67.44,98.97
STU_10951,23,Female,University,6.2,5.76,4.84,2.4,68.88,90.43
STU_10952,15,Female,High School,4.48,0.77,6.72,1.43,76.6,98.91
STU_10953,16,Non-binary,High School,6.71,2.15,5.66,0,46.46,89.99
STU_10954,22,Non-binary,University,0.23,1.83,6.19,1.41,76.26,91.25
STU_10955,23,Female,University,8.59,2.11,5.41,0,68.29,77.63
STU_10956,22,Female,University,4.05,0.73,7.62,1.03,73.65,96.03
STU_10957,24,Non-binary,University,6.68,0,5.35,0.67,66.44,96.9
STU_10958,22,Female,University,5.73,3.52,5.66,0,85,94.31
STU_10959,22,Female,University,0,5.19,8.94,1.9,75.29,92.78
STU_10960,22,Female,University,5.05,1.67,5.63,0.19,62.52,82.67
STU_10961,15,Male,High School,0,3.02,7.27,0,65.82,96.27
STU_10962,13,Female,High School,5.74,2.2,7.22,1.73,81.51,79.96
STU_10963,20,Male,College,5.04,2.19,6.64,1.15,62.07,99.64
STU_10964,25,Male,University,1.3,1.4,4.87,0,70.6,98.13
STU_10965,22,Female,University,4.97,3.75,6.83,1.87,76.27,98.07
STU_10966,22,Female,University,3.31,2.95,5.76,2.16,83.27,80.66
STU_10967,14,Male,High School,4.09,1.31,7.24,1.17,70.01,97.34
STU_10968,13,Male,High School,0,3.9,6.92,2.07,74.42,98.74
STU_10969,20,Non-binary,College,1.4,5.07,6.4,0,77.75,99.87
STU_10970,19,Female,College,2.53,4.62,9.19,2.11,77.63,96.41
STU_10971,19,Male,College,1.66,2.23,6.73,1.37,67.57,85.71
STU_10972,16,Non-binary,High School,3.19,0.98,6.73,3.12,70.96,98.33
STU_10973,23,Male,University,2.82,0.94,7.33,0,84.16,84
STU_10974,21,Female,College,5.25,1.64,4.98,0.77,81.26,78.6
STU_10975,18,Female,College,0,1.76,7,0.26,79.38,94.12
STU_10976,14,Female,High School,9.48,4.07,5.68,0,59.06,75.91
STU_10977,13,Female,High School,2.96,0,7.31,1.16,76.4,93.96
STU_10978,13,Male,High School,3.73,2.39,6.19,0.59,86.05,95.15
STU_10979,21,Female,College,5.99,1.57,5.02,0,46.04,99.73
STU_10980,16,Male,High School,8.85,1.2,6.79,0,61.19,89.69
STU_10981,17,Female,High School,3.03,3.43,7.83,3.19,83.52,98.12
STU_10982,15,Female,High School,6.22,1.31,5.47,1.25,63.24,79.73
STU_10983,16,Male,High School,2.82,2.25,8.24,0,81.41,80.46
STU_10984,24,Male,University,6.85,4.06,5.97,0,53.61,85.8
STU_10985,20,Male,College,6.24,1.98,5.22,1.53,65.44,74.92
STU_10986,25,Female,University,1.84,4.75,6.71,1.08,71.26,91.87
STU_10987,16,Female,High School,5.95,1.06,5.01,1.17,78.64,83.02
STU_10988,21,Male,College,0.93,0,8.09,2.21,78.39,87.96
STU_10989,21,Non-binary,College,2.65,3.39,7.13,0,77.6,77.08
STU_10990,18,Male,College,1.15,3.06,5.75,2.09,78.25,98.69
STU_10991,14,Female,High School,4.5,4.34,4.93,2.44,68.13,86.99
STU_10992,24,Female,University,7,3.27,3.49,0,46.97,78.27
STU_10993,22,Male,University,1.39,5.2,6.3,1.63,68.27,99.55
STU_10994,23,Male,University,5.5,3.06,5.67,0,63.69,82.23
STU_10995,19,Female,College,3.9,4.34,6.14,1.48,74.19,74.52
STU_10996,21,Female,College,1.93,4.01,5.97,1.7,83.55,98.39
STU_10997,18,Male,College,3.44,1.45,8.08,0,58.69,99.37
STU_10998,15,Male,High School,5.95,1.69,5.58,0.47,53.97,75
STU_10999,19,Female,College,6.85,2.07,7.79,0.7,62.5,88.67
STU_11000,17,Male,High School,5.27,6.38,5.48,1.08,45.81,81.07
STU_11001,13,Female,High School,4.41,1.48,5.84,0.57,80.89,75.77
STU_11002,15,Male,High School,4.56,3.26,5.96,2.44,76.25,78.19
STU_11003,17,Female,High School,2.67,2.69,6.39,1.7,82.11,99.4
STU_11004,19,Male,College,4.74,2.92,9.15,0.36,65.24,87.14
STU_11005,15,Female,High School,0.82,2.61,5.04,2.71,71.4,97.72
STU_11006,18,Female,College,4.2,1.84,8.14,1.75,87.83,98.84
STU_11007,17,Female,High School,8.75,0.48,6.67,0,73.42,69.5
STU_11008,25,Male,University,3.4,0.82,6.66,1.27,79.25,88.85
STU_11009,13,Female,High School,7.3,3.84,4.49,1.6,65.85,97.9
STU_11010,22,Male,University,6.18,3.35,7.88,2.08,79.35,98.26
STU_11011,18,Male,College,8.09,2.88,4.33,3,63.31,83.42
STU_11012,20,Female,College,0,5.75,7.31,2.87,85.02,98.64
STU_11013,25,Female,University,4.94,6.91,4.93,0.76,71.97,89.75
STU_11014,25,Male,University,5.97,0.81,7.86,0,76.41,88.08
STU_11015,13,Non-binary,High School,6.5,5.04,5.04,1.78,70.61,84.3
STU_11016,14,Female,High School,7.5,0.34,6.86,0.63,78.73,89.07
STU_11017,16,Female,High School,6.24,1.71,5.95,2.12,41.53,89.44
STU_11018,24,Female,University,5.09,2.8,5.39,1.16,63.56,72.09
STU_11019,14,Female,High School,2.1,4.01,4.98,0.01,73.99,79.39
STU_11020,23,Female,University,0,0.23,8.62,0.93,84.61,94.12
STU_11021,21,Female,College,7.85,2.64,6.67,1.23,60.12,83.71
STU_11022,22,Female,University,2.98,2.71,5.94,1.29,69.32,78.09
STU_11023,20,Male,College,3.62,0,6.48,0.57,57.55,97.02
STU_11024,20,Female,College,6.76,3.29,4.56,1.14,55.73,77.52
STU_11025,16,Female,High School,4.45,2.28,5.53,1.06,65.13,76.1
STU_11026,17,Female,High School,1.61,3.53,6.98,0.8,81.41,86.57
STU_11027,16,Male,High School,0.23,1.65,5.95,2.46,87.65,99.88
STU_11028,25,Male,University,3.6,1.83,6.72,2.17,76.63,98.4
STU_11029,21,Male,College,4.74,6.6,6.93,1.55,79.74,99.13
STU_11030,25,Male,University,6.49,1.09,6.62,0.6,79.73,98.87
STU_11031,14,Female,High School,4.19,2.17,5.01,1.8,61.18,99.02
STU_11032,25,Male,University,4.55,1.58,6.63,0.35,73.51,68.28
STU_11033,23,Male,University,1.2,2.74,9.02,2.66,76.51,98.68
STU_11034,20,Female,College,7.1,3.04,7.87,1.29,76.53,63.6
STU_11035,14,Female,High School,11.75,4.58,4.75,0.92,54.6,73.34
STU_11036,13,Male,High School,7.75,1.51,5.6,2.27,58.95,89.98
STU_11037,22,Male,University,7.53,2.04,7.12,0.79,77.86,76.11
STU_11038,15,Female,High School,5.36,2.94,5.89,1.53,77.94,84.56
STU_11039,21,Male,College,1.89,0,5.42,0.73,78.27,89.5
STU_11040,24,Female,University,2.35,4.6,7.27,0.07,83.2,97.64
STU_11041,15,Male,High School,6.15,0,5.59,1.86,79.73,98.6
STU_11042,21,Female,College,6.73,3.79,5.58,0.4,61.88,72.49
STU_11043,19,Male,College,2.15,8.76,6.32,0.57,73.36,81.95
STU_11044,25,Female,University,5.64,3.59,5.57,0.57,80.85,74.25
STU_11045,22,Male,University,4.78,3.76,7.26,2.41,70.94,99.55
STU_11046,13,Male,High School,5.74,2.69,7.21,0.32,72.53,70.26
STU_11047,22,Male,University,5.39,0.99,7.45,3.05,78.2,98.14
STU_11048,17,Female,High School,5.52,3.92,7.82,0,71.94,96.84
STU_11049,21,Female,College,0,0,7.41,2.29,81.25,98.29
STU_11050,24,Male,University,9.06,0.37,5.19,0.12,75.49,62.71
STU_11051,15,Male,High School,8.04,1.68,4.97,0.21,55.11,48.03
STU_11052,21,Female,College,4.46,3.44,5.22,1.43,77.24,94.61
STU_11053,17,Female,High School,1.55,0.27,5.48,0.56,76.33,99.22
STU_11054,21,Female,College,5.91,3.71,4.97,0.16,70.77,70.44
STU_11055,22,Female,University,0.85,3.29,7.67,2.54,82.5,96.94
STU_11056,18,Male,College,8.69,2.64,5.74,0,64.08,90.44
STU_11057,21,Male,College,4.1,0,7.73,0,64.41,99.76
STU_11058,19,Male,College,3.01,4.16,4.95,1.44,78.79,89.38
STU_11059,19,Female,College,5.96,2.06,5.79,0.31,78.72,67.42
STU_11060,20,Male,College,3.33,2.37,10.19,0.62,85.93,91.14
STU_11061,19,Male,College,3.8,1.62,8.4,0.05,65.66,77.65
STU_11062,24,Male,University,2.52,0,9.96,0,81.39,97.5
STU_11063,21,Female,College,6.06,0.72,8.78,1.79,86.99,97.39
STU_11064,23,Male,University,5.27,4.21,6.2,0,49.39,87.34
STU_11065,21,Male,College,7.13,5.37,6.2,1.44,74.94,78.03
STU_11066,18,Female,College,0.44,3.5,7.21,2.23,79.76,90.34
STU_11067,19,Male,College,1.46,3.86,6.22,0.98,66.98,74.81
STU_11068,14,Male,High School,3.21,5.48,8.39,0.91,71.48,66.14
STU_11069,21,Female,College,7.28,5.44,7.18,0.82,72.94,79.89
STU_11070,24,Female,University,0.94,3.57,8.5,2.37,81.57,97.65
STU_11071,25,Female,University,2.38,1.42,5.54,1.76,80.68,92.42
STU_11072,13,Male,High School,8.05,0,5.41,1.93,73.06,97.79
STU_11073,13,Female,High School,5.82,2.61,6.67,0.04,70.11,81.64
STU_11074,15,Female,High School,7.2,2.81,4.7,1.67,68.79,73.82
STU_11075,24,Male,University,4.27,7.21,6.11,0.64,61.87,80.49
STU_11076,18,Female,College,8.92,3.7,4.2,2.37,71.49,96.2
STU_11077,17,Female,High School,0.87,2.87,5.56,3.07,78.65,97.7
STU_11078,14,Female,High School,3.96,0.9,8.74,0,77.92,81.81
STU_11079,21,Female,College,3.76,2.66,9.64,0.05,83.7,91.4
STU_11080,25,Female,University,3.79,4.75,7.59,0.08,74.88,82.59
STU_11081,22,Female,University,1.36,2.13,6.34,1.18,86.53,88.87
STU_11082,16,Female,High School,5.89,0.19,6.46,0.15,61.54,96.88
STU_11083,16,Male,High School,1.44,0.96,7.8,0,74.4,70.18
STU_11084,17,Female,High School,1.17,0.06,8.21,2.23,84.14,95.34
STU_11085,20,Male,College,0,1.26,7.38,1.6,80.71,97.28
STU_11086,22,Male,University,2.64,0.45,8.05,0,86.18,95.23
STU_11087,16,Female,High School,4.87,3.49,6.65,0.1,69.15,66.31
STU_11088,17,Female,High School,5.22,3.73,5.27,0,58.11,83.88
STU_11089,24,Male,University,3.94,5.22,6.94,0,63.15,93.56
STU_11090,16,Male,High School,2.83,2.41,8.23,0,77.62,83.86
STU_11091,18,Male,College,3.49,2.38,7.19,0,68.81,89.08
STU_11092,24,Female,University,2.81,3.12,5.73,0,79.83,66.21
STU_11093,15,Male,High School,9.63,1.49,6.05,0.51,59.41,60.2
STU_11094,20,Female,College,1.43,0.47,6.47,0.54,83,88.11
STU_11095,18,Female,College,2.56,0.88,5.82,1.27,69.84,98.32
STU_11096,22,Male,University,4.5,3.59,5.25,1.48,69.85,99.06
STU_11097,17,Male,High School,1.76,4.15,5.86,2.94,74.84,90.78
STU_11098,25,Male,University,4.62,6.8,6.49,0.35,78.3,77.43
STU_11099,14,Female,High School,0.4,0.65,9.09,1.85,84.96,91.16
STU_11100,22,Female,University,4.81,0.57,7.87,2.02,84.5,85.71
STU_11101,22,Female,University,3.39,0,7.49,0,75.2,75.7
STU_11102,19,Female,College,2.64,2.78,7.87,0,68.27,95.67
STU_11103,14,Male,High School,3.77,3.47,8.14,0.12,81.03,97.03
STU_11104,13,Male,High School,3.15,1.36,8.42,1.03,75.81,86.49
STU_11105,19,Female,College,3.49,0,6.89,0,72.04,98.78
STU_11106,17,Female,High School,6.42,6.1,5.26,1.18,76.79,83.37
STU_11107,13,Female,High School,8.79,3.08,8.01,2.13,71.56,91.07
STU_11108,16,Female,High School,0,0.29,8.2,2.41,88.99,96.06
STU_11109,24,Male,University,3.92,1.85,7.93,0,64.19,89.47
STU_11110,25,Male,University,1.29,6.63,5.23,2.16,63.5,84.51
STU_11111,16,Female,High School,3.65,4.21,8.39,0.61,70.66,81.36
STU_11112,22,Female,University,5.51,1.91,5.59,1.7,76.71,98.48
STU_11113,19,Male,College,10.47,0.78,5.16,0.11,64.48,93.29
STU_11114,21,Male,College,3.69,4.95,5.33,0.78,83.78,98.2
STU_11115,14,Male,High School,4.82,0,6.71,1.44,67,93.66
STU_11116,24,Male,University,2.22,3.4,6.92,3.22,86.61,99.49
STU_11117,13,Female,High School,2.08,3.37,6.63,1.59,70.97,87.22
STU_11118,14,Non-binary,High School,1.97,4.49,6.8,0.24,59.79,91.31
STU_11119,19,Female,College,2.71,3.51,5.42,1.1,70.26,96.61
STU_11120,25,Female,University,3.31,3.62,7.42,2.59,73.42,98.6
STU_11121,22,Female,University,8.05,3.11,8.34,1.4,77.24,89.74
STU_11122,18,Female,College,3.63,3.05,5.76,0,69.85,82.45
STU_11123,16,Non-binary,High School,5.89,5.87,5.04,1.32,68.95,74.73
STU_11124,13,Male,High School,5.24,2.53,6.22,2.13,71.71,82.83
STU_11125,25,Female,University,6.88,4.06,5.75,3.36,72.36,93.85
STU_11126,13,Female,High School,0,1.78,5.89,0,70.55,78.46
STU_11127,17,Male,High School,5.36,0.65,4.85,0.04,59.9,91.15
STU_11128,13,Female,High School,5.07,1.64,8.02,2.22,77.77,95.32
STU_11129,24,Male,University,4.25,2.06,4.46,0.79,65.06,93.05
STU_11130,19,Male,College,7.19,0.61,6.36,0.5,85.07,83.44
STU_11131,25,Male,University,4.2,0,5.52,0.49,70.24,87.79
STU_11132,23,Female,University,6.7,4.66,7.54,1.36,63.76,97.65
STU_11133,13,Female,High School,4.93,1.42,4.98,2.23,84.27,92.29
STU_11134,13,Male,High School,5.12,1.99,5.51,0.5,73.6,93.29
STU_11135,14,Male,High School,5.29,1.47,4.96,0,63.4,87.78
STU_11136,25,Female,University,4,0,5.96,1.87,81.78,86.64
STU_11137,23,Male,University,8.41,5.45,4.35,0,54.14,87.6
STU_11138,24,Female,University,7.19,0.84,6.98,1.59,85.34,85.86
STU_11139,22,Female,University,4.35,4.32,6.96,1.18,88.23,89.6
STU_11140,15,Male,High School,4.93,0.71,10.18,0.82,85.08,93.52
STU_11141,25,Male,University,5.7,2.91,3.91,0.09,80.28,70.89
STU_11142,23,Female,University,6.53,4.21,7.01,0.62,73.25,83.3
STU_11143,13,Male,High School,8.53,0.38,5.71,0.7,73.49,88.73
STU_11144,21,Male,College,6.77,1.76,7.17,0.59,85.28,80.28
STU_11145,22,Male,University,4.06,1.38,6.45,2.85,76.62,96.96
STU_11146,20,Male,College,2.46,1.69,8.16,1.37,80.41,98.92
STU_11147,17,Female,High School,6.98,3.89,8.44,0,60.14,96.13
STU_11148,25,Female,University,5.22,5,5.28,0,65.85,88.16
STU_11149,23,Female,University,2.04,1.86,5.76,1.59,76.69,87.55
STU_11150,14,Male,High School,6.63,2.99,4.79,0,36.89,89.16
STU_11151,17,Male,High School,8.29,0.14,4.43,2.32,72.88,85.59
STU_11152,18,Male,College,4.52,6.95,5.32,2.77,66.13,85.95
STU_11153,13,Female,High School,8.42,3.4,5.24,0,46.23,77.73
STU_11154,23,Male,University,6.42,4.01,6.29,1.31,69.3,86.02
STU_11155,16,Female,High School,1.6,1.63,6.52,1.86,79.93,91.96
STU_11156,21,Male,College,5.56,4.43,5.52,2.89,67.64,98.12
STU_11157,14,Female,High School,0.07,2.75,7.41,2.91,72.58,88.75
STU_11158,17,Female,High School,5.39,4.24,6.01,0,68.93,96.46
STU_11159,13,Male,High School,1.94,0.84,8.54,0.88,80.21,94.5
STU_11160,16,Female,High School,4.98,2.83,7.86,0,79.66,94.06
STU_11161,16,Male,High School,6.19,0,5.86,0.36,66.7,91.48
STU_11162,18,Female,College,3.03,3.62,5.12,0,74.94,88.04
STU_11163,22,Male,University,8.73,3.5,5.5,0,79.7,75.32
STU_11164,21,Male,College,2.2,0,6.83,4.02,84.47,96.8
STU_11165,15,Male,High School,0,0.46,9.93,0,80.32,95.65
STU_11166,21,Female,College,4.43,1.02,6.67,1.9,78.14,83.44
STU_11167,18,Female,College,7.91,3.39,5.64,0,67.3,85.45
STU_11168,19,Male,College,4.45,0,4.44,0,66.68,87.89
STU_11169,24,Female,University,3.02,6.01,7.24,0.1,73.86,88.02
STU_11170,22,Male,University,0.38,1.16,7.04,2.7,76.2,97.31
STU_11171,14,Male,High School,3.07,7.88,7.33,2.21,81.29,88.11
STU_11172,23,Female,University,1.64,2.52,8.76,3.21,74.3,98.18
STU_11173,22,Male,University,5.11,0,5.62,1.36,77.37,97.55
STU_11174,18,Female,College,5.32,0,7.8,0,68.82,79.88
STU_11175,18,Male,College,2.13,2.53,7.74,0.8,85.2,88.57
STU_11176,14,Male,High School,3.68,0.04,6.39,1.85,72.73,85.5
STU_11177,14,Male,High School,8.12,0.7,4.94,0.83,62.94,72.2
STU_11178,14,Female,High School,3.44,0,5.74,0.31,71.04,81.18
STU_11179,22,Female,University,3.37,1.68,6.23,0.11,84.31,81.11
STU_11180,24,Male,University,4.97,5.16,6.33,1.46,73.08,85.5
STU_11181,13,Female,High School,0.98,1.2,8.57,2.06,76.83,90.25
STU_11182,17,Female,High School,6.87,3.46,7.58,1.18,69.64,96.48
STU_11183,20,Male,College,3.47,0.56,6.57,2.54,78.62,88.55
STU_11184,14,Male,High School,1.6,4.32,5.08,0,79.12,88.28
STU_11185,25,Male,University,5.84,1.59,5.44,0.65,79.45,78.84
STU_11186,17,Male,High School,3.28,2.95,6.4,1.14,81.79,96.8
STU_11187,24,Female,University,2.31,1.08,6.36,2.01,82.78,87.94
STU_11188,20,Male,College,4.68,1.88,8.26,2.8,84.3,98.49
STU_11189,22,Male,University,7.13,0.1,5.76,1.63,68.39,99.25
STU_11190,17,Male,High School,3.47,5.39,4.06,1.49,70.07,97.14
STU_11191,14,Male,High School,2.09,2.59,8.19,0.86,69.12,88.13
STU_11192,15,Female,High School,0,1.07,8.19,2.33,76.7,96.47
STU_11193,18,Female,College,0.87,2.01,6.02,1.54,79.17,99.64
STU_11194,23,Male,University,3.29,3.25,6.56,0.72,79.5,84.64
STU_11195,23,Male,University,1.23,3.71,5.91,2.59,87.09,99.62
STU_11196,17,Male,High School,2.75,1.45,9.13,0.96,66.4,99.44
STU_11197,23,Female,University,9.32,3.76,3.67,1,65.55,77.54
STU_11198,16,Male,High School,7.58,2.48,4.92,0,56.14,72.42
STU_11199,16,Male,High School,2.45,1.02,6.47,1.8,78.15,89.95
STU_11200,17,Male,High School,4.85,1.8,7.16,1.5,74.43,98.25
STU_11201,14,Male,High School,1.8,1.37,8.37,0.57,80.38,97.41
STU_11202,21,Male,College,8.09,5.65,6.52,1.74,72.11,91.81
STU_11203,14,Female,High School,4.68,2.71,7.17,1.71,64.11,99.85
STU_11204,22,Female,University,7.13,3.84,3.85,0.65,74.11,76.68
STU_11205,14,Male,High School,2.53,4.66,5.8,0.92,64.39,72.82
STU_11206,22,Female,University,8.5,2.66,6.45,0.92,65.28,75.35
STU_11207,21,Female,College,3.4,4.2,7.21,3.02,77.98,99.9
STU_11208,15,Male,High School,0.09,2.55,6.26,0.86,76.05,98.82
STU_11209,22,Male,University,4.07,2.33,5.98,0.36,71.88,83.35
STU_11210,19,Male,College,2.78,1.93,6.51,3.14,73.36,98.7
STU_11211,16,Female,High School,7.01,1.68,7.95,3.54,79.4,83.83
STU_11212,25,Female,University,2.95,3.45,6.82,0.26,80.89,97.27
STU_11213,25,Male,University,5.84,0.59,5.27,1.06,52.94,73.12
STU_11214,18,Male,College,2.79,0.41,5.99,0,66.03,73.54
STU_11215,16,Female,High School,2.39,4.1,6.59,0.56,60.41,97.64
STU_11216,22,Female,University,4.5,4.6,4.62,0.84,48.89,79.28
STU_11217,19,Female,College,5.83,5.54,4.8,1.04,60.19,64.06
STU_11218,13,Male,High School,0.6,1.77,7.49,0,61.68,78.82
STU_11219,15,Female,High School,6.81,0,6.65,0.77,57.6,78.31
STU_11220,25,Female,University,6.84,0,8.16,1.25,79.05,99.9
STU_11221,15,Male,High School,3.74,4.89,5.25,0.61,69.12,91.11
STU_11222,13,Female,High School,4.02,4.06,6.69,2.41,74.3,98.52
STU_11223,18,Male,College,0,3.33,8.97,1.73,85.27,98.27
STU_11224,25,Male,University,9.01,3.65,7.03,1.63,77.99,88.13
STU_11225,23,Female,University,3.7,3.73,8.53,0.22,61.16,85.81
STU_11226,21,Male,College,7.21,5.91,3.93,0.4,74.49,77.32
STU_11227,20,Female,College,2.99,0.54,7.79,0.38,78.64,78.36
STU_11228,23,Male,University,4.51,0.92,5.22,1.46,73.6,92.52
STU_11229,19,Female,College,5.81,3.38,9.22,1.06,62.09,93.73
STU_11230,22,Male,University,3.35,3.89,7.78,0,82.14,79.29
STU_11231,20,Female,College,0.59,0.33,8.33,1,86.84,97.16
STU_11232,18,Male,College,4.19,3.99,5.66,3.43,77.82,98.8
STU_11233,21,Male,College,0.96,1.7,7.6,0,86.02,85.29
STU_11234,15,Male,High School,2.34,3.43,7.36,0.04,77.16,94.07
STU_11235,22,Male,University,2.92,0.17,6.25,2.52,73.59,96.21
STU_11236,22,Male,University,4.7,0,6.89,1.13,74.62,86.36
STU_11237,21,Male,College,2.89,3.53,3.63,2.58,69.3,98.34
STU_11238,16,Non-binary,High School,1.45,6.1,8.95,2.21,74.38,98.58
STU_11239,19,Male,College,4.97,2.57,7.2,3.17,85.25,96.06
STU_11240,25,Female,University,6.13,5.79,5.42,0,43.68,67.75
STU_11241,21,Female,College,1.03,0.02,8.29,1.44,78.6,98.29
STU_11242,14,Male,High School,4.55,0.91,4.61,2.46,67,81
STU_11243,14,Female,High School,6.38,3.39,7.44,2.71,66.76,98.84
STU_11244,21,Female,College,4.75,3.47,6.28,0.7,81.24,89.98
STU_11245,24,Male,University,1.47,1.59,4.96,3.62,75.31,94.25
STU_11246,25,Female,University,5.1,3.56,6.39,0.09,76.45,90.39
STU_11247,15,Male,High School,4.5,1.53,7.78,0.95,63.09,93.31
STU_11248,21,Female,College,4.88,2.71,7.42,2.18,78.5,97.48
STU_11249,25,Male,University,4.59,3.13,6.53,1.65,81.82,91.28
STU_11250,17,Male,High School,0,5.83,6.98,1.64,83.35,94.73
STU_11251,18,Female,College,4.07,0.92,5.39,1.27,81.75,89.5
STU_11252,14,Male,High School,6.88,3.58,6.04,1.22,75.57,78.21
STU_11253,20,Male,College,7.82,3.9,6.24,4.04,74.79,96.47
STU_11254,23,Male,University,6.94,6.58,7.4,1.08,68.69,92.36
STU_11255,21,Female,College,4.56,5.24,4.74,1.49,69.06,89.56
STU_11256,14,Female,High School,6.23,3.73,5.58,1.74,53.19,84.53
STU_11257,18,Male,College,5.86,0,7.15,0.17,54.35,99.48
STU_11258,18,Male,College,3.92,3.37,4.09,0.45,63.95,80.64
STU_11259,20,Female,College,7.37,4.5,5.4,1.32,56.9,86.58
STU_11260,22,Female,University,2.88,0.54,8.99,0,80.51,77.94
STU_11261,24,Male,University,4.23,0.94,5.18,0.36,85.98,86.05
STU_11262,17,Male,High School,6.76,5.77,6.58,1.22,77.15,89.53
STU_11263,21,Male,College,2.21,4.75,6.8,1.73,73.72,95.33
STU_11264,13,Female,High School,1.16,0,7.45,3.35,82.76,97.62
STU_11265,21,Female,College,2.07,2.55,7.51,1.45,83.68,80.33
STU_11266,22,Male,University,5.61,2.48,5.74,1,67.6,82.66
STU_11267,19,Female,College,10.08,5.36,5.19,0,54.48,91.53
STU_11268,16,Male,High School,7.49,5.5,5.75,0,43.6,84.76
STU_11269,15,Male,High School,6.46,3.04,7.17,3.29,85.68,98.58
STU_11270,22,Female,University,8.41,0.69,6.82,0,67.01,60.85
STU_11271,23,Female,University,5.22,1.73,6.69,2.96,85.24,98.95
STU_11272,18,Female,College,2.96,0,6.15,1,61.27,75.07
STU_11273,24,Male,University,4.35,0,5.81,2.14,71.32,78.23
STU_11274,25,Male,University,3.83,7.36,4.68,1.24,70.11,79.4
STU_11275,13,Female,High School,2.09,1.95,6.11,3.67,85.51,98.01
STU_11276,15,Female,High School,3.98,1.97,7.1,0,75.15,80.78
STU_11277,14,Male,High School,0.6,2.26,8.79,2.33,82.45,86.42
STU_11278,23,Male,University,3.69,2.7,6.85,3.41,84.34,99.9
STU_11279,25,Female,University,4.26,3.25,5.67,0.79,73.29,76.95
STU_11280,21,Female,College,4.07,0.82,6.8,1.87,73.88,96.01
STU_11281,15,Female,High School,8.71,5.23,4.94,1.11,60.16,81.52
STU_11282,25,Female,University,5,1.32,7.48,0.42,76.47,91.73
STU_11283,14,Male,High School,8.91,0,4.66,0.13,73.91,81.59
STU_11284,16,Female,High School,1.07,0.02,8.39,1.7,86.51,98.95
STU_11285,14,Female,High School,6.69,2.48,7,0,74.47,76.81
STU_11286,13,Male,High School,5.03,4.16,5.46,0.73,60.13,83.99
STU_11287,18,Female,College,4.26,3.94,5.57,0,62.66,87.97
STU_11288,22,Female,University,1.19,4.8,6.31,0.74,83.36,73.17
STU_11289,20,Male,College,5.35,0.23,7.29,3.25,79.27,85.38
STU_11290,22,Female,University,10.19,4.87,4.35,0,70.09,63.68
STU_11291,22,Female,University,5.6,3.4,4.59,0.54,61.12,87.88
STU_11292,14,Female,High School,4.38,1.92,6.4,0.52,69.22,87.16
STU_11293,21,Female,College,4.87,1.16,7.54,1.95,85.32,98.49
STU_11294,25,Male,University,5.97,0.84,4.46,1.3,71.58,99.44
STU_11295,15,Female,High School,8.41,3.46,2.88,1.05,54.67,76.78
STU_11296,20,Male,College,3.58,2.62,7.53,2.57,82.7,80.43
STU_11297,24,Female,University,4.96,0,6.91,0,69.85,82.37
STU_11298,20,Male,College,4.51,1.96,6.58,0.09,68.51,79.94
STU_11299,15,Male,High School,3.36,1.73,6.5,3.24,69.53,98.04
STU_11300,15,Male,High School,4.99,4.63,6.29,3.53,79.62,83.25
STU_11301,24,Male,University,8.33,3.13,6.79,0,66.93,88.2
STU_11302,18,Male,College,2.87,1.74,8.92,2.36,74.34,98.78
STU_11303,13,Male,High School,5.42,1.08,7.17,0.2,73.92,86.55
STU_11304,16,Female,High School,5.51,2.98,5.41,3.01,72.15,88.13
STU_11305,13,Female,High School,4.48,1.36,6.34,1.24,74.99,91.69
STU_11306,15,Female,High School,5.58,0,6.67,0,67.92,93.93
STU_11307,21,Female,College,5.47,3.13,6.79,1.44,71.83,85.14
STU_11308,17,Female,High School,2.21,2.36,7.37,2.05,84.94,85.32
STU_11309,24,Male,University,4.35,2.17,6.9,1.33,73.76,97.4
STU_11310,17,Female,High School,4.46,2.63,8.45,2.76,67.89,98.97
STU_11311,23,Female,University,1.88,3.49,7.6,2.7,83.19,91.3
STU_11312,16,Male,High School,4.65,0.14,5.33,1.29,71,84.85
STU_11313,15,Female,High School,4.43,1.01,6.71,0,69.98,74.33
STU_11314,17,Male,High School,9.25,4.99,6.77,0.99,77.46,82.94
STU_11315,23,Female,University,2.44,4.51,6.05,1.06,79.88,95.52
STU_11316,16,Female,High School,7,6.17,5.16,0.84,72.14,88.3
STU_11317,20,Female,College,5.68,3.93,6.09,0.35,77.63,73.37
STU_11318,16,Male,High School,7.08,3.77,5.84,0,74.91,97.55
STU_11319,23,Male,University,2.5,2.34,6.51,0.02,79.02,74.38
STU_11320,24,Non-binary,University,0,0,6.85,2.66,81.63,96.41
STU_11321,20,Male,College,4.23,3.73,7.99,2.44,70.69,98.15
STU_11322,18,Male,College,6.43,2.35,6.68,2.99,83.02,98.34
STU_11323,24,Female,University,3.7,0,5.79,0.92,79.47,74.41
STU_11324,23,Female,University,4.13,3.55,4.98,1.14,68.8,96.68
STU_11325,17,Male,High School,9.44,4.52,5.32,0,71.82,67.15
STU_11326,16,Male,High School,2.68,1.05,7.43,1.54,75.62,95.57
STU_11327,16,Female,High School,6.81,1.83,6.6,0.88,81.15,80.46
STU_11328,24,Male,University,2.05,3.16,7.29,0,75.51,87.51
STU_11329,16,Male,High School,7.38,0.9,7.2,1.48,64.28,87.47
STU_11330,23,Female,University,4.33,2.24,6.37,0,64.04,69.85
STU_11331,25,Female,University,5.72,2.91,8.04,0,68.82,75.42
STU_11332,25,Female,University,2.89,3.94,6.32,1.64,76.81,86.94
STU_11333,21,Male,College,4.74,2.48,5.63,0,64.78,74.27
STU_11334,16,Female,High School,4.92,3.45,3.15,0.4,64.34,76.65
STU_11335,24,Non-binary,University,0.97,2.13,8.16,1.34,84.21,98.69
STU_11336,21,Female,College,3.27,2.76,5.13,2.18,74.42,98.88
STU_11337,25,Male,University,5.17,3.14,8.02,2.68,71.71,97.8
STU_11338,22,Non-binary,University,2.62,0,3.63,0.32,80.43,77.02
STU_11339,18,Female,College,4.94,1.29,6.82,2.16,82.23,95.23
STU_11340,22,Female,University,4.04,4.54,5.18,0.74,75.66,80.79
STU_11341,25,Male,University,5.99,0,7.17,0.68,80.78,76.03
STU_11342,19,Female,College,4.08,3.21,5.69,1.3,72.76,91.52
STU_11343,24,Female,University,9.28,4.43,6.33,1.95,50.14,93.04
STU_11344,22,Female,University,0,4.55,5.6,1.78,83.49,98.72
STU_11345,15,Male,High School,2.52,4,6.92,1.12,87.71,97.57
STU_11346,20,Male,College,6.2,5.62,6.27,1.41,68.99,78.96
STU_11347,15,Male,High School,4.96,4.7,5.5,1.58,77.85,63.38
STU_11348,13,Male,High School,5.59,1.81,7.54,0,63.18,74.2
STU_11349,25,Female,University,0,3.79,5.61,2.13,67.99,96.83
STU_11350,25,Male,University,4.04,0.01,7.33,1.64,72.85,91.69
STU_11351,22,Male,University,4.52,4.25,7.26,2.04,67.99,97.01
STU_11352,24,Male,University,6.02,2.37,5.2,0.79,71.1,87.83
STU_11353,17,Male,High School,5.39,4.44,7.35,1.22,74.32,97.92
STU_11354,14,Female,High School,4.53,2.99,6.26,1,79.34,99.27
STU_11355,22,Female,University,4.24,4.3,5.51,1.27,76.85,87.78
STU_11356,18,Female,College,1.35,2.76,6.99,1.86,87.58,93.88
STU_11357,25,Male,University,5.36,2.05,5.24,1.97,57.6,98.93
STU_11358,22,Female,University,4.19,3.06,6.27,1.78,70.71,96.6
STU_11359,21,Male,College,3.42,0,4.58,1.49,74.68,83.39
STU_11360,13,Male,High School,4.47,2.31,7.69,0,67.51,93.25
STU_11361,25,Female,University,3.6,1.7,7.79,1,70.07,97.78
STU_11362,16,Female,High School,0.88,0.02,10.11,2.08,80.92,99.23
STU_11363,13,Male,High School,6.14,1.24,6.22,0,72.82,77.44
STU_11364,13,Male,High School,9.18,0.16,6.8,4.63,74.21,99.71
STU_11365,20,Female,College,5.19,0,6.57,0.73,72.37,97.4
STU_11366,25,Female,University,5.24,1.47,6.99,0,66.63,71.42
STU_11367,23,Male,University,8.25,3.41,8.05,0.28,56.95,87.48
STU_11368,14,Female,High School,9.26,0,7.19,0,65.18,65.96
STU_11369,13,Female,High School,4.06,2.42,7.14,2.64,78.38,93.65
STU_11370,23,Male,University,2.69,2.86,4.63,2.62,70.17,96.46
STU_11371,20,Male,College,5.59,2.3,6.9,2.96,83.87,96.63
STU_11372,16,Male,High School,4.89,4.01,4.69,0.41,62.54,83.8
STU_11373,15,Female,High School,6.58,7.7,5.83,1.9,51.17,97.22
STU_11374,25,Male,University,4.51,5.47,6.63,0.94,70.31,86.52
STU_11375,24,Non-binary,University,4.69,1.35,5.46,2.21,81.76,98.9
STU_11376,16,Female,High School,2.1,0.76,6.51,0,74.97,92.59
STU_11377,23,Male,University,7.05,1.66,7.64,0.94,81.17,98.08
STU_11378,17,Male,High School,2.91,3.43,8.08,0.12,72.43,83.83
STU_11379,13,Female,High School,1.52,2.58,9.46,0,70.14,92.29
STU_11380,23,Male,University,0,2.59,5.62,0.66,75.98,81.1
STU_11381,13,Female,High School,4.25,2.68,7.37,0,71.24,86.93
STU_11382,15,Male,High School,2.72,2.64,7.82,0,83.12,89.39
STU_11383,18,Male,College,3.92,2.98,8.03,2.65,79.06,99.27
STU_11384,13,Female,High School,3.28,4.19,8.1,1.17,85.97,93.4
STU_11385,23,Male,University,3.59,3.13,7.52,0,70.09,88.45
STU_11386,24,Female,University,2.44,0.53,8.89,1.23,70.87,94.43
STU_11387,14,Male,High School,2.63,4.17,6.88,1.05,81.4,92.54
STU_11388,24,Female,University,2.13,4.46,5.78,0.65,69.34,85.72
STU_11389,19,Female,College,4.01,2.24,4.74,1.52,67.52,93.6
STU_11390,13,Female,High School,1.64,3.06,5.13,1.02,79.58,97.92
STU_11391,25,Female,University,7.64,1.66,6.76,0.02,59.17,72.76
STU_11392,19,Male,College,4.48,1.1,4.84,0.9,79.45,70.14
STU_11393,16,Male,High School,0.66,1.32,7.26,2.63,76.19,98.94
STU_11394,22,Male,University,5.05,1.45,6.23,2.57,78.86,94.25
STU_11395,18,Male,College,2.25,5.1,5.91,1.98,71.16,81.55
STU_11396,20,Non-binary,College,7.11,2.37,7,1.92,85.53,87.63
STU_11397,21,Male,College,2.97,1.03,6.54,2.37,83.51,96.64
STU_11398,18,Female,College,7.98,2.07,5.57,2.19,56.88,69.39
STU_11399,24,Male,University,7,3.7,5.98,3.36,83.92,85.56
STU_11400,23,Female,University,12.73,4.79,4.48,0,66.37,73.65
STU_11401,25,Female,University,4.74,3.48,6.63,2,65.15,84.56
STU_11402,21,Male,College,6.22,2.46,7.7,3.71,70.16,97.16
STU_11403,16,Female,High School,4.53,5.61,5.99,0,76.82,87.61
STU_11404,18,Male,College,4.71,2.1,7.35,3.04,82.32,99.36
STU_11405,20,Female,College,7.58,1.99,5.5,0,59.79,73.37
STU_11406,21,Female,College,6.43,0.42,5.4,1.84,82.69,95.15
STU_11407,15,Male,High School,4.27,1.4,6.87,1.27,49.93,85.51
STU_11408,14,Female,High School,7.8,0.41,6.12,0.98,75.58,90.5
STU_11409,18,Male,College,7,0.15,5.59,0,51.55,89.23
STU_11410,16,Female,High School,8.39,2.35,6.71,0,76.7,78.59
STU_11411,13,Male,High School,7.55,1.61,4.1,0.27,67.57,75.94
STU_11412,20,Female,College,3.62,4.67,6.93,1.07,58.17,96.67
STU_11413,21,Female,College,3.35,3.05,6.24,1.76,79.51,74.59
STU_11414,21,Male,College,3.44,3.75,5.96,0.34,76.8,95.7
STU_11415,14,Male,High School,6.45,3.35,8.21,0.67,75.03,94.1
STU_11416,21,Female,College,7.86,0.56,7.6,0,74.04,64.11
STU_11417,19,Male,College,7.15,2.13,6.89,0,80.8,83.13
STU_11418,17,Female,High School,0.93,3.26,6.26,0.68,83.08,83.97
STU_11419,19,Female,College,2.71,0,5.02,0,71.45,76.6
STU_11420,25,Female,University,6.21,0,8.76,1.56,73.34,98.92
STU_11421,21,Male,College,7.57,2.84,4.45,1.72,68.03,83.18
STU_11422,20,Male,College,5.27,2.06,7.93,2.62,73,86.06
STU_11423,18,Male,College,8.32,0,6.59,4,65.47,79.38
STU_11424,25,Male,University,0,0,7.31,0.68,76.15,98.05
STU_11425,16,Male,High School,3.98,0.74,6.76,2.89,73.1,98.32
STU_11426,25,Female,University,8.04,3.4,7.09,0.44,73.03,67.98
STU_11427,13,Male,High School,5.35,1.61,8.52,1.5,77.35,84.06
STU_11428,18,Female,College,2.49,4.57,7.98,1.85,54.7,98.29
STU_11429,15,Female,High School,6.47,1.2,6.87,2.28,77.02,98.3
STU_11430,18,Female,College,4.84,1.5,9.16,0.77,70.01,99.9
STU_11431,18,Male,College,3.35,6.66,7.16,0,68.03,81.87
STU_11432,16,Female,High School,0.57,4.03,6.61,1.02,85.52,98.65
STU_11433,14,Male,High School,6.24,4.4,7.17,3.34,50.1,97.59
STU_11434,21,Male,College,1.78,1.16,7.27,1.67,71.86,93.7
STU_11435,14,Female,High School,9.86,2.07,6.38,2.52,76.2,96.16
STU_11436,15,Female,High School,0.04,2.55,8.49,3.26,85.76,93.59
STU_11437,22,Male,University,4.64,2.09,7.2,1.47,70.33,87.5
STU_11438,13,Male,High School,6.38,2.8,6.57,0.4,42.22,98.29
STU_11439,19,Male,College,1.96,2.78,6.28,0.58,84.57,93.1
STU_11440,13,Female,High School,2.73,2.16,9.54,1.7,73.95,98.95
STU_11441,23,Female,University,6.63,2.04,6.74,1.72,76.85,74.12
STU_11442,21,Male,College,2.12,5,6.63,3.07,69.91,99.86
STU_11443,23,Male,University,9.3,0.94,6.96,0,57.45,74.51
STU_11444,23,Female,University,4.64,1.67,8.03,0.01,62.17,93.59
STU_11445,13,Male,High School,3.45,0,7.21,1.58,74.89,93.17
STU_11446,17,Female,High School,8.56,0.85,5.11,0,44.09,81.59
STU_11447,19,Male,College,1.85,1.64,6.54,2.18,85.95,88.78
STU_11448,15,Male,High School,8.82,2.7,4.45,0.94,51.97,59.33
STU_11449,21,Female,College,2.04,4.01,6.56,0.37,81.11,86.39
STU_11450,20,Female,College,7.65,4.04,5.98,3.44,73.92,99.04
STU_11451,25,Male,University,9.16,4.93,5.41,1.06,68.32,87.27
STU_11452,15,Male,High School,4.24,0.71,8.11,2.17,80.46,99.51
STU_11453,17,Male,High School,4.23,0.96,5.3,2.18,72.64,98.21
STU_11454,19,Female,College,3.79,0.53,7.48,2.92,81.81,96.89
STU_11455,24,Female,University,2.55,5.71,5.28,2.17,74.37,97.59
STU_11456,16,Female,High School,4.71,3.5,7.79,1.39,75.85,81.33
STU_11457,17,Male,High School,6.77,4.09,3.64,0.47,47.98,94.09
STU_11458,15,Female,High School,5.97,0.42,6.78,2.25,84.38,93.24
STU_11459,21,Male,College,5.77,2.49,7.55,2.83,71.59,92.83
STU_11460,22,Male,University,2.67,3.5,7.23,3.15,80.87,98.23
STU_11461,21,Female,College,1.81,0,5.92,3.36,81.44,98.19
STU_11462,19,Male,College,8.92,1.61,6.57,1.1,78.88,87.87
STU_11463,22,Male,University,1.16,3.28,7.18,0.89,84.77,97.42
STU_11464,14,Male,High School,4.12,0,4.9,0.63,76.95,80.57
STU_11465,19,Female,College,6.38,5.17,5.02,0.9,64.84,83.62
STU_11466,19,Female,College,8.3,3.7,5.13,2.44,79.46,92.5
STU_11467,23,Male,University,4.55,0.44,5.16,3.5,73.27,98.42
STU_11468,17,Female,High School,5.19,2.41,6.82,2.37,80.64,98.74
STU_11469,21,Female,College,3.32,3.36,9.36,0,80.82,76.57
STU_11470,25,Female,University,8.83,2.73,5.87,0,67.96,86.87
STU_11471,24,Male,University,7.93,2.39,5.24,1.16,50.14,91.21
STU_11472,23,Male,University,2,2.29,6.37,0,68.06,73.29
STU_11473,15,Male,High School,6.14,3.9,3.51,0.49,72.79,70.55
STU_11474,16,Female,High School,4.21,3.97,4.48,0.58,73.85,75.07
STU_11475,13,Female,High School,5.28,3.76,7.05,1.15,75.42,98.37
STU_11476,18,Non-binary,College,2.5,3.77,6.32,2.41,87.33,99.49
STU_11477,16,Male,High School,0,3.37,5.22,0.33,78.03,85.3
STU_11478,13,Male,High School,1.73,3.57,7.1,1.74,58.8,98.49
STU_11479,14,Male,High School,3.11,5.52,6.14,1.12,56.7,94.56
STU_11480,15,Male,High School,3.25,2.3,7.57,1.15,65.83,82.15
STU_11481,21,Female,College,0,0,6.61,2.2,81.96,96.44
STU_11482,25,Non-binary,University,5.28,4.74,8.71,0.66,74.96,87.14
STU_11483,20,Female,College,0.98,3.31,5.41,1.81,74.98,97.68
STU_11484,19,Female,College,4.4,3.45,5.39,2.03,65.02,97.45
STU_11485,25,Female,University,1.54,0.94,5.1,1.12,75.3,93.6
STU_11486,23,Male,University,0.03,0,6.76,1.8,76.82,91.16
STU_11487,24,Female,University,4.38,3.01,6.41,1.66,70.95,93.53
STU_11488,16,Female,High School,4,2.03,7.61,0.5,72.48,75.01
STU_11489,13,Male,High School,4.74,2.47,6.36,0.56,75.64,99.35
STU_11490,20,Female,College,8.49,1.56,6.71,0,72.81,71.75
STU_11491,16,Female,High School,6.27,2.6,7.24,0.05,77.28,70.48
STU_11492,15,Male,High School,9.43,1.29,5.23,0,66.15,76.59
STU_11493,21,Male,College,3.73,5.2,4.92,1.29,74.22,73.29
STU_11494,22,Male,University,2.7,2.15,6.97,2.21,83.32,94.87
STU_11495,16,Male,High School,5.65,4.05,7.53,1.83,74.3,94.82
STU_11496,16,Male,High School,9.15,3.35,7.6,1.9,77.17,97.49
STU_11497,21,Female,College,1.7,4.84,4.33,1.3,75.72,80.65
STU_11498,25,Male,University,8,2.82,4.02,0.88,60.36,70.68
STU_11499,24,Female,University,5.69,4.16,4.4,2.64,67.6,73.57
STU_11500,23,Female,University,3.4,3.8,8.06,0,83.07,89.57
STU_11501,24,Female,University,8.26,5.29,7.14,0,63.02,77.64
STU_11502,14,Female,High School,1.5,3.78,6.71,1.3,76.89,78.25
STU_11503,24,Female,University,6.17,1.1,6.44,1.83,81.97,81.06
STU_11504,17,Female,High School,4.04,2.17,7.47,0,76.27,86.94
STU_11505,16,Male,High School,7.29,0.31,6.88,1,71.78,75.24
STU_11506,21,Male,College,5.34,1.94,8.68,0.76,70.93,99.92
STU_11507,24,Female,University,7.24,0.02,5.94,0,67.4,63.94
STU_11508,17,Female,High School,4.62,3.86,7.15,1.26,68.4,84.51
STU_11509,21,Non-binary,College,3.41,0,7.04,0,77.05,87.75
STU_11510,23,Female,University,4.3,0.58,8.15,1.73,82.44,95.64
STU_11511,21,Female,College,4.96,3.08,7.19,2.14,85.9,99.09
STU_11512,14,Male,High School,5.38,3.95,6.23,0.32,52.59,92.81
STU_11513,21,Female,College,6.21,0,5.95,2.01,60.73,78.41
STU_11514,15,Female,High School,4.54,3.17,6.21,1.79,54,97.87
STU_11515,16,Male,High School,6.2,3.66,4.78,0,53.54,89.23
STU_11516,13,Male,High School,10.05,0,7.02,0.47,68.67,82.87
STU_11517,13,Male,High School,2.69,0,6.49,1.9,61.93,97.54
STU_11518,13,Female,High School,7.01,2.52,6.39,1.38,72.79,89.13
STU_11519,21,Male,College,2.8,3.34,4.91,0,75.68,84.51
STU_11520,23,Female,University,2.14,1.66,7.45,1.85,72.36,99.98
STU_11521,20,Male,College,8.09,2.87,5.4,0,51.8,79.23
STU_11522,17,Male,High School,2.25,2.51,10.07,0,69.72,77.93
STU_11523,17,Non-binary,High School,4.44,6.1,7.02,1.65,78.53,85.53
STU_11524,21,Male,College,2.5,0,4.56,1.11,69.98,99.9
STU_11525,15,Male,High School,10.55,1.65,7.21,0.8,54.81,92.1
STU_11526,15,Male,High School,4.43,1.8,6.91,2.67,68.38,87.95
STU_11527,19,Female,College,1.75,0,5.35,1.08,63.94,75.91
STU_11528,21,Male,College,2.33,3.14,5.38,0.35,72.69,72.49
STU_11529,18,Female,College,9.8,1.49,4.62,0,63.73,58.36
STU_11530,14,Female,High School,3.96,0.89,8.58,2.38,79.6,98.52
STU_11531,13,Male,High School,4.3,0.25,5.27,1.54,74.54,93.75
STU_11532,14,Male,High School,8.21,2.68,6.05,1.19,62.19,98.46
STU_11533,13,Female,High School,7.68,3.37,4.94,1.65,85.28,86.8
STU_11534,22,Female,University,2.3,2.18,6.16,3.02,86.14,98.76
STU_11535,22,Male,University,2.51,4.14,7.21,0.23,70.38,99.49
STU_11536,21,Female,College,3.12,3.17,7.29,0.12,72.48,87.94
STU_11537,22,Non-binary,University,3.68,5.76,5,0.99,66.91,93.65
STU_11538,24,Male,University,6.58,0.54,3.97,0,55.46,83.18
STU_11539,25,Female,University,4.28,0,5.32,1.37,69,87.17
STU_11540,20,Male,College,3.73,3.59,6.13,0.71,72.39,95.2
STU_11541,19,Female,College,4.51,2.01,7.31,1.73,72.24,84.79
STU_11542,15,Male,High School,3.09,0.09,7.62,0.86,77.01,98.41
STU_11543,20,Female,College,8.39,0.72,7.91,1.17,73.15,76.01
STU_11544,14,Female,High School,2.76,3.84,7.49,0.56,80.35,98.12
STU_11545,14,Male,High School,4.57,4.2,5.5,1.61,79.49,93.28
STU_11546,23,Female,University,6.04,3.89,6.55,1.88,75.19,94.61
STU_11547,22,Female,University,6.19,2.68,3.88,0.74,62.41,94.6
STU_11548,15,Male,High School,3.53,2.09,7.57,1.87,77.5,98.1
STU_11549,19,Female,College,7.24,2.17,7,0.48,83.48,76.33
STU_11550,13,Male,High School,9.86,2.96,4.37,0,53.97,72.96
STU_11551,20,Female,College,9.01,2.81,8.03,1.49,81.2,98.43
STU_11552,24,Male,University,0,0.73,8.4,1.65,84.83,96.34
STU_11553,19,Female,College,4.29,4.33,8.02,2.4,79.99,82.35
STU_11554,16,Male,High School,2.85,2.58,8.05,0,84.46,81.89
STU_11555,17,Male,High School,5.89,0,5.84,0.69,72.79,85.76
STU_11556,22,Male,University,7.13,0.25,5.83,0.34,70.89,75.96
STU_11557,25,Female,University,1.63,1.75,6.02,1.28,65.46,94.21
STU_11558,13,Female,High School,6.67,2.88,3.34,0,60.46,80.32
STU_11559,16,Female,High School,4.43,2.51,7.33,2.46,65.75,91.84
STU_11560,13,Female,High School,3.84,1.25,8.4,0.92,74.85,86.69
STU_11561,13,Female,High School,5.82,4.72,6.05,0,70.21,74.2
STU_11562,22,Female,University,4.14,3.85,10.1,0,79.98,91.69
STU_11563,13,Female,High School,7.33,2.44,5.45,0.42,59.8,61.79
STU_11564,19,Male,College,3.52,0,5.44,0,71.36,98.24
STU_11565,19,Female,College,7.83,1.95,6.59,1.1,68.31,79.18
STU_11566,16,Female,High School,4.45,1.82,6.74,2.52,79.29,73.29
STU_11567,25,Male,University,0,0,8.56,0.62,67.09,99.9
STU_11568,24,Female,University,2.49,3.44,7.27,1.88,85.73,75.39
STU_11569,14,Female,High School,4.24,2.84,8.11,2.75,84.12,99.25
STU_11570,24,Male,University,5.42,0.76,4.76,0,76.38,92.21
STU_11571,15,Male,High School,4.25,2.95,6.54,0.82,75.79,95.34
STU_11572,20,Male,College,2.76,4.26,6.22,0.5,73.58,74.54
STU_11573,25,Male,University,8.95,3.42,6.89,0,65.92,79.77
STU_11574,20,Male,College,8.01,1.45,5.17,1.5,78.13,82.45
STU_11575,23,Male,University,1.48,6.81,5.42,0.57,82.11,74.28
STU_11576,23,Male,University,2.39,3.28,6.75,1.54,87.05,91.96
STU_11577,18,Female,College,5.3,1.37,6.85,1.35,76.83,98.48
STU_11578,22,Male,University,4.12,5.43,6.93,0.59,78.24,95.04
STU_11579,21,Male,College,0,0,6.4,3.31,59.3,99.22
STU_11580,23,Male,University,2.7,0.4,7.97,3.04,84.27,99.25
STU_11581,24,Male,University,6.33,1.61,4.94,0,75.98,65.35
STU_11582,21,Non-binary,College,4.78,4.25,5.52,1.84,66.83,94.72
STU_11583,16,Female,High School,2.17,1.31,6.92,1.55,81.93,99.85
STU_11584,24,Female,University,3.1,2.27,8.06,0,55.45,85.18
STU_11585,13,Male,High School,3.94,0.84,5.3,1.21,78.36,78.9
STU_11586,13,Female,High School,10.48,3.61,6.24,1.67,68.01,84.41
STU_11587,24,Male,University,4.59,3.36,6.44,0.69,75.25,86.66
STU_11588,22,Male,University,2.69,0,7.69,0.53,80.04,91.12
STU_11589,17,Male,High School,9.01,2.42,5.08,0.75,54.8,70.34
STU_11590,25,Non-binary,University,5.95,2.95,6.17,1.19,66.49,82.93
STU_11591,14,Male,High School,2.49,2.16,7.34,1.34,80.83,80.37
STU_11592,18,Female,College,4.55,2.37,8.76,1.52,67.37,99.9
STU_11593,19,Male,College,4.02,1.26,5.04,0.03,77.71,80.01
STU_11594,13,Male,High School,5.87,4,5.45,1.89,67.89,99.24
STU_11595,18,Female,College,1.36,1.12,6.54,1.91,77.69,90.5
STU_11596,20,Male,College,1.52,4.2,7.1,2.36,67.02,96.45
STU_11597,24,Female,University,3.86,2.5,4.86,0,68.85,98.63
STU_11598,17,Male,High School,2.3,1.61,5.36,2.64,82.19,99.45
STU_11599,24,Male,University,7.04,2.39,8.5,1.49,76.53,92.41
STU_11600,19,Female,College,1.93,2.65,6.72,0,73.71,84.27
STU_11601,22,Female,University,10.52,1.88,5.2,0.44,53.09,86.24
STU_11602,18,Male,College,4.12,1.82,9.77,1.54,79.49,97.32
STU_11603,16,Female,High School,4.83,0.7,6.11,2.93,74.45,95.58
STU_11604,19,Female,College,5.38,5.09,5.63,0,69.79,86.89
STU_11605,22,Male,University,4.32,1.04,6.87,4.98,86.15,97.05
STU_11606,21,Female,College,7.45,0.31,7.35,0.48,77.37,99.39
STU_11607,22,Male,University,4.86,3.28,4.51,0,68.61,86.95
STU_11608,22,Male,University,3.2,0,9.32,1.71,78.28,82.23
STU_11609,25,Female,University,1.09,2.55,8.18,0.77,72.69,65.97
STU_11610,19,Male,College,5.48,0.5,7.39,0,80.56,74.38
STU_11611,24,Female,University,6.79,3.3,5.44,2.33,74.61,88.12
STU_11612,17,Female,High School,1.33,2.15,6.94,1.69,76.02,95.81
STU_11613,19,Male,College,3.55,0.9,7.75,3.07,82.92,97.51
STU_11614,15,Female,High School,6.91,2.19,5.58,0.68,75.08,74.93
STU_11615,14,Female,High School,2.37,3.29,8.02,0.12,79.27,82.37
STU_11616,23,Female,University,2.35,1.69,7.17,0,86.72,82.03
STU_11617,17,Male,High School,4.12,1.83,4.86,0,75.05,81.45
STU_11618,16,Male,High School,7.79,4.17,4.74,1.56,61.83,84.53
STU_11619,17,Female,High School,6.8,3.25,5.44,1.41,74.85,85.86
STU_11620,20,Female,College,7.79,1.65,5.89,0,69.59,94.43
STU_11621,24,Male,University,2.02,2.65,6.76,0.62,71.46,81.14
STU_11622,16,Female,High School,2.85,1.92,6.16,2.9,78.01,93.75
STU_11623,21,Female,College,4.05,4.36,5.63,1.64,86.56,74.56
STU_11624,19,Male,College,3.73,0,6.75,2.51,82.4,74.3
STU_11625,22,Female,University,2.56,3.49,6.53,1.76,77.24,92.4
STU_11626,25,Male,University,5.7,3.37,4.71,1.95,62.84,67.04
STU_11627,24,Male,University,0.43,1.18,7.42,1.67,83.19,93.63
STU_11628,19,Male,College,4.87,0.87,7.36,0,65.59,73.83
STU_11629,25,Male,University,8.65,4.58,6.06,2.06,62.62,90.77
STU_11630,25,Male,University,4.7,2.12,6.05,0.8,82.24,84.14
STU_11631,20,Female,College,2.42,5.09,7.01,1.08,74.02,81.86
STU_11632,24,Female,University,1.3,0.67,7.68,0.84,72.65,98.87
STU_11633,18,Male,College,5.4,2.34,7.03,0.98,69.44,72.2
STU_11634,20,Female,College,8.84,1.48,6.61,0,67.63,68.55
STU_11635,15,Female,High School,5.03,1.74,7.14,3.15,69.14,85.79
STU_11636,22,Male,University,3.66,3.12,4.98,1.31,76.28,77.18
STU_11637,22,Male,University,2.59,1.15,6.42,0.48,65.95,92.93
STU_11638,13,Male,High School,0.81,2.18,6.03,0.55,80.42,97.76
STU_11639,18,Male,College,5.18,1.13,4.72,0.59,58.16,89.11
STU_11640,13,Female,High School,0.5,3.59,4.77,2.09,81.49,86.39
STU_11641,21,Male,College,6.35,5.57,7.12,2.96,76.7,90.68
STU_11642,14,Female,High School,6.07,4.83,5.73,0.42,56.62,76.11
STU_11643,23,Female,University,3.96,0.76,8.65,2.21,79.13,97.55
STU_11644,14,Male,High School,6.12,1.64,7.96,1.07,79.38,86.94
STU_11645,19,Female,College,4.93,2.41,5.67,0,76.66,54.67
STU_11646,14,Male,High School,6.1,0,7.36,1.08,71.93,95.11
STU_11647,22,Male,University,6.74,2.4,7.64,1.55,75.4,99.81
STU_11648,20,Female,College,3.86,3.36,6.45,1.89,62.47,94.47
STU_11649,18,Male,College,1.26,2.47,7.87,2.15,84.32,99.78
STU_11650,19,Male,College,10.15,2.32,6.18,0,61.69,93.48
STU_11651,19,Female,College,3.97,1.32,8.63,2,71.79,89.56
STU_11652,18,Female,College,3.43,1.87,6.47,0,87.31,85.05
STU_11653,22,Male,University,5.61,1.64,7.24,1.5,74.6,93.42
STU_11654,23,Male,University,4.02,0.63,6.36,0,75.71,91.86
STU_11655,21,Female,College,1.36,4.17,5.68,2.7,86.03,99.32
STU_11656,25,Female,University,1.52,5.34,5.2,1.81,78.82,96.77
STU_11657,21,Male,College,2.27,1.4,8.18,0,83.07,88.5
STU_11658,19,Female,College,5.39,0.67,7.65,1.3,74.09,99.8
STU_11659,21,Female,College,2.76,1.14,7.64,1.52,66.95,96.96
STU_11660,25,Female,University,6.84,0.74,7.41,0.68,79.89,92.65
STU_11661,22,Female,University,4.11,1.65,6.74,1.45,76.36,84.06
STU_11662,15,Female,High School,4.3,2.98,6.6,1.6,78.43,90.97
STU_11663,15,Male,High School,4.65,4.66,7.1,0.37,77.62,80.05
STU_11664,13,Male,High School,1.9,0,7.58,0,83.65,87.86
STU_11665,17,Female,High School,7.69,4.2,5,0,62.47,77.01
STU_11666,16,Female,High School,5.28,2.49,7.04,0.85,81.49,88.27
STU_11667,14,Female,High School,4.07,0,7.91,2.2,80.37,92.9
STU_11668,21,Male,College,3.18,0.23,6.33,0.13,68.99,68.03
STU_11669,15,Female,High School,3.13,3.41,6.52,0.53,62.19,97.1
STU_11670,20,Male,College,1.61,0.96,8.99,2.01,78.4,99.54
STU_11671,18,Non-binary,College,1.17,1.8,6.77,1.33,73.5,97.7
STU_11672,25,Male,University,1.17,2.27,6.36,0,71.31,67.71
STU_11673,17,Female,High School,7.16,4.63,7.84,1.21,79.8,80.62
STU_11674,13,Male,High School,2.58,0.2,6.92,1.04,81.65,96.54
STU_11675,16,Female,High School,1.81,3.66,7.77,0.09,58.09,89.13
STU_11676,15,Male,High School,7.72,4.79,4.25,0,80.13,64.56
STU_11677,13,Female,High School,4.65,0.74,6.73,1.5,66.74,88.89
STU_11678,24,Female,University,1.57,3.91,6.41,2.23,83.09,77.55
STU_11679,17,Female,High School,5.93,1.56,7.36,0,76.83,82.58
STU_11680,18,Female,College,8.13,1.25,7.15,0.89,69.77,96.89
STU_11681,14,Male,High School,6.2,1.9,5,0.52,64.59,60.97
STU_11682,15,Male,High School,4.85,2.91,7.74,0.49,82.31,70.64
STU_11683,23,Female,University,5.67,1.16,7.27,1.45,82.7,94.52
STU_11684,18,Male,College,7.49,4.15,7.4,0.61,66.28,80.19
STU_11685,16,Female,High School,8.82,1.72,6.97,0.65,74.47,91.63
STU_11686,21,Female,College,2.12,0,8.52,2.1,85.67,87.6
STU_11687,17,Male,High School,4.56,2.37,5.08,0.36,70.24,95.45
STU_11688,16,Male,High School,6.01,0.2,6.97,0,60.07,75.24
STU_11689,14,Male,High School,4.93,2.03,8.64,2.91,72.86,97.89
STU_11690,18,Male,College,5.82,3.16,6.02,2.32,68.07,99.75
STU_11691,22,Female,University,10.02,1.32,6.23,0.6,80.17,81.49
STU_11692,14,Female,High School,3.85,0,7.14,0.19,80.29,84.03
STU_11693,24,Male,University,0.97,0.69,8.92,2.86,73.47,97.92
STU_11694,25,Male,University,9.13,4.84,6.35,0.48,62.69,77.56
STU_11695,19,Female,College,8.92,2.84,3.7,0.28,71.96,82.05
STU_11696,15,Male,High School,5.86,4.04,5.78,2.72,81.32,98.01
STU_11697,21,Male,College,3.26,5.5,5.4,0.73,70.8,76.78
STU_11698,23,Male,University,6.64,6.21,5.86,1.25,81.57,78.98
STU_11699,17,Female,High School,4.58,2.88,6.28,0.29,64.6,79.64
STU_11700,20,Male,College,3.73,1.99,7.29,0.57,68.65,92.5
STU_11701,23,Male,University,2.81,1.37,9.44,1.98,86.71,84.27
STU_11702,18,Non-binary,College,4.46,2.68,5.93,1.56,76.95,94.37
STU_11703,24,Male,University,5.87,3.33,4.1,2.88,72.41,85.3
STU_11704,22,Female,University,4.91,3.77,6.43,2.44,76.81,91.13
STU_11705,20,Male,College,6.71,0.67,6.11,2.94,68.62,92.92
STU_11706,25,Male,University,3.95,0.7,5.88,3.17,87.9,86
STU_11707,25,Male,University,3.45,2.07,6.66,0.52,83.46,83.7
STU_11708,23,Male,University,5.47,2.5,4.75,0,77.38,72.05
STU_11709,24,Male,University,4.72,5.41,5.46,2.98,76.4,97.28
STU_11710,15,Male,High School,8.21,0,5.05,0.01,49.99,74.3
STU_11711,15,Male,High School,3.63,1.41,5.42,1.26,67.95,98.61
STU_11712,17,Male,High School,3.24,4.02,6.69,0.92,82.01,87.38
STU_11713,23,Female,University,4.08,0.7,6.38,0.12,59.31,73.79
STU_11714,22,Female,University,3.47,2.46,7.87,0.54,73.4,84.79
STU_11715,15,Female,High School,2.92,4.23,7.23,0.23,80.25,95.09
STU_11716,20,Female,College,0.42,3.69,7.51,0,80.46,98.11
STU_11717,22,Female,University,1.62,3.73,8.72,0.83,81.97,97
STU_11718,25,Male,University,4.2,2.13,6.19,1.92,46.29,98.19
STU_11719,24,Male,University,1.23,2.72,8.64,3.45,79.95,98.81
STU_11720,20,Male,College,5.91,2.8,6.4,1.27,69.93,99.5
STU_11721,14,Female,High School,5.42,1.54,7.07,0.2,77.9,90.32
STU_11722,24,Female,University,2.83,4,8.59,2.22,80,76.51
STU_11723,16,Female,High School,4.37,0.15,8.33,0.9,66.56,89.28
STU_11724,22,Male,University,4.02,1.3,6.6,1.42,83.74,78.88
STU_11725,25,Female,University,0,4.01,7.73,2.93,79.9,99.04
STU_11726,13,Male,High School,5.61,0,6.19,2.07,63.96,96.93
STU_11727,16,Male,High School,3.01,2.76,7.38,0,82.33,84.4
STU_11728,24,Female,University,2.06,4.48,7.6,1.67,77.86,97.35
STU_11729,25,Male,University,6.2,1.12,5.48,0.51,67.08,66.08
STU_11730,25,Male,University,5.11,3.24,6.13,1.18,57.76,79.73
STU_11731,23,Female,University,6.78,2.72,8.45,0,73.21,76.33
STU_11732,25,Female,University,4.21,3.68,6.75,1.02,58.8,91.77
STU_11733,16,Male,High School,5.04,2.53,7.12,0,78.66,97.6
STU_11734,22,Male,University,6.5,4.57,6.22,1.86,79.28,79.84
STU_11735,21,Female,College,8.69,3.17,4.64,2.29,59.88,87.52
STU_11736,15,Male,High School,3.72,4.05,4.04,0.35,72.53,72.21
STU_11737,14,Male,High School,5.12,3.96,6.9,2.92,79.21,97.03
STU_11738,21,Male,College,5.93,4.94,4.29,1.88,70.34,98.21
STU_11739,21,Female,College,5.91,0.76,6.33,1.81,80.68,91.07
STU_11740,13,Male,High School,3.22,0.27,7.59,1.64,82.85,89.22
STU_11741,18,Male,College,4.22,4.38,6.07,2.02,76.12,98.79
STU_11742,22,Male,University,5.91,2.79,5.31,2.07,71.38,86.3
STU_11743,20,Male,College,4.94,5.87,6.56,0,41.14,72.39
STU_11744,15,Male,High School,9.29,0,5.55,1.37,68.33,86.61
STU_11745,23,Female,University,3.73,2.37,7.84,3.32,78.26,97.4
STU_11746,21,Female,College,2.5,2.47,6.81,1.4,69.75,99.53
STU_11747,14,Female,High School,5.71,4.11,6.38,2.05,83.51,91.58
STU_11748,18,Female,College,2.15,6.01,7.97,0.84,82.55,86.94
STU_11749,13,Female,High School,3.35,2.51,6.41,0,71.05,77.1
STU_11750,25,Female,University,4.7,3.26,5.04,0.2,62.55,96.25
STU_11751,19,Female,College,4.42,0,5.12,4.28,77.51,96.33
STU_11752,15,Female,High School,4.35,3.02,6.84,4.23,77.41,99.2
STU_11753,19,Male,College,3.09,3.03,6.97,0.89,76.52,96.35
STU_11754,16,Male,High School,5.42,1.47,6.79,1.49,73.86,72.96
STU_11755,21,Non-binary,College,9.93,3.04,6.64,2.35,67.72,92.51
STU_11756,17,Female,High School,6.57,2.95,6.08,1.07,59.89,80.81
STU_11757,15,Female,High School,0,5.41,9.75,2.28,72.25,97.57
STU_11758,20,Non-binary,College,3.48,1.13,7.66,3.54,87.37,98.8
STU_11759,18,Female,College,5.83,0.9,6.27,1.54,82,86.96
STU_11760,14,Female,High School,0.76,0.97,5.45,2.09,80.91,96.71
STU_11761,15,Male,High School,0,1.72,6.46,1.4,87.41,87.02
STU_11762,20,Female,College,2.69,0,8.6,0.43,69.28,79.39
STU_11763,22,Female,University,2.48,2.03,8.63,2.44,84.21,98.99
STU_11764,19,Non-binary,College,8.6,2.56,7.34,2.47,75.47,98.97
STU_11765,22,Female,University,5.39,5.2,5.21,0.2,64.95,58.13
STU_11766,18,Female,College,4.14,2.28,6.76,0,78.43,81.89
STU_11767,13,Female,High School,3.71,4.78,7.05,0,68.01,93.81
STU_11768,21,Male,College,5.63,3.99,7.91,1.4,59.57,98.41
STU_11769,15,Male,High School,5,2.75,6.77,1.03,72.66,93.26
STU_11770,17,Female,High School,5.62,2.24,5.88,3.09,60.96,99.38
STU_11771,19,Male,College,5.31,3.47,5.12,0.81,55.74,95
STU_11772,19,Female,College,7.1,3.66,6.8,2.62,68.54,99.84
STU_11773,15,Male,High School,4.58,1.55,4.28,0.22,58.32,68.87
STU_11774,16,Male,High School,6.45,3.56,6.24,1.63,79.74,70.4
STU_11775,22,Male,University,5.39,2.34,7.92,0.45,65.23,71.53
STU_11776,19,Male,College,5.01,3.48,7.02,0.87,72.85,69.72
STU_11777,20,Male,College,3.5,5.45,7.06,0,63.28,79.67
STU_11778,14,Non-binary,High School,4.34,1.85,5.35,0,68.45,90.4
STU_11779,21,Male,College,4.38,0,5.24,0.59,65.47,93.46
STU_11780,19,Female,College,7.2,2.4,5.84,0.36,70.6,88.99
STU_11781,25,Non-binary,University,5.09,0.57,5.64,2.07,73.35,98.4
STU_11782,20,Female,College,2.24,2.97,6.59,0.12,68.11,76.35
STU_11783,18,Male,College,0.63,0.69,8.16,2.44,76.98,80.34
STU_11784,18,Female,College,1.66,2.3,7.57,0,76.99,79.05
STU_11785,21,Male,College,2.78,5.43,6.14,1.95,79.81,98.08
STU_11786,16,Male,High School,5.65,5.8,5.79,0.57,61.79,75.14
STU_11787,23,Female,University,2.95,3.15,6.19,0.02,70.89,85.21
STU_11788,23,Male,University,7.57,0.88,6.85,2.09,68.2,66.63
STU_11789,17,Non-binary,High School,1.43,4.07,9.95,3.45,80.27,98.89
STU_11790,21,Female,College,6.16,1.66,5.63,2.33,76.89,99.65
STU_11791,13,Male,High School,0,0,6.58,1.57,86.84,98.13
STU_11792,16,Male,High School,1.71,6.02,6.82,3.34,64.78,94.52
STU_11793,19,Female,College,2.02,2.48,5.72,1.98,73.11,99.7
STU_11794,23,Female,University,1.99,3.49,7.5,1.16,69.38,94.46
STU_11795,21,Female,College,2.91,1.91,9.62,0,84.25,96.81
STU_11796,25,Male,University,6.47,3.46,8.65,0,62.23,79.5
STU_11797,23,Male,University,6.29,1.01,5.95,2.12,76.08,97.84
STU_11798,24,Male,University,1.98,2.29,5.85,0.7,74.92,93.17
STU_11799,25,Male,University,4.01,4.15,7.7,0,70.95,87.74
STU_11800,22,Male,University,5.64,2.18,7.38,1.63,71.18,91.12
STU_11801,18,Male,College,4.04,0.98,7.37,0.96,60.8,88.1
STU_11802,24,Male,University,8.44,4.16,5.63,0.66,60.73,51.64
STU_11803,20,Female,College,5.46,1.85,7.14,0.17,79,89.62
STU_11804,25,Female,University,2.34,1.81,6.69,0,65.2,82.09
STU_11805,21,Male,College,2.59,0.47,7.86,0,68.83,90.63
STU_11806,22,Female,University,2.08,5.29,7.07,0,76.67,72.43
STU_11807,16,Female,High School,2.75,4.42,6.54,2.41,81.71,92.8
STU_11808,13,Female,High School,4.55,2.04,7.57,3.77,83.46,91.25
STU_11809,20,Female,College,3.91,0.93,5.38,0.98,74.36,98.15
STU_11810,14,Male,High School,3.33,3.72,7.63,0,58.44,90.36
STU_11811,23,Male,University,5.95,3.22,7.38,1.12,68.34,99.6
STU_11812,13,Male,High School,5.36,1.76,5.52,2.82,84.07,81.62
STU_11813,25,Male,University,0.55,2.33,6.11,1.53,72.06,99.46
STU_11814,19,Female,College,1.31,3.56,4.87,2.08,72.18,90.8
STU_11815,24,Female,University,2.04,2.91,7.95,1.83,83.99,99.16
STU_11816,22,Male,University,2.48,3.17,6.88,1.11,86.47,77.53
STU_11817,21,Female,College,2.9,2.97,5.55,1.66,63.9,88.72
STU_11818,23,Female,University,3.49,3.81,7.83,0.18,77.62,85.27
STU_11819,24,Male,University,5.39,1.5,6.05,1.07,78.46,91.12
STU_11820,24,Female,University,1.69,2.79,6.11,1.4,79.21,88.36
STU_11821,21,Male,College,2.59,1.2,8.45,0,69.9,99.8
STU_11822,15,Female,High School,0.54,1.33,6.24,1.3,73.71,82.52
STU_11823,18,Male,College,2.2,5.93,6.47,0.18,87.33,68.12
STU_11824,19,Male,College,3.98,0,6.54,0,69.78,67.47
STU_11825,22,Female,University,2.26,3.7,6.51,1.25,68.77,99.68
STU_11826,21,Female,College,1.92,7.39,5.65,0,72.23,73.02
STU_11827,14,Male,High School,3.22,5.68,7.59,0.82,87.35,88.53
STU_11828,20,Female,College,5.09,3.51,6.19,1.18,75.12,77.25
STU_11829,19,Female,College,2.2,5.94,6.1,1.8,62.01,99.06
STU_11830,16,Male,High School,7.05,3.22,6.04,2.86,74.33,96.18
STU_11831,14,Male,High School,2.38,1.97,6.14,0,81.78,78.58
STU_11832,20,Female,College,3.46,2.54,7.47,1.08,71.81,95.72
STU_11833,23,Male,University,7.39,4.12,5.66,2.45,60.23,87.1
STU_11834,17,Female,High School,5.94,6.24,7.29,0.39,67.27,87.33
STU_11835,18,Female,College,4.15,4.41,8.94,1.45,81.63,99.51
STU_11836,23,Female,University,5.43,2.34,5.43,0.5,51.68,68.18
STU_11837,19,Non-binary,College,1.33,1.35,4.64,0.13,71.64,93.02
STU_11838,22,Male,University,9.02,0,5.95,3.03,76.46,98.51
STU_11839,13,Male,High School,1.46,2.25,6.08,1.47,58.73,89.51
STU_11840,20,Female,College,5.02,0.64,5.61,1.84,79.21,92.95
STU_11841,16,Female,High School,7.31,4.17,5.23,2.63,79.2,99.98
STU_11842,25,Male,University,5.16,2.05,6.91,1.71,74.9,99.41
STU_11843,21,Male,College,4.37,4.25,3.98,2.41,70.78,86.33
STU_11844,13,Female,High School,7.1,6.81,6.75,1.34,66.26,93.09
STU_11845,23,Male,University,6.05,2.27,7.97,1.87,72.09,94.95
STU_11846,14,Male,High School,3.28,2.79,5.64,0.43,77.39,98.15
STU_11847,18,Female,College,8.36,3.15,4.95,1.05,67.81,69.17
STU_11848,23,Non-binary,University,2.64,1.99,6.91,0.77,73.56,86.02
STU_11849,22,Female,University,8.56,2.71,5.64,0.91,67.05,84.29
STU_11850,23,Female,University,5.98,1.87,6.37,0,81.48,89.36
STU_11851,13,Male,High School,3.52,4.94,6.46,1.21,58.55,88.08
STU_11852,16,Female,High School,1.95,2.11,6.14,1.62,69.96,97.83
STU_11853,20,Male,College,4.9,0.25,6.61,0.41,57.62,74.47
STU_11854,22,Non-binary,University,2.96,0.41,6.04,1.9,74.03,81.46
STU_11855,17,Female,High School,4.77,0.99,7.32,0.71,83.09,70.01
STU_11856,25,Female,University,6.41,1.69,5.72,1.42,61.12,74.26
STU_11857,21,Female,College,6.71,4.08,4.44,2.77,80.68,85.87
STU_11858,23,Male,University,7.97,3.96,4.12,0,51.78,73.37
STU_11859,23,Non-binary,University,1.94,4.11,6.83,0.32,76.52,98.39
STU_11860,18,Male,College,5.1,2.53,6.4,2.38,68.24,96.44
STU_11861,13,Male,High School,0.96,4.29,6.03,0.49,66.37,86.75
STU_11862,18,Male,College,4.51,2.06,7.65,1.36,76.64,83.64
STU_11863,18,Female,College,0.62,0,9.27,1.12,80.46,90.81
STU_11864,25,Female,University,9.8,4.21,7.09,0,48.15,98.69
STU_11865,18,Male,College,7.74,1.27,7.95,0.72,70.8,72.65
STU_11866,20,Male,College,0.65,2.11,8.33,0.36,61.46,94.75
STU_11867,18,Female,College,2.93,1.85,7.7,1.49,77.14,93.33
STU_11868,17,Male,High School,6.31,3.44,7.12,1.96,76.76,96.53
STU_11869,23,Female,University,5.09,2.79,7.27,0,78.85,80.59
STU_11870,14,Female,High School,4.55,2.09,6.75,0.43,82.81,67.62
STU_11871,16,Female,High School,5.13,5.38,6.58,0,70.54,54.84
STU_11872,22,Female,University,6.63,2.34,6.55,1.06,76.76,79.42
STU_11873,17,Male,High School,9.52,2.07,8.16,0.54,59.77,83.89
STU_11874,22,Non-binary,University,1.67,3.95,6.94,1.87,70.98,97.55
STU_11875,16,Male,High School,3.99,4.6,6.59,1.49,63.73,92.25
STU_11876,14,Male,High School,0,4.1,8.43,1.73,70.71,87.66
STU_11877,19,Male,College,4.37,1.42,7.16,0.47,59.17,98
STU_11878,22,Non-binary,University,8.6,3.16,6.65,1.88,44.28,86.7
STU_11879,22,Female,University,5.68,2.65,6.54,1.71,83.67,99.73
STU_11880,14,Male,High School,6.43,2.15,6.42,1.47,81.77,89.23
STU_11881,13,Female,High School,4.95,0.82,7.81,0.92,67.05,89.84
STU_11882,17,Male,High School,2.7,2.9,4.77,2.71,78.05,98.56
STU_11883,24,Non-binary,University,0.66,4.46,7.22,1.94,73.54,99.42
STU_11884,25,Male,University,8.13,5.43,3.64,1.08,53.12,89.07
STU_11885,13,Female,High School,3.38,4.58,4.51,0,67.3,81.2
STU_11886,13,Female,High School,4.05,1.69,4.04,2.43,78.2,86.52
STU_11887,13,Male,High School,0,0.82,8.06,4.43,85.81,98.29
STU_11888,18,Female,College,2.88,0,5.58,0.72,80.77,89.96
STU_11889,21,Male,College,4.83,4.4,5.54,0.56,76.88,81.84
STU_11890,22,Female,University,5.35,3.98,7.31,0.5,82.78,77.98
STU_11891,25,Female,University,8.52,1.5,5.64,0.4,55.54,73.24
STU_11892,23,Female,University,3.87,1.14,6.14,0.31,71.69,73.05
STU_11893,24,Male,University,4.23,4.78,7.78,3.26,82.66,97.89
STU_11894,13,Non-binary,High School,8.3,4.25,6.34,1.73,74.94,81.26
STU_11895,17,Male,High School,7.43,4.83,5.41,1.13,74.23,82.29
STU_11896,21,Female,College,0.98,3.51,7.4,2.38,80.8,97.48
STU_11897,21,Female,College,8.12,3.66,4.51,1.77,64.53,59.3
STU_11898,13,Female,High School,0.49,0,6.67,0.38,73.9,63.42
STU_11899,20,Female,College,5.68,1.83,8.24,0.83,83.39,87.56
STU_11900,13,Male,High School,6.38,6.14,4.32,1.28,56.93,88.01
STU_11901,20,Female,College,4.97,1.48,5.77,1.9,76.54,98.33
STU_11902,13,Male,High School,3.56,2.89,6.21,1.92,84.1,90.91
STU_11903,24,Male,University,3.38,5.3,5.7,1.23,74.88,94.61
STU_11904,17,Female,High School,0,4.07,7.52,0,68.07,91.59
STU_11905,20,Female,College,4.88,0.76,6.86,0,63.62,85.82
STU_11906,18,Male,College,4.58,0.39,7.41,0.52,70.51,93.99
STU_11907,21,Female,College,8.15,5.33,6.42,2.1,76.77,83.62
STU_11908,13,Male,High School,3.82,3.83,7.18,1.25,58.78,76.58
STU_11909,21,Male,College,3.18,3.14,8.35,1.15,86.34,84.09
STU_11910,13,Male,High School,3.22,3.4,7.84,0.45,67.52,89.92
STU_11911,22,Female,University,2.4,1.83,6.68,1.06,84.71,87.4
STU_11912,22,Female,University,3.36,0.9,8.63,2.27,76.38,84.62
STU_11913,15,Female,High School,1.92,3.29,6.16,1.31,87.39,86.54
STU_11914,13,Male,High School,6.03,1.42,5.92,1.21,65.71,98.12
STU_11915,15,Female,High School,5.5,1.44,6.63,0,72.23,87.27
STU_11916,24,Male,University,0.86,1.84,8.18,0,82.59,86.74
STU_11917,23,Female,University,4.74,3.91,6.75,2.1,76.23,91.73
STU_11918,25,Female,University,7.29,1.24,6.1,1.02,68.44,88.02
STU_11919,14,Male,High School,7.14,1.08,6.15,0.64,74.37,71.6
STU_11920,14,Female,High School,1.9,0.79,8.51,0.29,78.21,88.39
STU_11921,21,Non-binary,College,7.83,2.22,6.03,0,57.11,87.15
STU_11922,20,Male,College,3.18,4.32,7.45,0.92,80.66,96.44
STU_11923,13,Female,High School,4.55,2.24,3.9,0.55,70.06,92.64
STU_11924,24,Female,University,3.62,2.5,4.49,1.66,75.42,86.59
STU_11925,16,Male,High School,1.49,2.84,8.54,2.67,72.11,98.65
STU_11926,25,Female,University,2.55,1.91,4.05,2.4,77.71,82.62
STU_11927,13,Female,High School,7.61,0.86,4.08,0,68.33,72.21
STU_11928,13,Male,High School,7.68,1.72,6.18,1.22,72.59,88.63
STU_11929,24,Male,University,6.2,1.48,7.48,2.82,78.21,86.94
STU_11930,24,Non-binary,University,3.94,2.34,4.05,1.41,69.57,85.06
STU_11931,16,Female,High School,9,1.69,5.94,1.9,59.32,93.83
STU_11932,14,Male,High School,6.97,2.91,7.09,2.58,79.31,81.83
STU_11933,15,Male,High School,4.21,2.3,5.99,1.44,79.37,79.93
STU_11934,23,Female,University,0,1.38,7.02,0.71,81.86,99.9
STU_11935,21,Male,College,6.65,5.12,6.94,1.38,79.42,98.26
STU_11936,14,Male,High School,7.6,3.36,6.25,0,64.25,57.18
STU_11937,16,Female,High School,5.57,2.13,6.33,1.33,70.58,80.84
STU_11938,13,Female,High School,0,1.53,6.37,2.06,75.77,87.03
STU_11939,14,Male,High School,5,4.15,5.49,0,85.14,80.63
STU_11940,17,Male,High School,9.94,0.94,6.27,0,53.75,74.6
STU_11941,22,Female,University,4.12,5.03,6,2.13,79.49,97.85
STU_11942,13,Male,High School,9.41,0,4.94,0,77.62,77.6
STU_11943,23,Male,University,6.26,7.48,4.4,0,64.35,92.71
STU_11944,19,Male,College,4.62,1.74,3.95,1.56,78.37,97.82
STU_11945,16,Male,High School,8.01,0.16,5.44,0,70.98,89.93
STU_11946,18,Male,College,2.98,1.3,6.91,1.21,85.45,79.79
STU_11947,20,Non-binary,College,1.41,1.94,8.57,2.21,70.87,99.47
STU_11948,25,Male,University,1.46,1.49,8.16,2.14,84.14,97.41
STU_11949,18,Male,College,5.02,3.14,5.98,2.07,71.77,87.42
STU_11950,14,Male,High School,5.61,3.01,5.76,1.48,82.85,88.33
STU_11951,13,Female,High School,2.79,8.22,5.52,2.6,65.65,96.54
STU_11952,20,Female,College,7.55,2.66,4.15,0.15,66.67,95.01
STU_11953,20,Male,College,4.72,0.11,5.21,0.92,57.07,93.22
STU_11954,21,Female,College,6.57,2.19,5.77,0.85,51.48,85
STU_11955,18,Male,College,2.8,2.75,6.57,0,74.54,66.97
STU_11956,24,Female,University,4.05,1.58,6.25,1.18,78.06,95.99
STU_11957,13,Male,High School,0.09,3.66,5.73,2.77,85.22,98.85
STU_11958,21,Male,College,3.8,3.88,5.94,1.54,79.27,88.08
STU_11959,24,Male,University,5.06,1.36,5.44,1.93,69.11,97.59
STU_11960,25,Male,University,3.1,1.87,8.32,1.04,81.31,87.61
STU_11961,15,Female,High School,4.35,0,7.76,2.2,80.61,89.88
STU_11962,23,Male,University,5.1,0.93,6.42,0.22,55.55,89.78
STU_11963,18,Female,College,3.16,2.02,8.22,1.54,88.21,97.56
STU_11964,22,Male,University,3.84,2.75,7.13,3.87,70.15,90.96
STU_11965,25,Female,University,2.67,2.26,7.08,2.3,87.25,95.88
STU_11966,22,Male,University,2.15,0.98,7.16,1.2,76.65,96.49
STU_11967,23,Female,University,7.57,4.49,4.05,0,66.41,69.61
STU_11968,24,Male,University,0.92,4.31,7.46,3.09,79.6,98.53
STU_11969,21,Male,College,6.63,4.49,7.16,3.3,75.18,99.9
STU_11970,23,Male,University,1.09,5.29,7.48,3.79,78.44,97.16
STU_11971,25,Female,University,8.28,0.73,6.3,1.43,82.71,91.27
STU_11972,15,Female,High School,5.94,3.27,6.73,0,73.03,69.81
STU_11973,17,Male,High School,3.57,4.14,7.22,0.54,77.55,98.09
STU_11974,25,Male,University,6.55,6.29,6.53,2.63,46.32,96.83
STU_11975,17,Male,High School,7.22,5.19,6.49,0.96,59.12,74.24
STU_11976,22,Male,University,5.95,2.04,8.06,1.35,79.92,97.07
STU_11977,19,Female,College,5.68,0,6.05,0.92,79.9,97.95
STU_11978,16,Male,High School,5.06,0.32,6.41,1.23,78.02,79.98
STU_11979,23,Male,University,8.04,3.71,6.89,0,64.36,84.62
STU_11980,16,Female,High School,4.44,2.61,7.22,0,62.17,88.05
STU_11981,19,Male,College,4.8,1.24,7.13,0,67.42,66.13
STU_11982,21,Male,College,6.66,0,7.9,0.58,74.22,67.77
STU_11983,23,Female,University,3.7,4.09,4.9,0,55.02,62.75
STU_11984,16,Male,High School,7.25,0.42,6.88,2.84,66.69,86.37
STU_11985,16,Female,High School,6.73,5.05,5.35,0.93,54.38,78.74
STU_11986,18,Female,College,11.61,0.7,6.53,0,49.15,71.34
STU_11987,18,Male,College,4.19,1.7,6.06,1.81,69.27,88.07
STU_11988,19,Male,College,6,1.3,7.58,0.28,58.85,85.77
STU_11989,13,Male,High School,5.67,3.64,7.72,3.21,89.23,94.57
STU_11990,25,Male,University,6.53,1.29,5.57,1.17,72.47,74.33
STU_11991,23,Female,University,4.32,2.12,5.21,1.79,78.16,98.62
STU_11992,15,Male,High School,5.66,1.87,6.91,1.88,63.81,83.58
STU_11993,21,Female,College,4.86,0.92,8.18,0,73.73,86.85
STU_11994,18,Female,College,6.65,2.53,8.05,0,67.91,81.25
STU_11995,18,Female,College,0,2.98,9.27,2.99,78.75,99.55
STU_11996,17,Female,High School,3.9,3.77,5.4,2.12,83.09,98.59
STU_11997,23,Female,University,9.8,3.6,5.27,2.24,48.29,84.45
STU_11998,15,Female,High School,8.35,3.79,5,0.13,51.94,90.12
STU_11999,23,Female,University,5.26,0,6.53,2.72,68.11,96.43
STU_12000,17,Male,High School,5.98,2.46,6.6,3.41,75,92.03
STU_12001,13,Female,High School,5.8,0.89,7.61,0.39,70.84,82.01
STU_12002,15,Female,High School,6.08,2.52,7.05,1.1,86.37,91.11
STU_12003,16,Male,High School,2.31,2.75,8.36,2.5,84.29,96.26
STU_12004,17,Non-binary,High School,2.84,2.87,6.35,2.55,82.07,97.55
STU_12005,22,Female,University,2.87,0,8.8,3.89,81.39,95.62
STU_12006,21,Female,College,3.39,6.81,6.27,2.16,62.95,91.88
STU_12007,16,Male,High School,8.44,6.64,6.02,0.57,79.6,99.25
STU_12008,15,Non-binary,High School,1.58,1.38,8.99,2.14,76.03,98.36
STU_12009,22,Female,University,9.41,0.5,3.79,0,75.28,89.38
STU_12010,13,Female,High School,5.51,7.62,5.99,2.83,72.72,97.38
STU_12011,25,Female,University,1.58,4.49,4.72,1.18,70.89,89.41
STU_12012,22,Male,University,3.08,3.85,4.94,0.49,84.46,88.58
STU_12013,18,Male,College,5.6,0.3,6.7,0.03,83.32,67.8
STU_12014,19,Female,College,1.27,5.4,5.62,0.99,70.5,96.38
STU_12015,22,Male,University,3.63,0.94,7.39,0,77.25,86.91
STU_12016,20,Female,College,1.66,2.17,7.12,1.06,84.82,88.06
STU_12017,24,Male,University,6.09,4.98,5.22,0.65,71.8,71.56
STU_12018,13,Male,High School,1.7,1.76,5.2,0.56,63.24,91.86
STU_12019,24,Male,University,0.73,2.92,8.48,1.2,70.64,93.17
STU_12020,16,Male,High School,8.16,4.61,6.02,0.94,53.18,68.96
STU_12021,23,Male,University,3.74,0.32,5.89,0.21,61.97,87.49
STU_12022,17,Male,High School,3.52,4.59,5.58,1.73,88.84,87.41
STU_12023,14,Male,High School,5.68,5.39,4.81,0.35,72.33,94.83
STU_12024,13,Female,High School,4.43,2.38,6.71,0.35,85.17,84.85
STU_12025,20,Female,College,2.44,4.72,7.6,2.57,78.73,94.73
STU_12026,18,Male,College,2.97,1.1,7.46,1.92,73.47,99.79
STU_12027,17,Female,High School,6.3,0,8.02,3,81.46,97.96
STU_12028,25,Male,University,2.09,0,7.54,1.58,82.38,95
STU_12029,21,Male,College,4.41,3.42,8.3,1.45,73.91,97.11
STU_12030,25,Female,University,8.67,3.32,5.81,1.88,60.71,82.01
STU_12031,23,Male,University,3.76,1.45,4.54,0.18,77.61,93.77
STU_12032,25,Male,University,7.58,4.61,4.35,0.34,77.32,93.34
STU_12033,23,Male,University,1.98,1.34,6.64,2.74,81.83,90.99
STU_12034,14,Non-binary,High School,4.96,0.26,6.34,1.47,75.99,98.92
STU_12035,22,Male,University,7.62,0.79,5.43,0,65.49,96.03
STU_12036,24,Female,University,3.07,5.04,7.17,2.97,74.9,98.14
STU_12037,20,Male,College,9.29,4.01,7.03,0,65.35,75.86
STU_12038,23,Male,University,4.37,2.2,3.91,1.79,66.8,85.91
STU_12039,22,Female,University,1.59,2.01,7.95,1.38,62.39,90.57
STU_12040,25,Male,University,7.01,1.48,5.67,0,70.56,77
STU_12041,21,Female,College,8.46,0,4.18,0.64,40.63,70.26
STU_12042,13,Female,High School,1.38,0,5.71,2.04,77.83,98.37
STU_12043,19,Male,College,5.6,2.25,5.81,1.23,69.55,80.43
STU_12044,20,Male,College,2.82,3.56,6,0.96,62.54,97.58
STU_12045,15,Female,High School,1.95,1.91,5.87,1.09,81.27,81.08
STU_12046,16,Male,High School,2.3,0,5.57,2.1,85.57,98.64
STU_12047,25,Male,University,5.03,5.43,8.47,1.84,80.6,79.42
STU_12048,15,Male,High School,7.73,0.03,6.41,0.81,79.32,72.68
STU_12049,19,Female,College,4.35,2.53,7.3,2.12,81.08,91.52
STU_12050,21,Female,College,5.55,2.79,7.56,2.47,71.98,86.37
STU_12051,15,Female,High School,3.12,6.72,5.71,1.52,78.25,76.67
STU_12052,25,Male,University,4.18,0.8,6.5,0,76.15,86.74
STU_12053,18,Female,College,2.33,2.58,7.08,1.83,84.74,87.74
STU_12054,20,Male,College,0,2.82,5.9,2.32,71.85,99.26
STU_12055,18,Male,College,3.22,0.45,5.69,1.65,68.89,81.23
STU_12056,14,Female,High School,7.32,3.04,8.62,0,81.86,83.38
STU_12057,25,Female,University,0,1.71,10.38,0.93,82.92,95.46
STU_12058,19,Female,College,7.25,1.94,4.34,2.38,72.26,97.98
STU_12059,14,Male,High School,5.32,1.2,7.23,2.06,63.33,91.17
STU_12060,14,Female,High School,4.15,4.62,7.04,2.35,73.75,99.15
STU_12061,14,Female,High School,3.19,2.27,7.1,2.68,85.04,98.12
STU_12062,23,Male,University,5.7,1.06,5.48,0.05,77.15,84.54
STU_12063,13,Male,High School,8,0,5.1,0,65.2,81.97
STU_12064,23,Male,University,5.14,5.89,7.67,2.33,62.84,97.29
STU_12065,13,Male,High School,3.97,2.64,8.79,0,75.3,85.3
STU_12066,19,Female,College,10.22,4.38,4.79,2.62,41.86,79.98
STU_12067,25,Male,University,4.72,4.73,4.65,1.28,85.06,83.41
STU_12068,24,Female,University,0.4,3.17,6.86,1.08,69.95,85.01
STU_12069,17,Female,High School,5.32,4.14,5.69,0.6,54.71,86.07
STU_12070,23,Female,University,3.03,4.78,5.6,0.59,80.72,76.67
STU_12071,15,Male,High School,3.62,0.63,6.58,1.77,86.03,98.18
STU_12072,13,Non-binary,High School,7.7,4.11,6.92,0.75,72.66,91.57
STU_12073,23,Male,University,6.69,3.01,7.22,1.94,74.52,98.74
STU_12074,22,Female,University,0.09,0.9,7.67,2.84,79.34,97.68
STU_12075,18,Female,College,0.18,4.05,7.52,1.11,84.6,85.31
STU_12076,23,Male,University,4.85,0.77,6.97,1.7,78.62,91.37
STU_12077,13,Female,High School,6.93,3.49,5.33,1.3,68.15,86.85
STU_12078,21,Female,College,0,3.01,8.74,1.13,85.45,92.94
STU_12079,14,Female,High School,6.95,1.33,4.69,0,52.22,93.03
STU_12080,13,Female,High School,10.5,5.8,5.7,0,46.36,76.04
STU_12081,24,Female,University,7.47,4.06,6.39,2.27,66.45,84.15
STU_12082,19,Male,College,2.52,1.05,9.38,0.98,82.09,78.2
STU_12083,18,Female,College,6.11,4.76,4.65,1.35,56.24,80.66
STU_12084,18,Female,College,5.08,1.87,6.28,2.8,57.12,96.12
STU_12085,17,Male,High School,8.95,1.77,4.88,0.05,65.84,58.74
STU_12086,23,Female,University,7.34,4.22,7.56,1.42,70.44,78.45
STU_12087,16,Female,High School,2.25,3.68,5.84,1.82,77.46,81.82
STU_12088,23,Female,University,5.97,2.05,5.85,0.57,65.11,96.01
STU_12089,16,Male,High School,2.45,5.33,8.37,1.37,79.37,90.09
STU_12090,15,Male,High School,7.1,1.09,5.09,3.71,63.88,97.35
STU_12091,22,Male,University,3.87,5.06,5.91,0.78,78.94,99.85
STU_12092,20,Male,College,4.4,1.15,7.95,0.69,64.01,90.23
STU_12093,19,Female,College,4.92,3.16,8.32,0.22,77.49,88.42
STU_12094,21,Male,College,3.12,1.86,6.08,1.15,73.59,89.77
STU_12095,13,Male,High School,4.77,3.94,7.78,1.47,59.27,79.04
STU_12096,19,Female,College,5.65,0,6.81,2.77,84.1,98.53
STU_12097,22,Male,University,3.8,0.62,6.49,1.43,88.29,97.76
STU_12098,16,Male,High School,5.05,3.54,7.53,1.89,76.52,98.01
STU_12099,19,Female,College,2.64,4.09,6.12,0.15,73.63,70.39
STU_12100,25,Female,University,1.42,1.36,5.48,0,81.66,97.1
STU_12101,24,Female,University,4.41,4.44,3.98,2.28,73,81.49
STU_12102,13,Female,High School,7.04,1.25,6.67,0.15,70.55,75.06
STU_12103,17,Male,High School,6.96,3.44,6.47,0,52.5,78.72
STU_12104,15,Female,High School,6.81,2.25,6.49,3.08,67.67,90.74
STU_12105,17,Male,High School,7.02,0,5.36,2.54,82.3,90.18
STU_12106,16,Male,High School,4.96,5.67,7.17,0.88,63.18,80.93
STU_12107,14,Male,High School,3.13,1.49,7.74,0.32,64.51,95.52
STU_12108,23,Male,University,3.85,1.18,8.11,0,63.67,79.78
STU_12109,16,Male,High School,4.2,1.81,6.5,0.97,63.45,97.75
STU_12110,15,Female,High School,2.86,1.73,7.32,2.09,82.42,77.19
STU_12111,25,Female,University,5.98,2.87,6.3,1.01,74.24,79.71
STU_12112,13,Male,High School,2.97,1.65,5.45,1.33,83.73,98.7
STU_12113,24,Female,University,0,1.56,7.7,3.7,78.7,98.84
STU_12114,22,Female,University,7.15,3.37,5.77,0,58.95,76.29
STU_12115,20,Male,College,5.78,2.51,5.53,1.61,77.48,88.68
STU_12116,17,Male,High School,0.19,3.33,9.26,2.39,81.04,98.45
STU_12117,16,Male,High School,2.88,1.99,4.84,1.08,78.96,67.16
STU_12118,22,Male,University,4.26,3.04,6.5,2.87,58.88,97.35
STU_12119,24,Female,University,4.49,0,6.71,2.35,80.66,88.02
STU_12120,17,Male,High School,9.76,4.47,5.94,1.29,76.76,90.36
STU_12121,16,Male,High School,2.1,1.76,6.3,0.77,87.08,92.31
STU_12122,15,Male,High School,1.95,2.11,4.25,0.12,73.97,83.58
STU_12123,17,Female,High School,7.68,3.49,5.26,0,60.05,86.37
STU_12124,16,Male,High School,4.04,2.94,5.9,2.87,87.21,98.68
STU_12125,13,Female,High School,7.35,3.6,7.59,3.46,74.98,95.92
STU_12126,24,Male,University,3.84,4.96,7.03,1.96,80.33,98.85
STU_12127,15,Female,High School,7.55,2.06,6.65,1.14,79.4,82.2
STU_12128,22,Female,University,3.81,2.43,8.56,1.37,77.5,90.21
STU_12129,22,Female,University,4.19,7.34,7.23,1.51,80.33,99.79
STU_12130,20,Female,College,1.91,1.65,9.42,2.58,77.2,90.44
STU_12131,19,Female,College,8.82,1.29,5.71,0,49.94,75.19
STU_12132,14,Female,High School,2.62,3.92,7.85,1.38,85.08,92.81
STU_12133,13,Female,High School,1.31,4.19,6.68,0.84,81.83,98.69
STU_12134,15,Male,High School,8.55,4.02,4.59,1.08,62.24,84.04
STU_12135,17,Female,High School,6.15,1.31,5.66,0,69.89,82.53
STU_12136,22,Non-binary,University,8.46,2.25,6.17,0,63.71,84.23
STU_12137,23,Male,University,2.72,2.49,7.91,0,74.24,90.88
STU_12138,24,Non-binary,University,6.01,1.97,7.95,1.62,69.6,94.36
STU_12139,13,Female,High School,8,2.8,4.55,0.57,73.98,82.06
STU_12140,15,Male,High School,1.64,1.94,6.85,1.09,77.49,91.78
STU_12141,15,Female,High School,5.32,5.25,5.69,2.02,74.69,81.28
STU_12142,17,Female,High School,3.37,0.72,9.85,0.74,71.57,80.91
STU_12143,15,Male,High School,3.52,5.64,6.23,2.29,65.03,98.53
STU_12144,25,Male,University,2.45,0.25,6.36,1.02,67.91,99.48
STU_12145,21,Female,College,5.57,6.06,5.9,2.08,73.78,86.87
STU_12146,13,Female,High School,3.91,4.17,7.28,2.36,68.21,96.1
STU_12147,16,Female,High School,2.19,1.25,9.02,1.35,69.83,98.83
STU_12148,25,Male,University,8.05,2.49,3.61,2.75,60.63,98.04
STU_12149,25,Male,University,4.63,3.77,5.91,0.19,81.85,79.61
STU_12150,22,Female,University,0.58,3.79,6.79,0.78,62.87,98.58
STU_12151,22,Male,University,2.79,2.29,6.71,0,75.72,87.1
STU_12152,16,Female,High School,0.8,0.67,10.34,1.37,85.7,97.13
STU_12153,13,Male,High School,2.93,4.39,6.31,0,57.13,79.68
STU_12154,14,Male,High School,5.38,3,8.77,2.65,80.97,87.16
STU_12155,23,Male,University,6.05,5.03,5.32,0.83,74.4,81.92
STU_12156,13,Male,High School,6.61,2.3,4.61,0.29,38.9,64.95
STU_12157,18,Female,College,2.94,2.86,7.53,1.68,78.53,98.8
STU_12158,15,Male,High School,3.61,5.06,6.21,1.99,67.32,92.42
STU_12159,19,Male,College,5.6,2.93,4.71,0,77.36,84.04
STU_12160,17,Male,High School,6.66,0.16,7.51,0.36,76.87,96.52
STU_12161,21,Female,College,4.15,0,8.38,2.01,75.05,97.51
STU_12162,19,Female,College,6.11,0,7.07,1.14,69.46,93.38
STU_12163,16,Male,High School,3.1,0.92,7.34,2.38,70.99,97.64
STU_12164,17,Male,High School,0,1.74,7.62,1.73,84.15,87.86
STU_12165,17,Female,High School,6.77,4.1,6.89,0.15,80.41,80.11
STU_12166,23,Female,University,5.91,4.33,7.38,1.46,56.57,96.79
STU_12167,17,Male,High School,4.26,0,5.46,2.14,52.85,81.4
STU_12168,22,Male,University,4.94,3.61,5.89,2.98,87.76,97.91
STU_12169,21,Female,College,7.39,1.84,6.31,1.43,82.96,94.52
STU_12170,22,Female,University,4.48,3.13,6.39,0.98,78.22,86.35
STU_12171,15,Female,High School,0,5.97,7.34,0.77,74.89,97.18
STU_12172,18,Male,College,0,1.02,7.7,1.2,75.53,98.4
STU_12173,20,Male,College,7.85,3.39,6.22,0.4,67.22,99.13
STU_12174,23,Male,University,5.98,4.41,5.42,0,66.1,73.8
STU_12175,21,Male,College,7.34,2.65,5.37,0.13,61.5,86.52
STU_12176,25,Non-binary,University,8.22,1.39,8.06,1.89,66.77,81.5
STU_12177,19,Male,College,8.07,1.36,5.72,0,67.63,80.69
STU_12178,24,Female,University,0.98,1.64,11.15,3.08,76.19,98.56
STU_12179,15,Female,High School,4,2.92,4.53,1.25,69.69,93.44
STU_12180,13,Male,High School,2.29,1.27,6.38,0,80.91,90.75
STU_12181,16,Female,High School,4.91,3.56,7.03,0,50.11,76.04
STU_12182,25,Female,University,1.11,3.25,7.53,0,62.41,98.83
STU_12183,18,Non-binary,College,4.61,0,5.62,0.92,77.21,84.3
STU_12184,15,Male,High School,0.19,4.52,10.04,1.29,83.17,94.24
STU_12185,13,Male,High School,3.63,6.48,5.54,1.89,80.42,96.05
STU_12186,18,Male,College,8.15,1.64,5.15,0,72.66,75.05
STU_12187,13,Male,High School,2.79,4.15,6.56,2.17,82.59,97.38
STU_12188,21,Male,College,2.77,4.92,5.22,0.41,56.52,69.2
STU_12189,23,Female,University,4.81,3.79,5.43,0.62,53.25,83.35
STU_12190,24,Male,University,4.96,3.51,5.58,1.56,64.45,94.52
STU_12191,13,Female,High School,5.28,0,4.97,0.95,75.73,86.18
STU_12192,25,Male,University,2.51,1.99,7.22,0.39,70.57,91.46
STU_12193,18,Female,College,3,2.23,5.47,1.9,75.31,98.43
STU_12194,13,Male,High School,4.67,4.9,6.66,0.41,60.95,74.08
STU_12195,24,Male,University,6.96,0.19,5.19,0.89,73.85,72.54
STU_12196,19,Female,College,2.67,6.01,7.8,0.06,68.48,77.12
STU_12197,15,Male,High School,4.01,5.44,7.22,2.3,64.6,98.33
STU_12198,18,Female,College,0,0.71,8.2,0,78.1,96.94
STU_12199,19,Female,College,3.41,0.25,6.87,0,79.66,88.03
STU_12200,13,Female,High School,5,4.45,7.96,0.13,70.62,78.75
STU_12201,13,Female,High School,6.68,1.98,6.71,2.8,78.73,82.27
STU_12202,25,Male,University,2.53,2.06,6.32,1.61,71.66,96.48
STU_12203,17,Female,High School,4.93,4.26,4.95,1.02,63.66,85.31
STU_12204,18,Male,College,5.18,0.39,7.27,0,65.09,86.67
STU_12205,21,Male,College,0.02,4.24,5.96,1.87,83.58,98.01
STU_12206,13,Male,High School,1.36,0.28,7.87,0.92,75.06,96.44
STU_12207,25,Male,University,5.76,0.17,6.53,0.25,64.79,97.94
STU_12208,16,Male,High School,4.65,4.15,6.4,2.45,80.31,75.31
STU_12209,22,Female,University,4.74,3.74,7.42,2.27,83.22,97.47
STU_12210,20,Female,College,2.18,0,8.4,0,77.42,97.19
STU_12211,22,Female,University,0.88,4.09,6.56,2.54,80.09,94.61
STU_12212,21,Male,College,5.7,5.97,6.18,0.42,61.85,72.08
STU_12213,25,Female,University,4.92,2.7,7.87,1.25,80.28,85.26
STU_12214,15,Male,High School,0,4.81,8.92,0,84.24,99.16
STU_12215,23,Male,University,4.25,2.1,7.41,1.92,74.77,99.54
STU_12216,14,Female,High School,8.56,4.26,7.97,1.21,62.71,92.82
STU_12217,16,Non-binary,High School,6,0,5.23,0.16,86.11,72.88
STU_12218,14,Male,High School,2.26,1.39,6.15,1.43,77.88,98.57
STU_12219,13,Female,High School,4.92,7.62,3.34,0,56.44,74.99
STU_12220,24,Female,University,3.99,5.2,5.37,0.07,68.18,85.93
STU_12221,15,Female,High School,8.62,1.95,4.67,0,50.5,75.6
STU_12222,19,Female,College,1.69,2.46,8.1,1.46,79.74,99.29
STU_12223,25,Non-binary,University,7.75,0.49,6.43,0.32,75.98,98.22
STU_12224,25,Female,University,1.52,2.53,9.32,1.32,77.53,85.4
STU_12225,13,Male,High School,5.33,0,7.3,0,85.43,77.23
STU_12226,14,Male,High School,6.11,3.47,4.25,0,62.1,70.16
STU_12227,13,Male,High School,7.38,1.5,4.59,2.45,73.06,97.06
STU_12228,20,Female,College,6.42,3.76,5.85,0,82.46,76.77
STU_12229,17,Female,High School,0.69,1.48,6.8,0,81.54,78.18
STU_12230,20,Female,College,4.5,1.36,7.02,2.29,73.31,99.54
STU_12231,15,Female,High School,5.78,4.15,4.54,1.03,75.67,95.91
STU_12232,25,Male,University,7.22,1.71,5.84,2.28,56.48,91.72
STU_12233,24,Male,University,1.67,1.83,8.4,2.84,82.23,96.04
STU_12234,19,Male,College,2.15,5.23,6.84,0,79.21,82.52
STU_12235,20,Female,College,0.84,5.19,6.95,1.29,73.4,93.73
STU_12236,18,Male,College,4.5,4.04,7.6,1.46,84.61,82.72
STU_12237,25,Male,University,5.18,2.55,5.72,1.38,74.3,88.51
STU_12238,25,Male,University,5.39,6.98,4.35,0.81,66.46,77
STU_12239,19,Male,College,3.84,5,5.08,3.5,70.35,97.14
STU_12240,24,Male,University,4.22,1.34,7.93,1.42,71.9,98.55
STU_12241,14,Male,High School,4.24,3.84,5.91,1.56,75.05,99.67
STU_12242,20,Female,College,3.92,0.76,5.94,0.39,70.96,79.35
STU_12243,17,Male,High School,0,3.32,6.73,0,77.16,83.26
STU_12244,19,Female,College,2.11,2.19,6.22,2.27,76.39,84.45
STU_12245,13,Male,High School,5.84,1.53,6.16,0.87,72.37,86.91
STU_12246,17,Female,High School,3.39,3.35,7,2.64,69.21,98.2
STU_12247,13,Female,High School,3.25,0.97,5.69,0,64.77,90.08
STU_12248,24,Female,University,7.67,2.07,3.57,0.46,74.67,95.09
STU_12249,25,Female,University,7.19,3.36,5.32,0,70.2,80.68
STU_12250,20,Female,College,2.67,2.69,6.4,0.17,77.71,80.84
STU_12251,16,Female,High School,8.23,2.19,7.25,0.87,84.48,91.81
STU_12252,16,Female,High School,4.01,1.96,7.18,0,72.95,93.67
STU_12253,14,Female,High School,6.5,2.03,5.44,1.01,56.02,85.22
STU_12254,17,Male,High School,4.41,5.38,6.68,1.44,73.51,81.1
STU_12255,13,Female,High School,2.9,4.38,8.58,3.88,80.64,97.15
STU_12256,21,Female,College,6.5,0,8.02,0.37,76.35,79.6
STU_12257,17,Male,High School,2.24,0.68,6.55,2.29,87.86,97.35
STU_12258,18,Female,College,4.11,0.31,7.09,0.7,78.29,93.22
STU_12259,14,Female,High School,4.49,1.71,7.66,1.92,78.01,91.67
STU_12260,22,Female,University,3.54,4.73,8.4,2.8,79.84,91.57
STU_12261,22,Non-binary,University,1.1,1.05,7.12,0,80.5,97.35
STU_12262,13,Male,High School,5.77,3.33,6.42,1.2,69.26,76.8
STU_12263,16,Male,High School,6.8,4.5,5.73,2.65,67.9,78.52
STU_12264,19,Female,College,4.91,0,5.77,2.59,79.7,92.45
STU_12265,18,Male,College,2.6,1.53,6.48,1.44,83.01,94.8
STU_12266,22,Male,University,9.92,0,6.81,1.6,76.23,86.7
STU_12267,13,Female,High School,3.92,1.36,9.27,0.75,63.79,96.48
STU_12268,13,Male,High School,3.88,3.37,5.31,2.08,68.09,96.65
STU_12269,20,Male,College,0,0,8.9,1.41,83.87,96.06
STU_12270,16,Male,High School,1.4,2.51,9.12,0.72,75.45,98.24
STU_12271,17,Female,High School,7.4,0,6.17,1.64,70.11,80.87
STU_12272,25,Male,University,12.73,0.21,5.73,0,60.31,67.19
STU_12273,19,Male,College,7.71,4.66,5.91,1.58,84.72,83.82
STU_12274,20,Female,College,1.9,3.76,8.9,2.1,84.48,90.32
STU_12275,22,Male,University,5.69,0.21,5.35,2.21,82.34,96.6
STU_12276,19,Female,College,3.53,2.5,6.59,1.11,70.22,98.59
STU_12277,14,Male,High School,3.6,2.08,7.4,3.78,73.15,97.63
STU_12278,16,Female,High School,1.25,2.99,6.2,0,81.74,90.13
STU_12279,22,Female,University,5.8,4.09,4.23,3.01,71.34,96.24
STU_12280,24,Female,University,1.33,7.06,5.52,2.74,66.99,98.07
STU_12281,13,Male,High School,0,1.89,5.75,2.37,77.5,96.9
STU_12282,22,Male,University,3.48,6.1,6.81,2.42,81.88,97.36
STU_12283,21,Female,College,0,0.93,8.85,0.95,64.72,99.51
STU_12284,15,Male,High School,2.48,2.28,7.25,0,72.18,89.91
STU_12285,24,Female,University,6,1.62,5.07,0.36,56.95,77.68
STU_12286,15,Male,High School,7.33,1.72,6.86,1.45,79.63,75.77
STU_12287,22,Female,University,6.09,2.93,5.98,2.01,67.75,99.23
STU_12288,21,Female,College,3.92,3.88,8.48,2.91,82.14,98.31
STU_12289,22,Non-binary,University,3.14,3.15,6.32,0.9,78.57,84.6
STU_12290,15,Male,High School,2.18,3.9,5.89,0,64.52,67.77
STU_12291,20,Male,College,8.22,3.75,6.64,0.42,72.9,89.62
STU_12292,14,Non-binary,High School,1.35,3.09,6.43,1.7,73.22,82.18
STU_12293,25,Female,University,4.81,2.3,6.63,0,73.74,83.37
STU_12294,15,Male,High School,5.98,1.4,4.6,3.26,69.24,98.95
STU_12295,14,Female,High School,0,1.66,6.76,2.05,82.63,97.52
STU_12296,13,Male,High School,0,4.95,7.2,1.15,81.34,97.39
STU_12297,14,Non-binary,High School,5.98,1.58,6.88,1.39,70.87,70.99
STU_12298,20,Male,College,0.86,3.56,6.47,1.41,79.32,99.01
STU_12299,21,Female,College,5.27,5.25,7.74,0,57.72,73.95
STU_12300,25,Female,University,2.31,3.45,5.6,2.68,78.44,97.9
STU_12301,14,Female,High School,5.17,2.96,7.27,2.36,78.54,89.08
STU_12302,19,Female,College,5.51,5.64,7.63,0,75.76,91
STU_12303,17,Male,High School,7.01,2.8,5.97,2.07,75.14,76.72
STU_12304,15,Female,High School,5.61,1.82,9.7,0,84.44,95.31
STU_12305,21,Female,College,5.06,5.49,4.91,0.74,73.7,84.53
STU_12306,18,Female,College,8.85,1.83,5.6,0.84,85.25,85.32
STU_12307,23,Female,University,2.06,2.64,7,2.08,80.11,99.1
STU_12308,13,Female,High School,4.63,1.61,6.9,3.27,73.43,97.76
STU_12309,17,Male,High School,6.78,0,7.03,2.81,83.7,96.66
STU_12310,19,Female,College,0,0,7,1.42,82.83,99.19
STU_12311,16,Male,High School,8.31,0.59,6.86,0,65,76.69
STU_12312,20,Male,College,4.08,2.59,7.47,0.84,63.14,93.27
STU_12313,22,Female,University,5.57,2.8,5.27,1.34,80,55.75
STU_12314,17,Male,High School,3.27,3.14,7.48,2.22,76.6,99.51
STU_12315,21,Male,College,5.6,1.29,7.09,3.18,83.35,86.43
STU_12316,21,Male,College,5.16,1.16,7.72,0.04,62.88,80.79
STU_12317,21,Male,College,1.69,8.17,6.15,1.42,67.91,96.17
STU_12318,13,Female,High School,3.4,1.28,4.06,1.91,76.61,89.52
STU_12319,14,Female,High School,5.76,3.31,3.45,0,39.47,81.59
STU_12320,15,Male,High School,8.18,4.48,5.89,1.32,68.75,82.69
STU_12321,16,Female,High School,3.56,3.33,5.85,1.36,89.38,80.67
STU_12322,22,Male,University,1.27,2.05,7.67,3.23,80.9,97.5
STU_12323,21,Male,College,5.38,0.45,6.54,0,71.47,77.76
STU_12324,22,Female,University,3.75,0.41,6.59,1.14,74.17,82.55
STU_12325,25,Male,University,6.51,1.73,7.19,1.73,66.86,87.05
STU_12326,18,Female,College,2.64,2.25,6.98,1.19,76.82,76.85
STU_12327,13,Male,High School,1.1,2.43,6.88,0,78.13,84.19
STU_12328,24,Male,University,8.42,1.2,4.83,0.18,81.92,69.98
STU_12329,21,Male,College,3.32,1.63,5.8,1.48,66.13,85.3
STU_12330,18,Male,College,2.24,5,6.93,4.37,83.68,99.69
STU_12331,16,Female,High School,2.79,0.65,7.52,0,70.05,82.62
STU_12332,16,Male,High School,8.03,1.27,8.24,0.77,67.58,94.98
STU_12333,15,Male,High School,10.23,0.15,6.8,0.93,75.4,61.22
STU_12334,19,Female,College,2.53,7.65,5.58,2.25,63.22,84.78
STU_12335,15,Female,High School,4.01,0,8.01,0.1,88.11,91.64
STU_12336,14,Male,High School,5.3,1.87,8.27,1.42,85.37,93.74
STU_12337,22,Non-binary,University,0,5.78,7.75,4.24,81.5,99.9
STU_12338,20,Male,College,3.22,4.99,5.37,0,71.2,77.55
STU_12339,16,Female,High School,9.23,3.12,8.12,0.93,56.01,96.62
STU_12340,20,Male,College,3.69,3.38,9.35,2.11,73.03,97.65
STU_12341,13,Female,High School,7.66,0.55,3.6,0.96,70.85,94.6
STU_12342,17,Female,High School,4.33,0,6.72,1.32,86.15,84.86
STU_12343,25,Male,University,0,1.32,6.53,2.3,81.12,98.34
STU_12344,21,Female,College,6.98,1.57,8.22,1.03,75.68,84.02
STU_12345,13,Female,High School,3.63,3.43,6.93,2.09,82.5,99.25
STU_12346,23,Female,University,8.08,2.33,5.49,0.44,58.24,89.73
STU_12347,25,Female,University,5.01,5.5,5.52,1.63,76.4,82.79
STU_12348,16,Female,High School,4.52,2.97,5.37,0.36,74.17,80.98
STU_12349,18,Female,College,5.68,0,10.23,0.79,82.29,77.54
STU_12350,22,Female,University,5.45,0,6.72,1.02,75.84,79.52
STU_12351,20,Female,College,0.16,1.82,6.87,0.59,68.48,95.48
STU_12352,15,Male,High School,7.15,1.22,4.1,0,69.85,79.8
STU_12353,17,Female,High School,4.42,2.47,7.15,0,80.21,84.94
STU_12354,19,Female,College,4.57,3.91,5.05,0.85,73.28,65.17
STU_12355,13,Non-binary,High School,5.55,3.59,7.1,2.33,73.72,98.09
STU_12356,19,Female,College,6.76,0.53,5.77,1.39,63.97,85.89
STU_12357,25,Male,University,7.14,4.64,7.8,2.12,75.59,97.26
STU_12358,24,Female,University,6.16,1.88,5.46,1.76,81.64,91.46
STU_12359,23,Female,University,0.13,2.59,7.06,2.66,69.35,86.78
STU_12360,20,Female,College,4.32,0.88,7.96,0.64,70.47,92.03
STU_12361,20,Female,College,2.16,3.24,7.94,1.4,80.73,99.67
STU_12362,21,Female,College,4.95,3.13,7,0.86,57.99,68.47
STU_12363,18,Male,College,4,5.16,6.95,1.14,69.47,98.89
STU_12364,24,Female,University,9.59,1.36,5.55,0,60.27,73.85
STU_12365,18,Female,College,1.09,2.68,5.87,2.02,64.75,94.13
STU_12366,14,Male,High School,4.53,3.18,6.41,1.01,70.79,85.73
STU_12367,15,Male,High School,4.78,3.05,6.12,2.51,63.73,96.6
STU_12368,16,Female,High School,3.33,4.84,7.05,0,64.83,90.62
STU_12369,16,Female,High School,4.44,1.09,7.42,0,79.56,94.75
STU_12370,20,Non-binary,College,9.85,3.36,5.48,1.11,73.67,70.8
STU_12371,13,Non-binary,High School,5.41,3.52,7.25,0,80.3,98.28
STU_12372,22,Male,University,8.28,1.84,6.21,1.3,68.46,97.32
STU_12373,16,Female,High School,3.33,2.93,7.14,1.93,75.09,98.55
STU_12374,23,Male,University,6.43,2.84,6.22,2.87,62.72,94.57
STU_12375,24,Female,University,2.47,3.31,7.48,2.2,79.09,96.38
STU_12376,25,Male,University,2.32,1.93,6.82,2.27,76.84,96.42
STU_12377,23,Male,University,0.05,1.08,6.74,0,85.4,98.46
STU_12378,23,Female,University,1.83,2.8,7.65,0.46,82.4,93.11
STU_12379,16,Male,High School,4.64,3.74,6.19,2,73.04,80.19
STU_12380,13,Female,High School,8.37,0.76,6.48,0.67,58.67,87.27
STU_12381,15,Male,High School,4.21,4.06,6.89,2.83,73.25,88.9
STU_12382,17,Male,High School,5.08,2.82,4.68,0.9,71.77,75.24
STU_12383,18,Male,College,7.36,2.25,5.65,0.38,73.91,98.11
STU_12384,21,Female,College,3.69,2.4,5.25,0.49,77.91,79.19
STU_12385,21,Male,College,2.06,0.44,7.41,0.1,73.66,94.68
STU_12386,21,Male,College,2.34,2.87,5.37,1.49,67.52,90.4
STU_12387,23,Female,University,7.3,2.12,4.6,1.14,62.76,85.65
STU_12388,13,Male,High School,4.86,2.98,7.1,0,71.22,91.14
STU_12389,24,Male,University,4.86,2.23,7.77,0.52,60.52,87.26
STU_12390,21,Female,College,2.27,1.57,5.93,1.83,85.84,91.31
STU_12391,25,Male,University,7.86,0.48,6.16,0.93,82.48,80.07
STU_12392,20,Male,College,9.12,0,5.11,0.8,54.87,84.02
STU_12393,14,Female,High School,4.93,1.83,5.76,0.33,72.57,86.34
STU_12394,25,Female,University,6.8,0,4.52,0.13,74.56,85.57
STU_12395,23,Female,University,2.89,0,7.44,0.75,86.61,82.01
STU_12396,13,Non-binary,High School,7.69,4.04,5.64,1.29,72.76,89.35
STU_12397,13,Male,High School,5.94,0.9,6.08,0,75.71,91.47
STU_12398,24,Non-binary,University,1.42,3.68,7.7,0.37,81.35,94.38
STU_12399,18,Female,College,5.63,3.5,7.75,4.69,78.05,97.53
STU_12400,21,Female,College,5.62,1.1,5.05,3.21,68.55,94.9
STU_12401,19,Male,College,4.95,4.22,7.18,2.66,68.6,98.58
STU_12402,17,Female,High School,5.77,4.92,5.81,1.32,65.94,88.42
STU_12403,23,Male,University,4.38,0,6.19,0,63.35,62.18
STU_12404,14,Female,High School,4.04,4.1,7.87,0.75,79.93,83.59
STU_12405,13,Male,High School,5.12,1.34,5.95,0.65,67.76,79.3
STU_12406,14,Female,High School,3.63,0,6.86,0.52,49.96,94.35
STU_12407,13,Female,High School,2.88,2.94,6.74,0.31,60.66,72.31
STU_12408,15,Male,High School,7.28,3.49,6.69,0.74,63.13,85.45
STU_12409,18,Female,College,3.07,2.39,6.29,0,73.13,89.13
STU_12410,25,Female,University,4.1,5.76,5.75,0.13,83.85,94.05
STU_12411,20,Female,College,3.3,3.84,9.04,0.62,81.59,97.92
STU_12412,15,Male,High School,2.32,2.39,6.54,1.03,82.03,98.28
STU_12413,22,Female,University,8.35,2.8,3.17,1.29,55.9,79.05
STU_12414,21,Female,College,0.9,7.95,5.65,0.19,56.34,83.92
STU_12415,22,Male,University,5.49,3.35,6.46,0.54,71.71,93.35
STU_12416,17,Female,High School,4.17,5.02,6.75,0.5,79.22,61.77
STU_12417,19,Female,College,5.7,4.23,8.22,1.81,79.52,85.28
STU_12418,20,Female,College,4.07,0.43,5.87,1.25,83.15,82.53
STU_12419,15,Male,High School,5.73,0.6,5.92,0,82.16,80.42
STU_12420,14,Male,High School,5.21,2.45,7.93,0,87.06,99.84
STU_12421,14,Female,High School,5.97,2.31,9.01,1.25,80.26,77.5
STU_12422,17,Female,High School,8.86,3.04,5.4,0,74.45,70.74
STU_12423,13,Female,High School,0,4.75,5.72,0,85.03,83.2
STU_12424,14,Male,High School,4.7,3.99,6.95,0.57,64.34,86.99
STU_12425,25,Male,University,2.02,0,5.15,0.23,82.33,86.08
STU_12426,21,Female,College,2.69,1.33,6.94,2.55,81.95,95.71
STU_12427,19,Female,College,2.12,5.45,6.63,2.41,87.92,90.76
STU_12428,18,Male,College,3.77,3.62,7.62,1.16,83.74,82.6
STU_12429,21,Female,College,7.31,0,5.11,0.56,53.15,63.41
STU_12430,19,Male,College,3.56,2.17,6.3,2.51,71.94,91.73
STU_12431,23,Male,University,5.36,0,8.23,0.5,63.84,79.6
STU_12432,17,Male,High School,6.74,4.44,5.49,1.65,75.31,78.8
STU_12433,21,Female,College,2.37,3.46,6.37,1.44,77.11,72.54
STU_12434,18,Female,College,2.51,2.15,6.08,1.53,74.2,98.93
STU_12435,18,Male,College,4.5,2.37,5.26,2.31,77.13,84.44
STU_12436,23,Female,University,0,3.49,7.87,0.14,75.1,98.43
STU_12437,16,Male,High School,9.52,4.74,4.59,2.06,61.23,93.87
STU_12438,25,Female,University,4.51,3.29,4.35,0.9,66.15,80.85
STU_12439,24,Female,University,5.9,3.8,5.15,1.04,57.27,93.7
STU_12440,13,Male,High School,4.01,3.21,5.16,0.93,73.6,81.53
STU_12441,17,Male,High School,6.09,4.98,8.81,0,74.79,93.07
STU_12442,23,Female,University,4.06,5.77,6.21,3.13,75.8,99.05
STU_12443,21,Female,College,5.9,1.31,7.37,0,68.12,86.38
STU_12444,25,Male,University,7.74,2.15,4.99,0.68,73.21,61.36
STU_12445,20,Female,College,0,2.6,7.56,2.42,76.16,99.45
STU_12446,20,Female,College,6.17,1.26,6.58,0.83,72.53,74.13
STU_12447,17,Female,High School,3.18,1.85,4.14,3.96,86.4,98.14
STU_12448,24,Male,University,1.74,2.37,6.08,0.58,78.37,99.09
STU_12449,21,Female,College,0.89,2.54,5.48,0,47.8,70.08
STU_12450,15,Female,High School,4.74,1.75,4.94,0,85.29,58.42
STU_12451,15,Female,High School,5.2,1.54,6.37,1.55,76.12,80.65
STU_12452,13,Non-binary,High School,2.94,2.6,6.17,3.36,72.2,85.14
STU_12453,21,Male,College,1.35,1.05,7.94,1.99,65.72,97.4
STU_12454,18,Female,College,4.79,3.16,5.02,0,61.43,83.44
STU_12455,14,Male,High School,4.67,0.28,7.11,0.21,55.37,63.01
STU_12456,20,Male,College,6,2.46,7.32,2.51,54.31,99.58
STU_12457,24,Female,University,6.22,5.5,4.24,0.03,64.98,71.88
STU_12458,21,Female,College,7.41,2.06,5.83,0,53.32,77.32
STU_12459,21,Male,College,6.18,4.1,7.58,3.37,70.12,97.96
STU_12460,14,Non-binary,High School,0.42,0.47,7.59,0,71.9,91.25
STU_12461,14,Male,High School,4.48,1.75,5.11,1.8,82.33,82.37
STU_12462,25,Male,University,7,3.68,4.51,0.43,51.41,91.9
STU_12463,19,Male,College,6.62,0,6.44,1.74,69.52,90.13
STU_12464,23,Female,University,10.18,3.48,6.07,2.28,52.1,89.03
STU_12465,16,Female,High School,6.72,2.36,6.99,1.86,73.21,80.01
STU_12466,25,Male,University,1.13,1.88,7.61,0,68.45,89.53
STU_12467,13,Male,High School,0.55,5.11,6.52,2.75,82.7,98.75
STU_12468,20,Female,College,4.64,0,6.17,2.62,60.32,97.7
STU_12469,14,Female,High School,4.88,3.2,4.17,1.14,69.57,99.54
STU_12470,15,Male,High School,3.13,4,6.65,1.66,63.65,92.36
STU_12471,17,Female,High School,6.42,1.2,6.21,0.14,44.62,85.51
STU_12472,15,Female,High School,0,0,7.38,1.06,83.05,83.56
STU_12473,19,Male,College,3.34,3.04,8.28,0,82.37,95.29
STU_12474,19,Male,College,0,4,6.7,2.18,77.39,77.55
STU_12475,14,Female,High School,2.62,5.17,6.31,1.11,58.22,88.4
STU_12476,25,Male,University,3.63,0,5.48,1.38,79.83,78.54
STU_12477,25,Female,University,7.13,2.01,6.8,1.33,78.82,94.36
STU_12478,19,Male,College,1.45,6.47,6.07,0.09,68.87,78.93
STU_12479,23,Female,University,4.16,2.96,9.68,1.3,82.95,91.33
STU_12480,18,Male,College,3.19,3.04,7.62,0,79.15,77.82
STU_12481,22,Non-binary,University,4.2,3.55,9.16,0,60.59,73.17
STU_12482,21,Female,College,3.53,2.56,6.23,2.3,74.69,98.12
STU_12483,25,Female,University,3.87,1.99,6.2,0,82.58,76.75
STU_12484,21,Male,College,2.87,2.14,7.91,0,82.9,87.2
STU_12485,14,Female,High School,5.42,5.1,6.57,0,65.92,93.49
STU_12486,19,Female,College,7.26,3.86,7.14,0.55,78.8,53.52
STU_12487,17,Female,High School,4.6,3.17,6.98,0.68,69.27,83.85
STU_12488,25,Male,University,9.52,0,5.82,0,76.3,90.16
STU_12489,18,Female,College,4.7,1.56,6.79,1.86,64.48,94.7
STU_12490,13,Female,High School,6.52,6.31,5.14,0.92,82.47,82.59
STU_12491,19,Male,College,2.6,1.07,5.05,2.01,82.33,83.54
STU_12492,18,Male,College,4.21,2.64,7.08,1.66,75.55,90.44
STU_12493,16,Male,High School,3.72,2.32,8.04,2.68,70.2,99.46
STU_12494,13,Male,High School,1.44,0,6.85,0,84.26,88.37
STU_12495,21,Female,College,2.58,0.8,6.48,0.39,63.31,98.17
STU_12496,16,Female,High School,5.39,0,6.77,1.76,80.18,91.36
STU_12497,14,Male,High School,7.71,0,6.48,0,75.82,86.61
STU_12498,20,Female,College,5.9,3.37,7.57,0.36,89.48,96.34
STU_12499,14,Male,High School,5.34,1.12,7.34,0,77.78,96.85
STU_12500,17,Male,High School,2.36,5.87,5.5,1.81,77.58,94.81
STU_12501,23,Female,University,5.71,3.96,4.61,2.29,74.42,90.04
STU_12502,18,Male,College,2.92,2.42,7,0.72,77.87,87.42
STU_12503,23,Female,University,1.57,3.92,8.42,0.82,82.87,97.88
STU_12504,25,Male,University,2.25,0,8.81,2.99,79.28,97.91
STU_12505,20,Female,College,4.2,2.31,4.33,0.82,75.18,81.37
STU_12506,23,Male,University,3.15,4.42,7.21,0.6,60.94,92.94
STU_12507,13,Non-binary,High School,5.22,0.12,6.77,2.16,74.08,94.81
STU_12508,13,Female,High School,3.56,3.75,4.31,2.2,82.57,92.52
STU_12509,24,Male,University,5.19,2.96,7.33,1.61,69.17,95.37
STU_12510,16,Male,High School,3.72,0,8.79,0.99,80.42,98.52
STU_12511,17,Male,High School,4.38,5.34,7.07,2.42,61.48,99.74
STU_12512,25,Female,University,2.05,4.57,8.75,1.34,79.49,91.82
STU_12513,25,Male,University,8.09,3.62,6.45,0.49,57.86,94.93
STU_12514,21,Female,College,0.42,0.06,7.17,1.49,67.27,98.64
STU_12515,23,Male,University,10.72,0.96,6.29,1.49,62.29,92.89
STU_12516,19,Male,College,5.68,2.29,5.3,1.56,77.8,87.47
STU_12517,19,Male,College,0.59,5.09,6.04,2.85,83.57,98.69
STU_12518,20,Male,College,4.75,2.09,6.88,1.22,77.1,90.33
STU_12519,17,Female,High School,5.06,2.83,6.2,0.13,63.25,77.35
STU_12520,17,Male,High School,8.23,1.19,8.38,0.53,75.03,95.37
STU_12521,13,Female,High School,1.13,5.66,6.51,0.76,80.23,75.01
STU_12522,21,Female,College,1.13,0.66,7.27,1,77.85,98.31
STU_12523,18,Male,College,5.36,2.8,6.7,0.71,81.51,99
STU_12524,21,Female,College,4.98,4.85,7.29,1.63,74.97,98.46
STU_12525,15,Male,High School,8.17,1.49,4.22,0.67,60.16,84.79
STU_12526,17,Female,High School,2,2.02,8.79,1.44,79.12,98.66
STU_12527,14,Male,High School,1.8,0.89,8.17,1.22,75.01,94.67
STU_12528,22,Male,University,9.18,0,6.75,0.85,58.86,86.76
STU_12529,17,Male,High School,4.39,0.24,10.51,1.33,80.1,97.7
STU_12530,25,Male,University,2.64,5.35,6.16,1.87,61.01,72.85
STU_12531,25,Non-binary,University,6.26,0,5.86,2.42,84.52,93.26
STU_12532,25,Female,University,0,1.17,5.98,2.88,83.71,99.64
STU_12533,20,Male,College,5.45,0.07,9.16,0.55,87.43,81.07
STU_12534,23,Female,University,2.92,1.08,6.46,0,76.36,77.93
STU_12535,14,Female,High School,3.24,1.98,9.63,0,74.8,97.27
STU_12536,20,Male,College,7.74,2.79,6.8,1.26,80.4,89.7
STU_12537,16,Female,High School,5.57,5.06,6.57,0.74,62.87,88.94
STU_12538,22,Male,University,1.68,4.18,7.22,3.24,77.57,97.19
STU_12539,22,Female,University,4.63,3.78,5.13,2.36,81.18,84.05
STU_12540,13,Female,High School,4.79,3.85,7.08,0,64.52,82.91
STU_12541,25,Non-binary,University,3.84,0,7.4,1.36,69.96,98.36
STU_12542,17,Male,High School,2.1,2.61,8.63,0.2,75.63,93.41
STU_12543,25,Female,University,5.07,4.86,7.06,1.53,70.97,93.67
STU_12544,13,Male,High School,6.25,5.93,6.06,2.28,57.57,80.22
STU_12545,19,Male,College,5.63,4.7,5.45,0,70.44,73.09
STU_12546,20,Non-binary,College,2.72,1.59,7.58,1.85,83.86,97.98
STU_12547,15,Female,High School,4.11,3.8,6.43,3.99,78.91,98.22
STU_12548,15,Male,High School,0,0.98,7.88,0.98,85.93,82.92
STU_12549,19,Female,College,8.5,5.01,5.32,1.29,54.55,81.93
STU_12550,16,Male,High School,3,0.84,6.94,0.48,73.13,91.48
STU_12551,15,Male,High School,3.2,0.65,5.46,0.68,79.05,87.17
STU_12552,20,Female,College,1.21,4.56,5.9,1.03,73.2,88.15
STU_12553,15,Female,High School,6.65,2.52,4.22,0.62,65.15,87.8
STU_12554,25,Male,University,7.07,3.85,5.61,0.16,75.61,78.23
STU_12555,19,Female,College,3.08,4.01,5.26,2.13,57.5,96.76
STU_12556,14,Male,High School,1.66,0.4,7.01,0,73.93,88.9
STU_12557,23,Male,University,4.55,2.63,6.72,3.09,74.65,86.61
STU_12558,23,Male,University,3.68,1.09,7.28,0.88,84.84,99.44
STU_12559,13,Female,High School,6.36,0,4.23,1.61,73.61,81.53
STU_12560,24,Female,University,4.17,2.32,5.69,0.26,51.12,81.13
STU_12561,18,Male,College,3.99,1.27,7.3,1.67,74.4,89.17
STU_12562,20,Male,College,6.18,3.58,6.66,2.58,69.47,98.85
STU_12563,13,Female,High School,0.56,4.54,7.44,3.78,82.18,99.03
STU_12564,25,Female,University,3.72,1.18,8.12,2.5,57.97,89.89
STU_12565,22,Male,University,4.98,0.48,5.45,1.65,74.5,87.18
STU_12566,24,Male,University,3.43,2.37,5.6,1.7,71.68,97.76
STU_12567,21,Non-binary,College,5.2,3.05,5.77,0,78.57,68.4
STU_12568,15,Female,High School,5.05,3.43,5.9,0,58.08,73.09
STU_12569,15,Male,High School,6.7,6.17,7.13,0.29,83.54,97.81
STU_12570,16,Female,High School,3.81,4.6,6.09,1.91,70.28,89.82
STU_12571,23,Male,University,0,2.48,7.8,2.29,73.63,97.29
STU_12572,13,Male,High School,0.63,6.73,5.64,0,74.82,77.35
STU_12573,21,Female,College,5.66,4.06,7.39,0,85.64,81.56
STU_12574,23,Male,University,4.95,4.27,5.15,0.69,57.41,77.01
STU_12575,15,Male,High School,3.94,6.11,5.55,0.24,66.26,52.23
STU_12576,25,Female,University,4.12,3.32,5.96,0,83.92,79.87
STU_12577,22,Female,University,2.88,2.84,8.5,2.35,86.19,99.15
STU_12578,16,Female,High School,2.89,3.1,8,1.02,64.99,89.38
STU_12579,13,Male,High School,3.13,2.44,6.85,2.3,80.85,92.72
STU_12580,16,Female,High School,3.8,1.6,5.14,0,73.18,59.22
STU_12581,25,Female,University,4.81,0.36,7.17,0.86,71.06,98.38
STU_12582,13,Male,High School,4.31,4.53,7.28,0.24,61.93,89.12
STU_12583,17,Female,High School,3.68,4.63,7.9,1.34,80.09,82.17
STU_12584,17,Male,High School,6.24,1.58,7.52,0,76.85,69.52
STU_12585,23,Non-binary,University,6.67,2.6,4.86,3.42,66.17,98.78
STU_12586,19,Female,College,7.85,1.39,5.48,0.29,67.93,79.89
STU_12587,20,Male,College,4.03,3.51,7.5,1.63,78.17,94.15
STU_12588,16,Female,High School,3.2,3.53,7.39,2.45,80.31,91.89
STU_12589,19,Male,College,4.34,1.89,6.82,2.76,74.97,99.54
STU_12590,16,Female,High School,3.13,2.05,7.04,0.58,82.25,79.85
STU_12591,15,Male,High School,4.46,2.11,6.08,2.52,73.17,93.67
STU_12592,18,Male,College,5.52,1.45,4,2.39,83.39,84.53
STU_12593,16,Female,High School,4.77,3.17,6.71,0.76,57.58,87.5
STU_12594,15,Female,High School,4.1,0,8.68,1.43,78.45,94.58
STU_12595,21,Male,College,6.1,2.63,7.13,0,64.22,87.12
STU_12596,17,Female,High School,8.69,5.64,5.74,0.27,53.77,84.92
STU_12597,25,Female,University,2.73,3.72,5.99,1.72,73.09,90.55
STU_12598,19,Male,College,5.34,0.78,7.58,2.85,69.88,95.02
STU_12599,24,Male,University,4.02,0.84,6.11,0.93,82.3,89.54
STU_12600,18,Female,College,2.39,1.56,9.98,0.81,77.25,99.41
STU_12601,22,Male,University,2.7,1.34,7.42,1.24,73.17,98.82
STU_12602,17,Female,High School,3.48,3.74,6.38,0,73.21,86.92
STU_12603,19,Female,College,8.43,1.09,7.48,0,82.04,75.44
STU_12604,23,Female,University,6.88,3.69,6.69,0.29,72.2,81.25
STU_12605,18,Male,College,2.27,2.23,5.32,0.06,79.71,67.55
STU_12606,22,Female,University,5.86,3.07,6.1,0,67.9,91.46
STU_12607,14,Male,High School,2.07,3.69,7.18,1.37,80.31,92.37
STU_12608,25,Female,University,2.93,3.37,7.2,3.78,81.46,98.12
STU_12609,25,Male,University,7.78,5.51,4.86,0.91,61.7,69.29
STU_12610,25,Male,University,9.46,4.97,6.4,0,74.04,79.01
STU_12611,15,Male,High School,0,1.1,4.97,2.44,64.19,99.9
STU_12612,14,Male,High School,4.58,6.43,6.47,1.79,72.27,90.63
STU_12613,24,Female,University,5.52,2.83,7.19,1.84,69.77,90.18
STU_12614,15,Female,High School,3.81,3.24,9.38,0,45.3,92.32
STU_12615,13,Female,High School,4.85,4.22,6.87,1.8,77.5,85.84
STU_12616,20,Male,College,3.49,0.77,5.54,2.13,79.1,98.66
STU_12617,18,Male,College,6.07,5.66,6.4,1.38,68.87,95.63
STU_12618,25,Female,University,3.65,3.11,5.12,1.37,85.37,84.52
STU_12619,14,Female,High School,5.9,5.06,7.02,0.94,65.02,93.71
STU_12620,20,Male,College,6.96,2.45,7.05,2.96,72.29,95.37
STU_12621,18,Female,College,6.61,1.03,5.49,0.75,67.9,81.75
STU_12622,19,Female,College,4.04,3.77,4.75,2.45,73.92,88.51
STU_12623,23,Female,University,0,0.93,11.1,2.12,81.27,98.39
STU_12624,13,Male,High School,5.72,1.89,6.05,2.51,64.15,97.95
STU_12625,19,Female,College,0.89,0,7.56,3.2,86.24,99.05
STU_12626,15,Male,High School,5.66,5.19,6.52,1.83,74.65,83.54
STU_12627,23,Female,University,5.46,1.8,6.33,1.44,72.09,86.96
STU_12628,24,Male,University,3.98,2.17,7.03,3.43,81.92,98.65
STU_12629,20,Female,College,4.67,2.79,7.33,1.54,86.85,96.19
STU_12630,18,Female,College,8.14,3.7,7.77,1.56,67.17,90.86
STU_12631,16,Male,High School,7.74,0.43,5.14,2.91,76.46,83.12
STU_12632,23,Female,University,3.62,0.12,6.13,2.01,80.07,96.49
STU_12633,20,Female,College,0,4.71,7.32,0,81.94,74.52
STU_12634,21,Male,College,8.43,1.76,7.89,0,59.89,77.24
STU_12635,22,Male,University,0.55,3.31,4.95,0,74.67,69.47
STU_12636,14,Male,High School,4.73,1.84,7.05,0,65.67,97.76
STU_12637,18,Female,College,4.32,3.87,7.67,0.98,75.35,98.48
STU_12638,17,Female,High School,5.59,1.8,8.57,1.48,77.32,95.42
STU_12639,17,Female,High School,7.75,3.06,7.52,0,73.51,96.49
STU_12640,22,Male,University,4.65,3.63,5.9,1.66,78.42,85.76
STU_12641,23,Male,University,3.24,3.01,8.02,0.08,67.26,85.17
STU_12642,15,Male,High School,5.21,3.31,4.41,2.21,59.07,93.31
STU_12643,24,Non-binary,University,1.09,2.46,8.74,2.77,71.61,98.23
STU_12644,20,Male,College,2.79,0.01,8.44,2.45,78.08,95.42
STU_12645,20,Male,College,3.97,0,6.5,0.79,84.39,73.42
STU_12646,24,Female,University,5.86,0.35,7.01,4.28,78.71,99.17
STU_12647,17,Female,High School,7.97,1.24,5.89,0,75.02,56.81
STU_12648,20,Male,College,7.2,4.21,5.6,0.12,72.8,65.45
STU_12649,22,Male,University,6.8,0,7.48,1.93,78.83,89.14
STU_12650,20,Female,College,7.23,3.35,6.99,0.89,85.29,88.8
STU_12651,15,Female,High School,5.97,1.35,6.46,2.9,79.52,97.92
STU_12652,14,Male,High School,4.69,3.38,6.92,0,66.62,90.79
STU_12653,21,Female,College,2,5.31,9.42,1.44,77.94,98.88
STU_12654,14,Female,High School,4.58,2.85,7.41,0,71.9,76.64
STU_12655,21,Female,College,0.39,4.14,6.24,1.1,80.08,87.78
STU_12656,16,Male,High School,3.19,1.29,7.14,1.22,65.88,98.07
STU_12657,24,Male,University,4.66,1.44,3.26,0.89,73.65,79.39
STU_12658,25,Female,University,4.65,4.56,7.11,0,76.23,85.67
STU_12659,14,Female,High School,2.93,6.29,5.92,1.49,69.59,89.67
STU_12660,22,Female,University,0.19,3.96,5.08,3.13,84.42,93.21
STU_12661,13,Female,High School,3.1,0,8.05,0.71,73.6,96.7
STU_12662,16,Male,High School,3.86,0.57,7.45,3.47,75.74,70.72
STU_12663,21,Male,College,4.97,1.84,7.06,2.02,84.93,90.93
STU_12664,24,Male,University,6.23,3.28,7.9,0.73,58.47,84.46
STU_12665,21,Female,College,3.73,1.42,7.17,0.65,73.97,86.81
STU_12666,16,Female,High School,3.54,3.57,7.37,1.82,87.03,98.54
STU_12667,21,Male,College,2.9,0.58,6.6,0.57,87.83,88.74
STU_12668,24,Male,University,4.32,4.31,7.77,2.04,72.92,99.29
STU_12669,18,Female,College,6.84,2.81,5.65,0.38,68.26,79.46
STU_12670,13,Female,High School,1.88,3.75,7.1,0.44,86.57,83.14
STU_12671,22,Female,University,0,0,7.65,1.39,71.53,93.91
STU_12672,25,Male,University,5.02,3.05,6.96,3,82.34,98.13
STU_12673,18,Female,College,7.44,1.15,6.21,0,39.69,89.24
STU_12674,21,Male,College,5.27,2.53,7.85,0,77.28,97.66
STU_12675,25,Male,University,2.02,1.71,7.02,0.55,64.75,91.61
STU_12676,14,Male,High School,4.24,1.12,6.15,0,78.12,91.42
STU_12677,18,Male,College,4.64,2.42,6.26,1.75,63.11,81.82
STU_12678,14,Female,High School,6.29,3.66,6.35,0.81,71,85.75
STU_12679,16,Female,High School,2.33,4.99,6.98,1.69,67.96,90.94
STU_12680,20,Male,College,8.43,1.59,4.97,1.23,68.54,93.07
STU_12681,25,Female,University,3.47,4.42,6.44,0.65,83.78,89.95
STU_12682,19,Male,College,2.85,4.76,7.88,0.26,78.46,80.07
STU_12683,23,Male,University,5.22,0.73,6.15,2.95,65.43,83.79
STU_12684,24,Male,University,1.02,3.01,8.54,1.8,80.28,95.52
STU_12685,25,Male,University,9.64,3.99,5.46,0,65.56,66.72
STU_12686,21,Male,College,5.66,2.09,6.64,0.97,85.72,99.06
STU_12687,19,Female,College,3.8,2.36,7.56,0,70.9,96.75
STU_12688,13,Female,High School,2.04,3.47,10.02,1.81,86.16,98.87
STU_12689,14,Female,High School,4.03,2.5,6.35,2.35,84.43,98.42
STU_12690,18,Male,College,6.93,2.33,5.78,0.11,71.16,85.91
STU_12691,19,Female,College,3.54,1.33,8.7,2.11,77.74,97.35
STU_12692,15,Female,High School,2.61,1.47,6.86,2.71,76.87,92.35
STU_12693,21,Female,College,6.26,1.33,6.74,1.31,60.33,80.27
STU_12694,25,Male,University,1.88,1.83,7.57,0.48,80.03,80.21
STU_12695,19,Non-binary,College,5.09,2.37,5.79,2.92,82.92,95.3
STU_12696,18,Female,College,5.53,1.43,6.16,2.89,77.94,98.38
STU_12697,25,Female,University,5.46,0.9,4.05,1.02,57.77,88.62
STU_12698,18,Male,College,5.58,0.94,6.98,1.09,68.45,89.33
STU_12699,13,Female,High School,2.12,2.47,4.5,1.66,68.3,83.34
STU_12700,25,Female,University,4.03,0,8.41,0.69,83.08,88.4
STU_12701,17,Male,High School,3.87,4.03,7.42,0.93,77.25,86.06
STU_12702,22,Male,University,4.84,4.77,6.03,0.32,71.61,87.74
STU_12703,15,Female,High School,0,4.79,8.49,2.96,80.99,98.37
STU_12704,19,Male,College,1,1.89,8.61,0,82.05,92.38
STU_12705,22,Male,University,9.9,1.54,5.5,0.11,50.18,71.1
STU_12706,15,Female,High School,6.31,1.44,5.22,2.19,70.94,85.22
STU_12707,17,Male,High School,3.97,0.73,7.3,1.2,79.99,77.31
STU_12708,19,Female,College,4.69,3.76,8.24,0,78.38,81.66
STU_12709,15,Female,High School,9.55,0,6.62,0.11,65.25,70.53
STU_12710,25,Male,University,0,1.55,7.3,3.24,84.34,98.86
STU_12711,25,Female,University,4.79,1.45,6.52,2.55,82.39,99.53
STU_12712,22,Male,University,3.65,1.69,6.65,1,69.85,87.8
STU_12713,14,Female,High School,7.61,1.46,3.79,0,52.13,78.84
STU_12714,18,Female,College,5.93,2.76,7.95,2.14,88.45,98.46
STU_12715,20,Male,College,9.66,3.52,8.78,0.04,55.24,89.46
STU_12716,16,Female,High School,6.54,3.07,4.86,3.54,78.5,98.86
STU_12717,21,Female,College,3.39,0.73,6.46,0.33,64.37,75.02
STU_12718,24,Male,University,3.91,0,6.17,1.76,70.37,99.85
STU_12719,24,Male,University,6.21,5.62,4.35,2.61,58.91,82.71
STU_12720,20,Male,College,8.13,4.2,6.06,1.32,68.13,86.78
STU_12721,19,Female,College,2.73,5.9,7.04,1.54,59.42,99.26
STU_12722,19,Male,College,5.14,3.3,7.04,0,54,94.9
STU_12723,15,Male,High School,0,5.04,6.74,1.98,76.84,98.7
STU_12724,18,Male,College,3.77,0,10.31,1.59,76.75,96.63
STU_12725,25,Female,University,8.81,0.1,6.24,0.81,63.18,79.77
STU_12726,25,Female,University,8.3,1.36,6.24,0,51.14,67.56
STU_12727,17,Female,High School,6.37,2.73,5.01,0.8,57.38,82.25
STU_12728,13,Male,High School,8.95,1.27,5.76,1.6,72.6,87.95
STU_12729,23,Male,University,3.85,4.33,6.03,1.07,82.46,84.18
STU_12730,15,Male,High School,4.34,4.18,5.29,1.82,77.46,94.22
STU_12731,25,Male,University,3.8,4.24,7.56,1.53,76.06,98.63
STU_12732,24,Female,University,6.14,3.72,5.39,0.46,69.87,71.99
STU_12733,13,Male,High School,11.8,3.06,5.02,0.75,60.71,74.91
STU_12734,16,Female,High School,5.42,5.45,7.25,0.39,62.13,93.99
STU_12735,22,Female,University,1.65,5.71,6.48,0.48,85.95,83.14
STU_12736,15,Female,High School,1.74,2.06,8.1,2.17,84.13,97.6
STU_12737,23,Female,University,2.32,0.93,6.19,1.72,78.55,97.03
STU_12738,16,Female,High School,2.47,4.68,4.72,1.18,69.15,85.38
STU_12739,21,Male,College,2.25,5.88,6.86,2.15,66.6,88.17
STU_12740,15,Female,High School,5.05,7,7.56,0.36,84.97,85.33
STU_12741,24,Female,University,0.93,3.64,8.43,0.6,85.23,72.93
STU_12742,18,Female,College,5.72,2.18,6.9,0,82.16,93.6
STU_12743,18,Male,College,6.97,0.46,6.73,0,61.07,89.45
STU_12744,19,Male,College,2.95,2.37,7.18,1.06,72.02,87.52
STU_12745,21,Non-binary,College,5.36,0.86,3.78,3.4,77.87,80.53
STU_12746,24,Male,University,6.16,0.55,6.83,0,77.19,79.83
STU_12747,19,Male,College,6.7,4.23,5.56,0,57.31,72.88
STU_12748,13,Male,High School,4.78,1.65,8.48,0.79,70.37,94.69
STU_12749,20,Female,College,2.13,2.46,6.85,1.46,71.45,94.61
STU_12750,17,Male,High School,4.77,5.36,6.58,0.04,77.54,75.91
STU_12751,21,Female,College,4.11,0,5.51,2.52,79.02,98.09
STU_12752,22,Male,University,4.85,0.78,7.93,0.12,79.93,70.76
STU_12753,25,Male,University,2.02,3.95,7.02,1.03,77.89,78.05
STU_12754,24,Female,University,0.71,1.62,7.44,1.53,76.9,97.87
STU_12755,17,Female,High School,0,1.56,10.76,3.15,81.51,97.99
STU_12756,17,Male,High School,0.12,3.09,7.68,2.49,80.31,97.54
STU_12757,24,Male,University,0,2.21,9.96,1.94,83.26,97.92
STU_12758,24,Male,University,7.06,0,3.74,1.24,67.04,91.93
STU_12759,14,Male,High School,5.13,1.38,7.25,1.92,65.5,98.25
STU_12760,24,Female,University,4.6,0,7.56,3.48,82.37,98
STU_12761,23,Male,University,3.64,4.06,5.22,0,72.07,77.54
STU_12762,15,Male,High School,0,0,7.89,0.3,80.14,98.36
STU_12763,22,Male,University,5.46,0,5.7,0,69.92,66.26
STU_12764,21,Male,College,5.07,0.23,6.49,3.27,67.44,93.72
STU_12765,19,Female,College,4.61,4.02,5.9,0,77.75,83.85
STU_12766,13,Male,High School,2.58,1.35,6.33,0,74.87,92.19
STU_12767,15,Male,High School,2.77,4.89,5.77,1.2,56.09,88.87
STU_12768,24,Male,University,5.81,4.08,3.92,2.6,58.19,90.48
STU_12769,14,Female,High School,2.58,4.51,6.57,2.51,74.51,94.85
STU_12770,13,Female,High School,7.16,1.87,6.83,0.59,61.71,88.41
STU_12771,21,Male,College,8.5,0.29,6.85,0,78.97,70.47
STU_12772,20,Female,College,7.3,1.93,3.27,1.29,61.94,85.57
STU_12773,17,Female,High School,4.74,0,5.31,0,64.88,79.08
STU_12774,23,Male,University,4.27,3.51,7.61,3.77,75.82,98.97
STU_12775,24,Male,University,4.75,2.98,4.92,1.56,73.29,81.62
STU_12776,14,Female,High School,6.2,1.3,7.72,3.44,75.62,99.25
STU_12777,13,Female,High School,8.14,1.58,7.61,0.45,68.15,90.68
STU_12778,19,Non-binary,College,5.88,4.5,7.74,0.7,71.09,72.17
STU_12779,25,Male,University,0.25,3.38,4.53,1.89,82.94,98.93
STU_12780,23,Female,University,2.18,5.16,7.8,1.15,81.74,92.05
STU_12781,23,Male,University,4.12,0.93,7.12,0.94,76.48,99.13
STU_12782,14,Female,High School,6.97,0.21,5.7,0,74.56,83.01
STU_12783,13,Female,High School,10.23,3.16,6.07,0.51,69.89,71.03
STU_12784,14,Female,High School,4.68,3.93,6.28,0,74.1,85.97
STU_12785,19,Male,College,6.17,3.04,3.59,0.06,72.93,66.06
STU_12786,19,Male,College,0.63,1.72,5.2,0.93,65.34,98.3
STU_12787,22,Female,University,2.74,7.8,5.08,0.16,64.67,76.77
STU_12788,18,Male,College,5.39,6.19,7.2,0.86,64.28,82.56
STU_12789,17,Male,High School,0,1.16,8.31,1.23,88.16,97.2
STU_12790,15,Male,High School,5.12,1.42,6.7,4.25,83.34,99.43
STU_12791,24,Male,University,3.55,1.13,5.42,2.25,81.37,91.63
STU_12792,15,Female,High School,4.61,5.01,4.94,1.37,50.49,87.4
STU_12793,23,Male,University,2.71,4.13,6.17,0,74.21,99.1
STU_12794,25,Male,University,5.81,3.84,8.3,0.02,77.18,67.04
STU_12795,24,Male,University,7.15,2.22,5.07,0,74.01,70.06
STU_12796,21,Female,College,6.36,4.08,4.8,1.53,67.62,83.89
STU_12797,16,Female,High School,6.29,3.16,6.79,0.14,80.81,82.79
STU_12798,21,Female,College,5.92,2.18,7.63,1.6,52.73,89
STU_12799,16,Female,High School,4.46,3.19,6.03,1.89,75.97,85.41
STU_12800,14,Male,High School,3.41,5.38,8.07,0.72,65.65,95.64
STU_12801,16,Female,High School,6.81,3.93,5.96,0.3,73.75,78.12
STU_12802,18,Female,College,2.29,0.74,6.66,1.23,74.35,99.47
STU_12803,18,Female,College,5.75,0.97,5.05,0.05,53.97,93.14
STU_12804,17,Male,High School,5.69,3.87,7.09,0,73.1,80.91
STU_12805,13,Female,High School,1.88,1.3,5.52,0,72.19,82.4
STU_12806,15,Female,High School,2.14,3.16,4.68,0,76.78,69.3
STU_12807,17,Female,High School,5.78,1.41,6.42,1.09,76.69,89.82
STU_12808,18,Female,College,5.03,3.97,5.16,1.58,65.6,82.98
STU_12809,13,Male,High School,5.4,0.61,5.76,0.93,71.41,90.15
STU_12810,21,Male,College,3.96,3.05,7.8,0.2,75.45,74.7
STU_12811,15,Female,High School,8.33,1.7,6.65,1.87,81.92,98.42
STU_12812,22,Male,University,5.97,2.4,7.61,3.29,72.7,99.1
STU_12813,25,Female,University,7.86,2.72,6.22,0.92,63.79,98.03
STU_12814,15,Male,High School,3.84,4.53,3.28,0.86,51.36,82.44
STU_12815,23,Male,University,7,2.35,5.91,1.34,75.8,81.49
STU_12816,14,Male,High School,3.71,4.27,7.53,0,73,82.86
STU_12817,20,Female,College,3.68,0.9,8.29,2.06,76.17,80.62
STU_12818,25,Male,University,1.44,0,8.14,0.22,87.55,95.75
STU_12819,15,Female,High School,5.64,3.33,6.98,2.45,79.41,98.55
STU_12820,18,Female,College,1.94,1.95,7.97,0,82.68,77.11
STU_12821,14,Female,High School,2.96,0.61,9.31,0.59,82.36,77.27
STU_12822,19,Male,College,1.12,0.65,7.28,0,79.45,97.48
STU_12823,25,Female,University,0,0.89,7.36,3.14,84.06,93.7
STU_12824,16,Non-binary,High School,4.29,3.06,7.34,0,86.15,88.61
STU_12825,21,Male,College,2.72,1.86,5.75,0.91,75.68,93.95
STU_12826,22,Female,University,5.33,0,7.96,0.2,74.91,86.68
STU_12827,21,Male,College,4.37,1.46,5.83,0.85,64.55,70.99
STU_12828,19,Male,College,7.11,1.15,6.5,2.06,70.96,98.83
STU_12829,24,Male,University,9.32,0.58,3.09,1.15,61.52,74.41
STU_12830,20,Female,College,7.37,4.24,5.36,0.65,56.27,94.97
STU_12831,15,Female,High School,4.58,2.33,5.8,0,79.14,94.22
STU_12832,23,Male,University,6.18,6.59,5.36,3.05,55.69,98.2
STU_12833,17,Female,High School,7.78,3.87,6.57,1.07,73.99,88.8
STU_12834,14,Female,High School,3.24,3.96,6.39,1.67,86.57,87.85
STU_12835,22,Female,University,6.74,2.77,4.49,0,60.51,69.14
STU_12836,19,Non-binary,College,7.77,5.03,5.91,2.31,65.07,71.85
STU_12837,25,Male,University,4.71,4.75,5.7,0,64.76,86.05
STU_12838,20,Female,College,5.67,2.91,7.26,4.08,78.97,99.2
STU_12839,21,Female,College,9.61,0,6.14,1.38,65.52,69.2
STU_12840,23,Female,University,2.94,0,8.03,2.84,79.3,98.65
STU_12841,23,Male,University,3.83,1.19,5.89,0.29,82.32,94.26
STU_12842,19,Male,College,5.89,2.92,7.62,0.85,56.5,98.02
STU_12843,22,Female,University,2.28,0,7.72,0,74.04,85.07
STU_12844,22,Male,University,4.32,3.26,7.54,2.01,78.72,93.7
STU_12845,25,Male,University,1.45,2.69,6.43,2.12,71.68,99.11
STU_12846,20,Female,College,0,2.26,7.09,1.63,79.73,99.88
STU_12847,24,Male,University,5.1,2.6,6.33,1.44,69.41,83.06
STU_12848,21,Female,College,1.17,0,6.78,0.62,72.69,96.41
STU_12849,18,Male,College,2.2,5.36,5.82,0,74.67,92.69
STU_12850,24,Female,University,7.06,1.84,4.79,2.77,72.2,93.24
STU_12851,24,Non-binary,University,4.92,2.81,5.54,1.21,80.01,86.35
STU_12852,22,Female,University,4.41,2.69,6.35,0.93,56.95,92.53
STU_12853,14,Male,High School,3.57,1.4,4.86,1.54,70.38,92.54
STU_12854,14,Female,High School,8.35,2.67,7.35,0,62.67,80.54
STU_12855,16,Male,High School,10.1,0.69,7.61,3.23,65.09,96.9
STU_12856,21,Male,College,6.02,2.33,5.53,2.49,75.16,84.4
STU_12857,19,Female,College,0,2.63,8.32,0.62,81.56,98.05
STU_12858,14,Non-binary,High School,4.41,1.97,5.93,1.54,57.65,92.93
STU_12859,20,Non-binary,College,1.86,2.61,5.62,0.05,66.69,68.11
STU_12860,23,Male,University,3.38,3.65,7.61,1.03,79.46,89.91
STU_12861,19,Female,College,5.7,4.58,7.84,0,71.7,82.72
STU_12862,21,Female,College,4.76,6.14,5.96,3.23,57.71,92.09
STU_12863,20,Male,College,1.07,3.67,7.86,2.71,83.21,98.61
STU_12864,15,Female,High School,2.77,1.97,3.32,0.49,69.2,81.8
STU_12865,13,Female,High School,7.37,0.46,5.32,0.54,76.18,83.38
STU_12866,14,Male,High School,8.47,1.58,6.76,0.83,59.92,69.93
STU_12867,25,Female,University,7.91,0.05,7.7,2.19,66.98,82.11
STU_12868,14,Male,High School,1.12,1.98,7.25,1.67,75.66,98.06
STU_12869,16,Male,High School,3.62,3.03,6.13,0.4,81.4,84.52
STU_12870,18,Male,College,2.68,3.17,7.39,1.49,73.36,98.55
STU_12871,16,Female,High School,6.17,2.85,6.5,2.8,77.49,96.71
STU_12872,21,Male,College,3.76,2.87,5.94,1.85,71.92,86.75
STU_12873,16,Male,High School,1.96,3.05,4.85,1.69,71.64,92.78
STU_12874,18,Female,College,8.2,4.71,5.24,2.86,76.67,90.03
STU_12875,18,Male,College,3.05,0.83,7.41,0.66,74.4,80.7
STU_12876,22,Female,University,7.03,1.26,6.13,1.33,56.24,85.42
STU_12877,23,Male,University,2.97,5.29,8.35,0.24,86.79,99.07
STU_12878,22,Male,University,6.47,1.29,7.41,0.09,60.91,68.32
STU_12879,13,Male,High School,3.69,4.92,4.98,2.73,63.04,98.66
STU_12880,20,Male,College,1.9,4.83,5.86,0,50.81,72.95
STU_12881,24,Female,University,7.38,1.46,3.88,0,52.57,98.88
STU_12882,15,Male,High School,2.73,2.95,5.98,2.8,83.84,98.4
STU_12883,25,Female,University,4.77,3.56,4.17,0,75.05,85.35
STU_12884,18,Male,College,1.25,5.93,7.74,2.96,68.6,99.7
STU_12885,15,Female,High School,1.05,2.41,6.92,1.87,88.15,93.08
STU_12886,23,Female,University,8.35,2.34,8.15,0.33,66.29,97.81
STU_12887,14,Male,High School,4.85,3.87,4.59,1.3,58.3,74.47
STU_12888,17,Female,High School,4.24,1.18,5.41,0.23,75.46,92.8
STU_12889,13,Female,High School,3.44,2.52,6.58,0,74.78,85.62
STU_12890,21,Female,College,2.55,0,6.16,2.32,86.25,97.16
STU_12891,23,Male,University,5.96,6.7,5.03,0.34,71.64,78.2
STU_12892,19,Male,College,8.05,5.4,4.84,3.34,62.95,93.6
STU_12893,15,Male,High School,6.54,2.48,6.62,0.94,75.89,84.07
STU_12894,16,Female,High School,6.03,0.84,6.36,1.14,68.44,88.08
STU_12895,25,Female,University,3.72,0.75,6.46,0.27,70.14,81.12
STU_12896,18,Female,College,6.09,3.55,4.38,1.47,56.8,97.87
STU_12897,15,Male,High School,9.37,0.87,5.14,0.94,60.76,87.71
STU_12898,24,Male,University,3.84,0.33,5.06,0.52,81.97,84.14
STU_12899,19,Male,College,5.4,0.04,6.99,1.46,72.76,97.12
STU_12900,25,Male,University,7.9,2.7,7.52,0.64,57.02,67.65
STU_12901,18,Male,College,9.38,2.95,5.24,0.47,68.38,87.28
STU_12902,21,Male,College,4.85,6.01,2.99,2.51,68.53,94.25
STU_12903,24,Female,University,6.62,1.32,5.32,0,60.21,58.96
STU_12904,17,Male,High School,3.86,3.51,5.75,2.38,69.25,96.48
STU_12905,16,Male,High School,5.31,1.25,7.33,0,62.19,75.71
STU_12906,15,Female,High School,3.89,0.95,6.1,1.02,66.68,89.27
STU_12907,22,Non-binary,University,7.44,3.32,7.97,1.32,75.16,93.16
STU_12908,13,Male,High School,8.69,4.34,2.85,0.52,80.09,66.28
STU_12909,15,Female,High School,1.48,2.2,5.19,2.34,71.47,91.17
STU_12910,15,Male,High School,4.24,0.17,7.92,1.75,76.53,93.99
STU_12911,19,Male,College,3.15,3.91,6.92,0.05,72.38,91.77
STU_12912,19,Female,College,3.7,3.46,7.63,0.91,52.86,92.22
STU_12913,25,Female,University,3.9,3.63,6.57,1.43,69.99,97.74
STU_12914,24,Female,University,2.33,5.72,7.71,2.68,68,80.25
STU_12915,13,Female,High School,5.2,0.94,7.63,2.25,85.92,90.35
STU_12916,15,Male,High School,1.59,3.86,6.32,1.38,82.92,98.73
STU_12917,25,Female,University,6.71,3.65,5.99,2.95,79.43,92.03
STU_12918,20,Male,College,5.23,2.48,4.38,0,67.78,82.02
STU_12919,21,Male,College,1.85,2.65,7.73,0.44,72.73,86.44
STU_12920,19,Male,College,1.71,3.29,5.99,1.18,62.82,80.62
STU_12921,19,Male,College,6.45,3.63,6.98,1.39,72.12,99.41
STU_12922,24,Female,University,2.74,1.08,7.32,1.99,78.36,97.46
STU_12923,23,Female,University,8.37,4.24,5.65,0,62.34,70.15
STU_12924,20,Female,College,0,3.51,8.39,1.34,77.55,98.86
STU_12925,18,Female,College,1.87,1.42,6.81,1.97,82.72,94.78
STU_12926,23,Female,University,3.54,3.27,7.94,0,68.25,93.45
STU_12927,15,Female,High School,4.42,3.38,5.8,1.01,78.68,98.17
STU_12928,13,Non-binary,High School,6.16,3.31,7.69,1.83,81.48,97
STU_12929,19,Male,College,4,2.47,7.69,3.42,81.16,86.04
STU_12930,13,Male,High School,3.7,0.83,5.8,0.54,76.04,97.99
STU_12931,13,Female,High School,2.82,1.01,7.2,1.68,75.84,81.7
STU_12932,21,Female,College,2.52,5.5,3.26,1.77,65.54,88.29
STU_12933,25,Female,University,2.72,2.63,6.52,0.1,81.96,78.11
STU_12934,22,Male,University,4.31,4.29,4.83,2.21,66.6,98.14
STU_12935,19,Female,College,0,2.65,7.39,1.42,85.78,88.19
STU_12936,25,Female,University,5.84,0.61,8.45,1.58,70.25,96.83
STU_12937,23,Female,University,4.67,3.52,10.29,0.78,76.54,73.15
STU_12938,25,Male,University,4.21,2.67,7.53,0.88,81.76,98.92
STU_12939,16,Male,High School,7.34,4.16,6.43,0.4,63.83,83.83
STU_12940,18,Male,College,5.99,2.17,5.86,0,63.4,92.32
STU_12941,13,Female,High School,4.82,1.58,4.83,0,50.71,91.79
STU_12942,19,Male,College,6.13,0,5.61,1.1,68.36,96.98
STU_12943,24,Male,University,2.94,3.84,5.89,0.6,73.32,96.7
STU_12944,18,Male,College,5.98,3.11,7.49,0.01,72.19,74.65
STU_12945,16,Male,High School,6.55,1.5,3.08,1.64,84.17,84.19
STU_12946,19,Male,College,0,3.3,7.22,1.68,68.29,85.82
STU_12947,15,Male,High School,8.92,0.69,6.63,0,67.5,78.12
STU_12948,13,Female,High School,5.34,6.19,7.89,1.04,70.3,98.67
STU_12949,16,Male,High School,6.03,0,5.41,0.5,79.2,72.43
STU_12950,15,Male,High School,7.21,1.65,5.91,1.31,66.39,98.01
STU_12951,13,Male,High School,4.16,1.94,7.29,2.55,81.49,98.16
STU_12952,14,Female,High School,3.46,1.92,5.86,0.28,64.73,78.87
STU_12953,23,Male,University,5.25,2.35,6.4,0.65,77.43,80.03
STU_12954,17,Male,High School,11.4,2.45,4.96,1.17,63.13,63.21
STU_12955,20,Male,College,4.25,2.78,5.62,0.47,66.51,87.58
STU_12956,13,Female,High School,2.9,1.94,8.51,1.46,81.49,98.92
STU_12957,16,Female,High School,7.86,1.07,7.67,0.39,56.94,76.22
STU_12958,16,Male,High School,0,2.95,8.02,2.62,82.33,98.83
STU_12959,17,Male,High School,4.23,6.07,5.91,1.72,63.79,83.64
STU_12960,19,Male,College,2.91,0.26,7.53,0.77,73.83,77.5
STU_12961,25,Female,University,6.07,1.72,7.03,0.83,78.67,98.92
STU_12962,24,Female,University,4.84,3.49,8.56,0,73.53,83.77
STU_12963,20,Male,College,1.75,4.93,3.95,1.21,59.91,98.86
STU_12964,18,Female,College,6.12,8.46,4.33,0,65.02,86.46
STU_12965,13,Male,High School,2.45,4.61,6.47,1.57,83.46,86.26
STU_12966,19,Female,College,4.38,1.15,6.96,1.73,71.21,98.73
STU_12967,15,Female,High School,3.43,4.08,5.12,1.18,68.75,88.91
STU_12968,25,Female,University,6.54,3.19,6.41,1.36,69.02,78.64
STU_12969,25,Male,University,3.35,0.76,5.43,1.56,74.8,82.87
STU_12970,25,Female,University,0,1.71,3.9,2.5,78.37,87.54
STU_12971,18,Male,College,1.71,0,6.22,0,56.28,79.92
STU_12972,20,Male,College,4.66,0,7.61,1.99,82.26,99.78
STU_12973,19,Male,College,2.85,1.26,6.96,3.14,68.2,96.57
STU_12974,22,Male,University,7.48,2.74,3.84,1.58,53.81,83.06
STU_12975,18,Male,College,1.95,4.36,7.1,0.11,82,86.16
STU_12976,21,Non-binary,College,5.94,1.91,8.33,2.31,74.89,91.89
STU_12977,21,Female,College,6.52,0.9,7.15,0.62,68.92,72.46
STU_12978,13,Male,High School,4.94,6.02,7.52,0.77,77.79,80.92
STU_12979,13,Male,High School,5.52,0.49,6.91,1.62,71.55,89.84
STU_12980,13,Male,High School,4.16,0.77,7.51,1.51,75.67,97.31
STU_12981,20,Male,College,5.19,1.69,5.67,2.22,69.62,99.31
STU_12982,24,Male,University,3.28,5.31,6.14,0,63.24,81.12
STU_12983,25,Male,University,5.07,3.8,5.02,0.7,62.64,65.17
STU_12984,24,Female,University,3.78,1.44,6.74,0,65.81,91.4
STU_12985,22,Female,University,3.78,2.17,5.69,0,59.75,87.73
STU_12986,19,Female,College,2.84,2.32,4.79,0.47,74.06,75.95
STU_12987,15,Female,High School,3.96,0,6.43,1.57,74.68,99.43
STU_12988,25,Male,University,8.27,3.18,4.91,2.32,67.96,90.94
STU_12989,14,Male,High School,3.9,2.5,5.92,2.99,69.33,98.14
STU_12990,16,Female,High School,6.85,2.14,7.48,0.93,68.15,91.83
STU_12991,15,Female,High School,5.81,3.02,6.49,0.33,45.25,76.05
STU_12992,19,Female,College,5.12,3.91,6.12,1.47,67.55,83.61
STU_12993,22,Male,University,5.21,2.43,7.48,2.8,82.75,97.72
STU_12994,20,Female,College,4.55,2.22,6.34,1.24,72.25,96.5
STU_12995,18,Male,College,3.04,3.91,7.61,2.92,61.46,98.55
STU_12996,15,Female,High School,8.8,0.4,6.3,1.87,76.23,91.37
STU_12997,18,Female,College,7.14,0.2,6.25,1.82,65.03,81.67
STU_12998,14,Male,High School,4.61,2.2,6.25,1.28,85.41,97.97
STU_12999,24,Female,University,4.67,3.85,6.43,4.46,75.62,99.9
STU_13000,19,Female,College,5.91,2.36,7.61,1.78,73.23,98.1
STU_13001,23,Female,University,1.85,4.33,6.27,1.69,74.15,96.83
STU_13002,22,Male,University,2.54,2.06,6.85,2.4,82.06,95.15
STU_13003,19,Female,College,0,5.41,7.15,0,71.03,85.68
STU_13004,16,Male,High School,3.97,2.22,7.17,0.7,74.72,89.75
STU_13005,25,Female,University,7.48,3.73,4.81,0.13,57.65,86.1
STU_13006,20,Male,College,3.79,3.85,6.78,0.33,78.27,76.91
STU_13007,16,Male,High School,9.98,3.31,5.32,1.29,54.64,53.52
STU_13008,19,Male,College,3.41,2.75,6.12,3.8,83.86,97.31
STU_13009,16,Male,High School,4.94,2.14,8.07,0.41,72.14,87.41
STU_13010,25,Male,University,3.8,3.29,4.75,0.67,78.02,88.04
STU_13011,24,Male,University,0,4.41,7.68,1.14,65.23,92.93
STU_13012,17,Male,High School,3.81,4.75,5.39,1.35,74.97,79.95
STU_13013,19,Male,College,2.4,1.34,5.76,0.46,61.34,90.85
STU_13014,25,Male,University,5.09,1.02,6.38,0,62.59,88.12
STU_13015,25,Male,University,7.69,0.53,8.24,1.24,65.59,68.64
STU_13016,22,Female,University,3.62,0.28,7,0,74.07,89.91
STU_13017,15,Female,High School,5.43,3.27,7.41,0.25,76.19,79.01
STU_13018,22,Male,University,3.97,3.56,5.09,3.1,83.46,98.7
STU_13019,17,Female,High School,6.74,4.77,6.05,0.55,78.43,94.99
STU_13020,23,Female,University,10.2,2.6,5.68,0,60.3,74.21
STU_13021,15,Male,High School,8.21,1.89,3.45,2.09,66.99,97.72
STU_13022,17,Male,High School,2.96,5.91,7.36,1.15,69.8,83.83
STU_13023,15,Male,High School,7.95,1.95,5.06,0.04,62.7,66.17
STU_13024,23,Female,University,5.25,0.11,8.04,1.14,72.63,89.9
STU_13025,22,Male,University,7.58,1.3,5.05,0,68.25,70.22
STU_13026,23,Female,University,1.93,0.85,8.48,1.79,84.94,98.85
STU_13027,19,Male,College,4.28,4.23,7.03,0.04,80.09,70.34
STU_13028,25,Female,University,4.95,1.07,9.13,1.82,77.83,84.93
STU_13029,13,Male,High School,4.37,5.13,7.25,4.42,78.15,98.92
STU_13030,21,Male,College,5.22,2.57,6.37,3.94,62.62,96.78
STU_13031,21,Male,College,4.23,3,8.16,2.35,78.84,98.27
STU_13032,17,Female,High School,3.61,4.19,6.22,3.39,79.78,99.4
STU_13033,21,Male,College,3.36,4.42,4.77,1.69,82.83,81.8
STU_13034,22,Male,University,2.45,2,6.02,0.42,58.06,81.8
STU_13035,25,Female,University,5.27,4.5,5.85,0,63.08,89.56
STU_13036,18,Female,College,4.14,2.88,7.52,0.98,78.29,71.95
STU_13037,17,Male,High School,3.15,3.32,6.61,0,75.13,71.18
STU_13038,25,Male,University,0.75,0,7.88,0,77.59,96.21
STU_13039,15,Male,High School,5.85,3.72,6.43,2.16,82.97,83.53
STU_13040,23,Male,University,6.19,0.73,7.01,0.84,68.69,76.85
STU_13041,23,Female,University,2.16,4.95,6.12,0.37,66.21,92.24
STU_13042,20,Male,College,4.76,6.3,5.15,1.15,55.46,72
STU_13043,16,Female,High School,3.14,0.12,6.89,0.05,66.38,81.74
STU_13044,22,Male,University,6.3,5.16,6.84,2.33,79.46,87.24
STU_13045,25,Male,University,3.26,3.45,6.47,0.58,74.39,87.1
STU_13046,25,Female,University,3.27,1.54,6.31,0.66,69.92,89.72
STU_13047,15,Female,High School,4.83,0,6.74,1.06,75.9,70.78
STU_13048,25,Male,University,3.45,0,6.4,0.77,72.55,89.6
STU_13049,18,Female,College,3.28,4.59,7.31,3.02,83.66,97.56
STU_13050,20,Female,College,2.96,4.73,6.38,3.28,82.17,97.68
STU_13051,25,Male,University,3.39,1.47,7.89,1.35,81.75,97.24
STU_13052,21,Male,College,3.56,1.06,7.16,3.5,74.18,99.51
STU_13053,18,Male,College,4.53,2.54,5.79,1.82,63.11,99.12
STU_13054,17,Female,High School,4.1,2.35,5.66,1.22,71.81,89.06
STU_13055,24,Male,University,5.74,4.25,4.3,2.28,63.03,91.26
STU_13056,23,Female,University,1.62,2.49,7.27,1.59,54.77,96.71
STU_13057,14,Female,High School,9.72,4.27,5.25,0.83,43.33,96.78
STU_13058,14,Female,High School,4.56,1.27,6.35,1.01,55.98,73.7
STU_13059,21,Female,College,6.93,2.87,5.48,0.18,67.33,76.73
STU_13060,14,Male,High School,5.71,3.73,6.17,0.26,68.08,86.28
STU_13061,14,Female,High School,4.8,1.92,5.24,0,54.7,77.91
STU_13062,15,Female,High School,5.63,2.35,7.39,0,80.34,72.72
STU_13063,15,Female,High School,5.35,6.03,5.89,0.06,79.24,77.94
STU_13064,16,Female,High School,4.06,4.98,5.5,0,70.6,76.32
STU_13065,19,Female,College,10.48,0.37,6.54,0.15,54.06,68.65
STU_13066,21,Male,College,7.29,3.04,5.65,0,66.6,83.93
STU_13067,14,Male,High School,0.51,0,4.41,1.94,80.76,84.51
STU_13068,16,Male,High School,7.13,3.33,8.73,1.66,86.96,97.5
STU_13069,21,Non-binary,College,4.68,0.97,7.48,0.24,67.99,79.95
STU_13070,14,Female,High School,8.59,2.13,7.42,2.69,68.03,97.6
STU_13071,22,Male,University,3.68,3.55,5.58,0.56,62.24,80.77
STU_13072,23,Female,University,0,3,7.86,2.53,82.24,99.72
STU_13073,25,Male,University,3.62,1.03,6.4,0.48,81.42,74.14
STU_13074,13,Male,High School,0.49,0.1,7.96,2.06,76.12,98.49
STU_13075,22,Male,University,2.8,3.25,6.2,1.45,77.32,94.41
STU_13076,20,Female,College,3.07,1.21,8.58,0.74,84.66,97.63
STU_13077,21,Non-binary,College,5.44,2.05,6.78,2.47,71.49,98.15
STU_13078,19,Non-binary,College,5.14,0.29,6.64,0.86,71.28,99.53
STU_13079,20,Male,College,6.1,0,6.66,0.8,77.14,89.14
STU_13080,16,Female,High School,5.89,3.62,5.74,1.98,81.97,62.68
STU_13081,16,Female,High School,9.35,1.67,5.35,0,67.51,71.05
STU_13082,25,Male,University,4.5,1.11,8.63,2.08,65.48,88.95
STU_13083,14,Female,High School,5.79,4.99,4.59,1.8,67.7,94.43
STU_13084,20,Female,College,6.71,3.96,7.37,0.45,72.78,97.95
STU_13085,23,Female,University,2.89,3.21,5.63,1.06,69.31,80.8
STU_13086,14,Male,High School,1.34,2.68,6.29,0.03,75.42,98.67
STU_13087,21,Female,College,5.42,0.1,7.3,3.77,84.99,88.83
STU_13088,16,Female,High School,3.5,3.49,6.04,0,74.26,78.51
STU_13089,13,Female,High School,6.45,4.77,6.05,0,76.64,76.42
STU_13090,25,Male,University,6.34,2.44,5.4,3.35,68.28,82.53
STU_13091,16,Female,High School,6.97,4.61,6.65,3.42,83.08,97.83
STU_13092,15,Male,High School,2.54,0.95,5.7,0.11,62.73,75.97
STU_13093,24,Male,University,3.06,0,7.38,2.4,79.58,87.61
STU_13094,18,Female,College,4.77,1.39,8.3,1.91,69.3,84.48
STU_13095,19,Non-binary,College,4.05,2.9,8.43,0.57,65.85,82.38
STU_13096,20,Female,College,5.64,2.51,8.11,0.6,63.77,94.12
STU_13097,14,Female,High School,7.9,1.99,4.4,0.77,79.04,70.87
STU_13098,18,Male,College,4.25,3.46,6.96,2.8,80.19,98
STU_13099,18,Male,College,1.11,2.31,8.53,3.09,79.21,99.44
STU_13100,22,Female,University,0,0,8.3,0.72,84.84,96.18
STU_13101,24,Female,University,1.27,3.4,4.98,1.66,73.13,89.71
STU_13102,17,Female,High School,1.19,1.33,5.64,0.87,78.1,70.59
STU_13103,22,Female,University,6.17,2.76,6.57,0,71.35,73.12
STU_13104,22,Female,University,4.38,1.82,7.37,2.05,78.42,84.82
STU_13105,19,Female,College,4.69,0,7.48,0.86,71.56,88.33
STU_13106,15,Male,High School,6.3,3.12,6.2,0,54.83,92.62
STU_13107,16,Male,High School,7.91,1.31,5.68,0.82,64.12,84.26
STU_13108,22,Male,University,4.01,0.83,5.58,0.09,67.49,87.39
STU_13109,25,Female,University,6.36,1.7,6.59,3.06,72.48,82.15
STU_13110,21,Female,College,5.38,3.18,9.16,2.43,73.84,98.27
STU_13111,16,Female,High School,0.61,2.54,8.9,2.37,81.81,99.9
STU_13112,15,Male,High School,0.79,0.6,7.93,0.52,78.55,77.15
STU_13113,14,Female,High School,3.65,1.85,8.01,0.97,81.97,85.1
STU_13114,17,Female,High School,4.99,3.36,7.97,0,60.65,99.31
STU_13115,16,Male,High School,5.7,2.46,7.52,1.02,67.91,94.46
STU_13116,25,Non-binary,University,4.01,0.74,7.68,0.5,83.43,97.3
STU_13117,25,Male,University,0.26,3.82,7.87,1.49,82.1,93.5
STU_13118,20,Male,College,3.58,5.09,5.23,2.31,75.88,83.8
STU_13119,19,Male,College,0,1.57,8.84,1.8,85.59,98.81
STU_13120,18,Male,College,3.99,2.33,7.87,0.75,76.55,85.41
STU_13121,23,Female,University,5.9,3.39,5.29,0,66.95,92.5
STU_13122,24,Male,University,5.57,2.08,5.31,0,69.94,79.39
STU_13123,14,Female,High School,3.24,3.48,5.95,2.6,77.75,98.82
STU_13124,15,Male,High School,5.51,0.12,8.24,1.53,77.91,80.39
STU_13125,22,Male,University,1.7,2.45,6.48,3.15,77.97,99.16
STU_13126,21,Female,College,2.9,4.13,6.12,0.63,68.3,76.98
STU_13127,25,Female,University,0.36,0.48,8.05,0,76.51,85.73
STU_13128,21,Male,College,3.17,2.2,6.45,1.93,80.42,88.55
STU_13129,17,Non-binary,High School,2.56,0.18,6.27,0,67.82,81.21
STU_13130,15,Female,High School,3.48,2.37,4.08,3.01,67.98,98.52
STU_13131,14,Male,High School,3.82,3.97,8.1,0,62.3,84.75
STU_13132,20,Male,College,5.12,1.92,6.14,0.98,76.06,96.11
STU_13133,18,Male,College,0,3.89,8.43,2.09,75.69,98.29
STU_13134,22,Female,University,2.35,4.34,6.22,1.74,71.79,92.81
STU_13135,23,Male,University,6.95,0,4.51,0.84,72.81,74.8
STU_13136,24,Male,University,6.99,1.18,6.2,0.66,72.41,92.37
STU_13137,19,Male,College,4.64,0.13,4.44,2.43,76.88,87.17
STU_13138,13,Male,High School,4.69,2.69,4.95,0.82,68.78,70.14
STU_13139,13,Female,High School,1.68,4.4,6.22,1.65,79.9,83.7
STU_13140,22,Female,University,3.57,3.04,6.26,2.91,60.26,94.46
STU_13141,14,Male,High School,6.56,3.22,6.26,1.24,67.58,98.11
STU_13142,22,Male,University,1.39,1.78,8.59,0,85.21,92.88
STU_13143,15,Male,High School,4.86,3.68,5.88,2.19,83.32,95.89
STU_13144,24,Female,University,5.89,2.85,4.51,0.87,63.87,72.14
STU_13145,13,Female,High School,4.62,4.73,8.17,2.14,69.65,97.73
STU_13146,17,Male,High School,4.13,2.81,7.48,0.38,63.48,75.63
STU_13147,15,Male,High School,4.1,0,5.28,0.59,69.09,87.07
STU_13148,13,Male,High School,5.75,0.29,7.33,1.12,78.64,77.87
STU_13149,20,Female,College,4.99,0.48,6.34,0.43,73.63,94.02
STU_13150,24,Female,University,5.74,1.48,5.57,0.59,77.15,92.94
STU_13151,23,Male,University,3.58,5.22,6.5,2.95,69.92,98.27
STU_13152,18,Male,College,3.7,4.57,6.47,1.02,70.87,99.06
STU_13153,21,Male,College,5.87,3.27,6.35,0,79.18,79.37
STU_13154,15,Female,High School,2.27,3.92,6.54,2.37,79.44,89.95
STU_13155,21,Male,College,1.68,3.76,5.47,2.28,74.88,93.83
STU_13156,21,Male,College,9.93,4.26,5.44,2.36,74.69,97.14
STU_13157,24,Female,University,5.56,0.63,5.74,0.69,71.2,90.8
STU_13158,25,Male,University,3.89,4.81,5.28,0.39,76.54,80.28
STU_13159,24,Female,University,2.76,2.67,6.06,2.14,86.09,91.83
STU_13160,13,Male,High School,2.2,3.08,5.68,1.48,79.4,90.8
STU_13161,15,Female,High School,4.38,4.52,5.49,2.62,76.61,71.75
STU_13162,18,Male,College,4.26,3.01,5.55,2.35,78.93,83.8
STU_13163,20,Female,College,5.6,0.94,4.04,1.34,70.78,78.09
STU_13164,16,Male,High School,1.25,2.19,7.35,0.12,74.54,76.85
STU_13165,17,Male,High School,1.35,3.78,6.32,2.36,74.37,97.96
STU_13166,21,Female,College,5.15,1.42,6.57,1.9,62.79,82.38
STU_13167,18,Female,College,5.47,1.47,6.8,1.88,80.62,83.38
STU_13168,24,Male,University,6.76,3.12,6.33,0,69.96,79.02
STU_13169,19,Female,College,8.65,2.83,6.29,1.55,50.53,82.38
STU_13170,19,Male,College,3.83,1.34,6.7,0,83.15,90.62
STU_13171,16,Female,High School,6.18,4.91,6.32,0.05,50.89,79.53
STU_13172,16,Male,High School,1.9,2.88,5.18,1.37,67.97,82.2
STU_13173,16,Male,High School,0,0,7.41,2.09,86.68,96.95
STU_13174,23,Male,University,2.05,3.24,6.75,2.2,75.99,97.46
STU_13175,17,Female,High School,3.3,3.68,6.25,0,75.52,69.9
STU_13176,17,Female,High School,9.88,3.76,5.61,2.24,65.77,70.01
STU_13177,20,Male,College,0.34,1.73,5.84,0.58,82.73,91.45
STU_13178,21,Female,College,6.35,0.82,6.17,0.51,52.05,68.76
STU_13179,14,Male,High School,3.02,2.57,6.73,0.88,73.13,89.26
STU_13180,23,Male,University,5.74,2.85,7.79,0,74.4,71.48
STU_13181,19,Female,College,4.61,3.87,6.34,0.15,67.94,81.56
STU_13182,13,Male,High School,2.21,3.11,5.93,1.6,74.4,96.03
STU_13183,13,Female,High School,7.06,4.49,3.71,2.64,55.03,99.39
STU_13184,16,Female,High School,5.62,4.57,5.97,1.55,83.53,80.72
STU_13185,22,Male,University,4.46,2.53,6.93,2.31,79.08,82.74
STU_13186,19,Female,College,5.23,0.76,6.54,0,70.02,85.02
STU_13187,14,Male,High School,3.44,4.35,7.5,1.58,80.12,98.92
STU_13188,23,Male,University,0,3.54,5.78,1.65,87.33,87.09
STU_13189,14,Male,High School,4.78,0.72,5.65,0.81,73.62,91.22
STU_13190,13,Male,High School,10.07,2.09,7.97,0.49,61.16,67.15
STU_13191,22,Male,University,6.61,0.67,6.43,0,78.72,79.24
STU_13192,14,Female,High School,5.23,0,6.22,1.56,58.07,97.43
STU_13193,25,Female,University,5.46,0.74,6.19,1.16,83.44,85.27
STU_13194,19,Female,College,4.5,0,6.08,1.08,71.66,84.88
STU_13195,21,Male,College,0,3.35,8.1,2.61,83.14,98.86
STU_13196,18,Male,College,1.87,2.59,6,2.8,82.93,84.37
STU_13197,22,Non-binary,University,4.34,0.99,6.46,0.7,59.24,91.59
STU_13198,14,Male,High School,6.81,3.81,4.89,4.09,56.43,98.85
STU_13199,24,Non-binary,University,9.08,0,2.79,1.66,60.07,91.12
STU_13200,22,Female,University,1.81,4.74,6.23,0,72.2,65.98
STU_13201,22,Female,University,6.14,1.68,6.23,1.34,81.44,75.46
STU_13202,25,Male,University,0,3.28,6.9,3.15,84.7,97.34
STU_13203,21,Male,College,3.67,0.62,8.6,1.5,83.61,99.79
STU_13204,19,Female,College,4.43,2.72,6.68,0,87.7,75.28
STU_13205,23,Female,University,8.71,2.31,6.5,0.3,71.2,83.28
STU_13206,13,Male,High School,2.46,1.97,9.21,0.86,83.11,93.09
STU_13207,24,Female,University,3.63,1.67,7.63,0.06,75.42,98.02
STU_13208,21,Male,College,6.98,3.22,5.04,1.08,56.18,92.19
STU_13209,14,Female,High School,2.67,0.9,5.96,3.09,67.37,98.64
STU_13210,16,Female,High School,3.18,0,5.43,0,65.43,95.31
STU_13211,21,Male,College,0.9,2.38,8.42,0.82,74.54,91.93
STU_13212,16,Male,High School,5.67,4.13,8.32,3.88,78.55,99.24
STU_13213,15,Male,High School,0.92,0,7.84,0.46,69.24,83.9
STU_13214,13,Male,High School,7.13,2.65,5.81,0,73.53,84.68
STU_13215,19,Male,College,1.38,2.5,8.81,1.55,80.96,87.54
STU_13216,18,Male,College,2.61,3.48,7.98,0,76.15,97.02
STU_13217,22,Male,University,1.57,2.67,5.96,0.6,69.98,84.07
STU_13218,16,Female,High School,3.79,1.25,6.74,2.27,85.03,97.12
STU_13219,18,Female,College,7.19,0,6.64,0,69.03,79.71
STU_13220,18,Male,College,2.75,2.66,6.4,0.53,59.54,99.16
STU_13221,25,Male,University,2.05,1.28,6.48,0,54.73,85.46
STU_13222,16,Male,High School,4.46,0.95,7.66,2.67,80.33,98.42
STU_13223,25,Female,University,4.33,2.67,8.15,0.25,82.07,85.61
STU_13224,18,Female,College,6.2,0.55,7.83,0.91,76.17,94.47
STU_13225,22,Non-binary,University,1.21,2.71,7.88,0.8,69.69,81.65
STU_13226,23,Male,University,5.09,3.46,8.45,0,78.03,99.5
STU_13227,20,Female,College,7.6,0,5.77,1.46,70.15,85.53
STU_13228,25,Female,University,1.96,4.24,6.29,0.94,79.25,91.45
STU_13229,15,Female,High School,4.98,2.44,7.16,1.45,77.85,83.28
STU_13230,16,Female,High School,1.96,4.33,7.3,2.08,74.05,96.88
STU_13231,22,Male,University,7.24,1.93,5.46,1.38,72.61,94.18
STU_13232,25,Female,University,8.73,5.82,5.3,0.96,58.81,84.53
STU_13233,24,Female,University,1.52,5.14,6.32,1.09,62.47,99.07
STU_13234,13,Male,High School,5.23,2.48,6.19,0,79.55,75.6
STU_13235,16,Male,High School,5.39,2.21,7.12,1.56,82.11,90.63
STU_13236,23,Male,University,4.83,0,6.76,0.82,67.2,76.68
STU_13237,22,Male,University,3.93,2.13,4.25,2.86,75.42,99.2
STU_13238,22,Male,University,3.07,2.99,6.99,2.56,81.84,86.54
STU_13239,24,Non-binary,University,0.59,2.47,7.43,3.01,82.99,96.18
STU_13240,21,Female,College,4.09,2.83,7.56,1.73,64.26,99.33
STU_13241,20,Female,College,6.66,3.37,6.37,2.3,83.11,99.41
STU_13242,23,Female,University,7.26,1.96,6.69,0.95,72.17,79.07
STU_13243,16,Female,High School,4.95,2.88,4.23,3.61,82.86,98.22
STU_13244,24,Female,University,2.03,1.36,7.08,0,78.33,98.17
STU_13245,19,Female,College,1.3,0.31,7.36,2.65,81.82,98.03
STU_13246,22,Male,University,2.95,5.5,7.33,0.2,71.04,99.37
STU_13247,15,Male,High School,0,0.35,8.58,1.28,75.64,91.17
STU_13248,21,Male,College,0,2.01,6.94,0.97,78.15,80.22
STU_13249,22,Male,University,1.14,3.85,8.95,0.01,82.28,82.83
STU_13250,16,Male,High School,5.28,2.03,6.79,0.05,59.56,75.64
STU_13251,14,Female,High School,0.4,3.52,7.43,0,80.74,89.72
STU_13252,22,Female,University,5.32,4.44,6.24,0,50.35,74.99
STU_13253,17,Male,High School,2.43,2.63,5.88,0,60.56,84.47
STU_13254,14,Non-binary,High School,7.51,3.33,5.79,0.33,63.15,76.65
STU_13255,22,Male,University,3,3.5,7.2,0,85,98.15
STU_13256,18,Female,College,3.35,0.99,7.6,0.16,70.19,82.35
STU_13257,23,Female,University,2.62,0,7.12,3.22,71.4,96.5
STU_13258,22,Female,University,2.68,6.13,5.19,0.25,77.37,79.38
STU_13259,13,Male,High School,4.72,3.28,5.43,0,72.8,78.42
STU_13260,18,Female,College,5.22,0.94,8.67,3.8,73.7,98.22
STU_13261,16,Male,High School,4.39,6.26,6.33,2.79,86.71,98.84
STU_13262,15,Female,High School,1.32,0,8.62,2.67,82.82,93.35
STU_13263,14,Male,High School,5.52,0.92,9.28,0.62,71.53,96.08
STU_13264,19,Female,College,1.48,1.65,5.64,0,62.31,76.48
STU_13265,21,Male,College,1.78,4.26,5.68,0,72.35,88.53
STU_13266,24,Female,University,3.08,1.8,6.91,0,78.32,97.98
STU_13267,15,Male,High School,6.44,2.31,5.43,1.36,68.38,96.5
STU_13268,18,Female,College,1.65,0.29,7.2,0,81.81,72.61
STU_13269,21,Female,College,5.42,2.2,5.54,1.21,83.07,83.6
STU_13270,14,Male,High School,0,2.01,6.86,1.62,90.27,95.78
STU_13271,19,Male,College,5.76,0,6.69,0,53.2,86.49
STU_13272,17,Female,High School,7.11,1.93,5.24,0.32,68.9,86.11
STU_13273,17,Male,High School,6.02,0.88,6.73,0,50.3,80.42
STU_13274,23,Male,University,4.37,5.09,5.63,1.17,75.03,76.78
STU_13275,19,Male,College,2.76,2.98,6.33,1.12,75.25,87.54
STU_13276,21,Female,College,2.15,5.15,7.34,2.74,87.42,98.15
STU_13277,16,Male,High School,2.38,0,7.39,0.74,73.03,84.74
STU_13278,21,Male,College,3,0.64,7.71,2.08,73.57,87.92
STU_13279,25,Female,University,6.84,1.2,6.88,1.1,76.93,79.55
STU_13280,23,Male,University,4.2,1.04,5.54,2.65,77.06,99.46
STU_13281,22,Male,University,6.46,3.06,5.97,0.62,79.42,60.73
STU_13282,21,Female,College,12.11,1.98,4.77,0,48.31,73.64
STU_13283,25,Female,University,8.63,0.68,6.09,0,32.88,98.86
STU_13284,16,Male,High School,4.46,7.62,5.69,0.21,76.7,80.03
STU_13285,15,Male,High School,3.1,2.85,7.37,3.07,78.64,97.6
STU_13286,14,Female,High School,6.58,0,7.56,2.24,71.04,90.8
STU_13287,21,Male,College,6.58,3.81,5.5,1.35,58.43,99.07
STU_13288,24,Non-binary,University,5.84,6.82,5.34,0.38,68.42,97.59
STU_13289,14,Female,High School,7.71,3.59,6.69,4.01,72.72,99.15
STU_13290,18,Non-binary,College,2.14,0.64,8.61,0,74.5,86.95
STU_13291,17,Female,High School,5.22,1.7,7.05,0.55,57.04,95.74
STU_13292,17,Female,High School,4.41,3.96,5.4,3.05,79.09,95.33
STU_13293,16,Female,High School,6.21,0.81,7.32,1.43,69.26,92.69
STU_13294,18,Female,College,3.35,2.22,7.66,4.3,83.68,98.81
STU_13295,17,Female,High School,5.42,0.87,8.09,0.84,66.55,97.47
STU_13296,23,Male,University,0.03,3.56,6.69,0.31,75.92,92.17
STU_13297,16,Male,High School,4.45,3.96,8.36,0.94,86.3,90.96
STU_13298,25,Male,University,8.78,4.88,4.24,1.24,59.49,75.41
STU_13299,21,Female,College,3.2,4.32,7.53,0,70.1,75.43
STU_13300,25,Female,University,4.25,5.05,7.32,0.81,55.58,91.28
STU_13301,18,Non-binary,College,7.17,5.43,6.93,0.78,54.99,88.3
STU_13302,23,Female,University,5.68,0,4.38,0.92,75.1,69.52
STU_13303,22,Female,University,0.22,1.1,5.72,0.4,62.67,77.85
STU_13304,22,Male,University,4.15,0.85,7.49,0,72.61,88.24
STU_13305,25,Male,University,5.46,2.8,7.4,0,75.51,72.65
STU_13306,22,Female,University,7.92,1.36,5.7,0,61,77.71
STU_13307,25,Female,University,7.45,1.81,5.98,2.27,60.37,75.25
STU_13308,15,Female,High School,4.34,4.43,6.14,1.63,58.94,97.24
STU_13309,22,Male,University,6.09,3.49,5.53,3.24,84.85,89.97
STU_13310,18,Female,College,4.3,1.61,9.44,1.21,76.91,96.01
STU_13311,13,Female,High School,3.24,3.92,7.74,1.77,85.33,99.05
STU_13312,17,Male,High School,7.24,3.02,4.95,1.22,72.12,99.9
STU_13313,22,Female,University,7.07,3.03,7.01,0,68.16,82.45
STU_13314,18,Male,College,5.17,3.7,5.05,2.2,75.32,92.08
STU_13315,23,Male,University,2.87,0,6.87,2.01,80.36,87.82
STU_13316,20,Female,College,4.43,0.89,5.65,2.73,59.82,97.76
STU_13317,23,Male,University,4.6,0.67,4.77,1.3,78.89,72.09
STU_13318,21,Male,College,6.81,2.56,6.66,1.4,74.97,90.9
STU_13319,23,Female,University,3.74,3.88,6.48,2.31,73.53,99
STU_13320,15,Female,High School,4.57,1.57,7.04,1.54,82.69,78.24
STU_13321,14,Male,High School,4.97,0.82,4.97,0.29,80.49,78.54
STU_13322,25,Female,University,3.83,0,9.81,2.35,82.68,97.63
STU_13323,16,Male,High School,5.14,3.17,6,3.67,82.52,92.52
STU_13324,20,Non-binary,College,4.78,0.38,7.9,1.11,60.02,97.37
STU_13325,23,Female,University,2.46,3.05,6.77,2.11,77.72,89.47
STU_13326,20,Male,College,3.11,0.9,6.9,0,74.59,84.27
STU_13327,15,Male,High School,0.98,3.5,5.91,0.35,78.31,97.98
STU_13328,16,Male,High School,2.65,3.16,9.32,2.37,83.37,99.8
STU_13329,15,Male,High School,8.07,0,9.1,0.53,76.46,99.14
STU_13330,22,Female,University,6.15,4.07,5.56,0.92,63.39,83.32
STU_13331,14,Male,High School,2.49,3.04,7.13,1.93,71.56,98.79
STU_13332,16,Male,High School,4.02,4.45,6.45,0.36,77.8,94.33
STU_13333,18,Female,College,2.33,0,8.65,2.44,79.39,87.85
STU_13334,23,Male,University,6.32,0.5,8.66,1.58,73.34,82.05
STU_13335,23,Female,University,5.13,1.8,4.94,2.41,80.05,93.98
STU_13336,17,Male,High School,6.21,2.22,3.77,2.95,70.29,80.56
STU_13337,15,Female,High School,3.71,2.01,6.22,1.85,68.06,93.18
STU_13338,14,Female,High School,7,0,5.3,1.29,79.04,88
STU_13339,21,Female,College,1.52,2.98,6.55,0.7,76.72,68.11
STU_13340,13,Male,High School,3.02,1.99,7.55,1.64,82.43,97.38
STU_13341,21,Male,College,3.5,1.81,8.14,1.22,76.34,82.71
STU_13342,13,Male,High School,6.51,2.53,6.24,0.8,72.04,82.63
STU_13343,19,Male,College,3.14,2.94,7.78,1.39,73.7,98.2
STU_13344,18,Male,College,2.08,2.28,6.59,1.84,80.4,86.24
STU_13345,19,Female,College,4.52,0.75,8.31,0.51,78.45,70.31
STU_13346,15,Female,High School,10.59,0.01,4.4,0.66,60.72,73.82
STU_13347,15,Female,High School,2.06,4.09,6.94,1.68,77.49,88.88
STU_13348,25,Male,University,7.6,0.73,4.04,2.56,60.12,85.62
STU_13349,23,Female,University,4.48,0.26,7.17,1.71,77.85,77.86
STU_13350,13,Non-binary,High School,4.51,2.54,6.91,1.52,72.34,98.59
STU_13351,16,Female,High School,2.99,3.36,4.9,2.04,65.36,87.58
STU_13352,24,Female,University,6.06,4.78,6.25,3.59,68.79,96
STU_13353,14,Non-binary,High School,7.1,0.92,6.87,1.55,73.53,68.75
STU_13354,22,Non-binary,University,8.26,1.18,7.43,1.32,77.32,75.11
STU_13355,20,Male,College,5.21,2.87,8.08,2.77,70.78,95.11
STU_13356,15,Female,High School,2.77,3.65,6.76,2.17,68.29,97.63
STU_13357,19,Female,College,8.97,1.45,6.45,0,51.94,78.2
STU_13358,19,Female,College,3.37,3.68,5.01,0,82.36,88.28
STU_13359,24,Female,University,2.57,1.42,7.1,1.92,77.76,98.56
STU_13360,21,Male,College,5.22,2.71,6.89,0,65.1,83.82
STU_13361,18,Female,College,2.09,0.14,6.71,1.97,74.67,93.43
STU_13362,13,Female,High School,3.25,3.25,6.78,2.48,60.05,88.97
STU_13363,20,Male,College,6.07,3.42,6.75,1.12,46.26,89.6
STU_13364,13,Female,High School,11.68,2.86,4.04,0.54,56.53,60.81
STU_13365,15,Male,High School,5.91,0,7.32,0.92,88.16,87.2
STU_13366,23,Male,University,7.46,1.78,6.56,1.35,47.23,83.27
STU_13367,17,Non-binary,High School,3.23,3.15,6.29,0,70.1,98.43
STU_13368,20,Male,College,5.17,1.07,7.7,1.84,68.65,86.84
STU_13369,21,Female,College,0,4.67,6.6,2.76,73.45,97.05
STU_13370,19,Female,College,1.17,6.6,8.96,3.02,83.9,99.06
STU_13371,21,Non-binary,College,4.89,0.92,7.49,0,70.98,76.49
STU_13372,23,Female,University,5.38,3.63,6.29,2.78,72.53,95.46
STU_13373,15,Female,High School,6.61,2.22,7.17,1.12,74.17,90.63
STU_13374,25,Female,University,4.03,3.3,7.65,1.66,70.38,90.42
STU_13375,17,Male,High School,8.27,2.29,4.92,1.13,68.46,76.78
STU_13376,22,Male,University,5.88,2.17,6.2,0.52,68.81,92.1
STU_13377,20,Female,College,0,1.67,6.68,0.12,88.11,98.99
STU_13378,24,Female,University,0,3.43,9.83,0.04,82.58,98.74
STU_13379,13,Male,High School,4.82,0,4.86,1.9,82.99,74.74
STU_13380,20,Male,College,3.91,1.24,7.59,0,76.62,96.97
STU_13381,19,Female,College,5.05,2.65,5.72,1.2,69.67,81.75
STU_13382,13,Female,High School,3.66,1.42,5.83,2.11,62.84,97.87
STU_13383,25,Female,University,3,4.71,7.04,0.48,68.21,95.82
STU_13384,25,Female,University,2.66,3.48,6.91,3.51,90.32,98.27
STU_13385,22,Male,University,4.36,0.57,7.73,0.88,79,93.69
STU_13386,24,Female,University,6.6,2.04,6.62,1.25,80.78,78.79
STU_13387,22,Female,University,1.81,3.91,5.9,1.07,71.61,90.9
STU_13388,24,Female,University,4.15,3.05,7.82,0.26,83.48,80.13
STU_13389,18,Male,College,8.06,2.27,6.13,2.18,80.74,76.59
STU_13390,13,Male,High School,0.15,2.23,6.21,0.78,79.45,89.75
STU_13391,14,Male,High School,6.11,4.61,5.13,0.38,58.22,72.16
STU_13392,17,Female,High School,3.98,0.1,6.45,0,79.08,98.92
STU_13393,14,Female,High School,2.55,5.8,8.45,0.94,77.58,99.69
STU_13394,22,Female,University,3.11,2.87,3.63,0.46,61.07,71.23
STU_13395,13,Female,High School,6.96,5.48,6.55,3.01,62.18,98.43
STU_13396,18,Female,College,4.17,2.44,7.33,2.06,70.09,86.74
STU_13397,20,Male,College,1.81,6.98,7.52,0.55,72.44,85.35
STU_13398,20,Female,College,2.33,1.36,6.94,1.6,67.8,88.5
STU_13399,25,Male,University,3.25,2.64,6.35,0.59,65.45,84.75
STU_13400,25,Male,University,6.67,3.97,7.79,0.15,72.52,91.81
STU_13401,20,Male,College,3.24,3.91,5.02,0,67.9,51.83
STU_13402,23,Male,University,4.44,0.94,5.42,0.12,66.81,79.7
STU_13403,18,Female,College,2.77,0,4.67,2.34,77.01,95.14
STU_13404,23,Male,University,3.5,0.99,6.36,1.25,81.77,86.7
STU_13405,15,Male,High School,4.1,2.06,9.66,1.04,76.89,97.78
STU_13406,13,Female,High School,2.17,2.24,5.75,0.78,85.9,81.68
STU_13407,14,Female,High School,2.55,2.69,7.38,0.81,76.3,82.95
STU_13408,17,Female,High School,3.2,3.8,6.04,2.68,88.29,86.47
STU_13409,25,Male,University,8.25,2.3,5.76,1.13,70.99,81.87
STU_13410,22,Male,University,4.65,0,5.7,1.99,68.91,89.02
STU_13411,17,Female,High School,2.26,4.25,6.12,1.65,69.34,94.56
STU_13412,22,Female,University,6.61,4.59,5.01,1.95,80.1,92.79
STU_13413,13,Male,High School,6.74,3.08,8.14,1.97,81.89,91.87
STU_13414,13,Non-binary,High School,2.21,1.99,6.64,0.73,68.02,89.58
STU_13415,21,Male,College,8.56,2.96,4.17,1.41,63.24,85.34
STU_13416,14,Male,High School,5.46,4.59,7.82,2.05,65.84,99.08
STU_13417,19,Male,College,5.55,0.5,4.65,0.56,78.63,79.83
STU_13418,22,Male,University,5.4,1.39,7.43,0.74,69.19,98.43
STU_13419,16,Non-binary,High School,5.34,1.36,6.49,2.93,74.27,99.49
STU_13420,19,Male,College,4.21,0.48,8.32,2.58,77.78,99.78
STU_13421,20,Male,College,6.12,7.3,4.68,0.91,63.63,98.28
STU_13422,17,Male,High School,3.67,2.73,8.03,1.67,77.48,93.9
STU_13423,25,Female,University,8.43,0.47,6.81,1.57,70.57,98.5
STU_13424,24,Male,University,0,0.02,7.76,1.94,83.55,82.59
STU_13425,24,Male,University,2.23,4.01,7.02,0.82,77.62,98.93
STU_13426,13,Male,High School,5.39,4.56,5.15,2.63,84.85,89.58
STU_13427,16,Female,High School,4.3,4.22,10.23,0.42,81.04,96.22
STU_13428,22,Female,University,3.24,5.88,6.51,2.9,78.94,91.08
STU_13429,15,Female,High School,4.94,1.71,6.37,1.56,84.03,82.99
STU_13430,22,Female,University,1.46,0.19,6.83,1.38,74.04,95.46
STU_13431,24,Male,University,1.91,7.13,6.9,1.34,86.64,84.72
STU_13432,17,Female,High School,4.18,1.27,7.21,1.63,73.55,85.21
STU_13433,22,Male,University,5.46,3.65,7.1,2.28,86.18,93.69
STU_13434,25,Male,University,2.71,0.99,6.72,2.49,79.28,99.7
STU_13435,22,Female,University,0,4.43,7.86,2.6,84.55,99.38
STU_13436,25,Female,University,5.07,0.2,7.89,0,47.81,69.89
STU_13437,18,Male,College,5.71,7.11,8.08,0,81.74,83.34
STU_13438,14,Male,High School,1.77,3.2,7.27,0,65.57,80.4
STU_13439,19,Male,College,3.52,0.08,8.13,1.78,84.15,85.32
STU_13440,25,Female,University,6.77,0,5.31,1.97,70.66,91.66
STU_13441,15,Male,High School,1.6,2.37,6.71,2.45,81.1,97.1
STU_13442,13,Female,High School,4.42,4.48,4.83,2.22,69.57,96.08
STU_13443,22,Male,University,2.84,1.67,5.48,1.54,69.5,84.3
STU_13444,15,Male,High School,9.96,4.83,5.62,1.6,63.68,64.99
STU_13445,21,Male,College,1.43,0.67,7.95,3.22,78.03,98.36
STU_13446,22,Male,University,0,3.87,7.75,1.2,77.08,85.08
STU_13447,23,Male,University,6.02,2,5.56,1.79,85.56,74.83
STU_13448,23,Female,University,3.69,3.81,7.52,0.5,75.91,80.33
STU_13449,18,Female,College,1.92,1.02,5.78,2.84,73.53,98.49
STU_13450,23,Female,University,3.27,1.46,6.12,0,53.81,78.68
STU_13451,18,Male,College,8.29,0.01,6.16,0,48.57,84.71
STU_13452,16,Female,High School,4.51,4.6,5.38,0.99,60.19,86.68
STU_13453,20,Non-binary,College,8.16,1.62,5.25,1.09,73.64,77.57
STU_13454,17,Male,High School,1.4,1.63,7.5,0.26,70.91,82.86
STU_13455,19,Non-binary,College,7.22,1.58,5.77,3.97,76.03,98.68
STU_13456,21,Male,College,2.08,3.48,6.68,3.52,85.45,98.55
STU_13457,25,Female,University,7.57,0,8.29,0.32,61.41,93.17
STU_13458,25,Male,University,7.36,0.2,7.31,0.6,61.09,92.39
STU_13459,17,Female,High School,2.01,4.94,6.71,0.61,72.04,98.79
STU_13460,23,Female,University,5.56,2.92,5.67,1.84,78.04,76.79
STU_13461,17,Male,High School,5.02,1.41,7.88,0,78.79,84.29
STU_13462,16,Female,High School,6.84,4.09,4.84,2.64,68.44,97.26
STU_13463,18,Female,College,1.67,2.87,6.52,2.9,82.03,97.93
STU_13464,14,Female,High School,3.48,4.93,6.49,1.98,69.21,86.44
STU_13465,15,Non-binary,High School,4.62,1.4,6.56,1,69.82,89.52
STU_13466,13,Female,High School,8.26,1.06,4.07,0,52.39,81.54
STU_13467,14,Female,High School,4.65,0.01,7.02,0,77.19,70.19
STU_13468,14,Female,High School,2.07,4.45,7.92,0.16,67.26,99.18
STU_13469,20,Male,College,5.3,4.42,6.66,2.19,74.97,98.05
STU_13470,20,Male,College,1.96,3.76,7.97,2.5,72.29,79.42
STU_13471,14,Male,High School,0.28,0.72,7.29,0.69,72.38,96.7
STU_13472,25,Non-binary,University,4.1,0,7.89,2.55,80.47,97.07
STU_13473,18,Male,College,5.19,4.12,4.7,1.93,72.93,85.32
STU_13474,17,Male,High School,4.98,2.94,8.38,0,68.54,87.17
STU_13475,15,Male,High School,4.63,0.85,8.47,0.36,66.94,76.66
STU_13476,17,Male,High School,8.96,3.63,6.68,0.16,69.25,86.9
STU_13477,17,Male,High School,8.16,5.72,6.14,1.98,62.36,92.45
STU_13478,17,Female,High School,2.44,1.87,4.48,1.78,70.14,88.76
STU_13479,15,Male,High School,6.86,2.35,4.99,2.53,79.68,81.56
STU_13480,15,Female,High School,9.82,4.06,5.78,2.34,60.32,88.98
STU_13481,16,Female,High School,8.9,4.73,4.78,1.98,57.13,82.26
STU_13482,19,Female,College,7.02,2.6,7.15,0.9,69.55,83.44
STU_13483,24,Male,University,4.17,0,6.66,1.27,79.04,81
STU_13484,24,Female,University,1.24,4.41,6.16,1.91,83.61,81.07
STU_13485,24,Female,University,2.1,1.32,7.19,1.02,72.08,98.49
STU_13486,14,Male,High School,5.82,3.26,4.2,0,49.52,66.88
STU_13487,22,Female,University,5.24,4.55,4.3,1.91,70.29,81.01
STU_13488,16,Female,High School,4.67,3.74,5.95,1.59,61.98,98.7
STU_13489,16,Female,High School,6.78,2.69,5.75,2.45,71.24,99.64
STU_13490,13,Male,High School,7.42,2.43,5.8,0,68.5,72.12
STU_13491,22,Female,University,7.42,1.16,5.96,0,80.17,96.19
STU_13492,20,Female,College,6.34,2.97,2.82,3.21,54.8,95.77
STU_13493,13,Male,High School,5.79,0.58,6.88,0,68.71,72.8
STU_13494,20,Female,College,3.18,4.02,8.14,0,65.17,93.49
STU_13495,19,Male,College,4.71,4.18,5.34,1.73,64.51,97.83
STU_13496,21,Female,College,5.4,2.39,6.68,0,75.13,85.78
STU_13497,20,Male,College,4.37,1.24,8.09,0,73.66,92.05
STU_13498,17,Male,High School,0.52,0,6.73,1.96,86.45,87.67
STU_13499,20,Female,College,5.3,1.03,4.42,0.32,56.38,99.03
STU_13500,23,Female,University,4.36,1.24,8.2,0.71,72.01,74.01
STU_13501,22,Male,University,4.15,2.62,5.44,1.49,80.64,87.78
STU_13502,24,Male,University,5.93,0.91,6.31,1.89,65.57,83.23
STU_13503,24,Female,University,5.88,4.1,4.95,1.97,71.98,94.92
STU_13504,15,Female,High School,7.48,5.07,4.69,1.03,76.14,72.22
STU_13505,22,Female,University,5.98,2.72,5.34,1.25,56.72,96.97
STU_13506,19,Female,College,3.54,0.06,7.56,2.96,79.08,92.29
STU_13507,24,Female,University,7.81,0,7.29,1.76,50.53,99.77
STU_13508,16,Female,High School,8.26,2.6,7.19,1.84,69.25,92.35
STU_13509,17,Male,High School,4.45,1.78,7.17,1.37,72.71,99.45
STU_13510,21,Female,College,7.62,0.65,5.17,1.68,67.81,92.35
STU_13511,19,Male,College,4.91,1.99,5.71,2,73.85,91.94
STU_13512,16,Female,High School,7.37,6.9,5.33,0,68.23,64.03
STU_13513,18,Male,College,7.81,5.77,7.24,0.84,33.88,84.95
STU_13514,22,Male,University,2.92,5.68,7.12,0,65.59,74.11
STU_13515,23,Male,University,8,1.69,6.2,2.27,74.63,84.76
STU_13516,19,Male,College,4.61,1.97,7.25,0,80.08,82.53
STU_13517,25,Male,University,5.47,4.26,4.66,1.62,77.67,93.6
STU_13518,22,Female,University,7.28,2.6,9.03,2.2,71.26,93.84
STU_13519,25,Male,University,3.86,3.56,5.59,0,75.64,99.34
STU_13520,21,Female,College,6.98,0.23,5.91,0,78.55,77.14
STU_13521,16,Female,High School,4.92,3.29,5.19,1.2,79.88,84.38
STU_13522,22,Female,University,3.36,0,5.5,0,75.15,66.7
STU_13523,15,Female,High School,6.11,0,5.86,1.09,81,81.74
STU_13524,20,Male,College,7.63,1.81,6.63,3.13,76.68,87.12
STU_13525,13,Male,High School,4.76,4.21,6.51,1.16,71.75,76.31
STU_13526,21,Female,College,1.97,3.18,5.49,2.72,80.86,87.85
STU_13527,25,Female,University,3.69,2.18,4.87,1.63,74.51,79.67
STU_13528,13,Female,High School,2.73,0,5.16,1.95,82.37,68.16
STU_13529,14,Female,High School,10.19,0,7.18,0,73.34,73.29
STU_13530,25,Male,University,2.31,1.99,8.51,1.15,83.13,95.84
STU_13531,20,Female,College,0,1.88,7.43,2.34,81.95,99.9
STU_13532,21,Male,College,3.54,2.4,6.97,2.49,72.98,85.45
STU_13533,19,Female,College,4.97,5.74,4.77,3.03,68.9,98.87
STU_13534,15,Male,High School,4.58,2.76,7,0.35,70.5,96.96
STU_13535,19,Female,College,4.95,4.92,5.76,0.67,69.38,81.12
STU_13536,18,Male,College,1.3,1.2,3.02,0.77,84.26,70.08
STU_13537,14,Female,High School,4.65,0,5.18,0.34,68.47,69.42
STU_13538,15,Non-binary,High School,2.02,4.43,8.44,1.8,82.69,99.87
STU_13539,23,Male,University,6.76,4.89,7.18,1.2,81.79,89.15
STU_13540,25,Male,University,1.64,5.13,6.61,2.36,86.93,98.45
STU_13541,24,Male,University,4.28,0.8,7.12,0,81.81,85.43
STU_13542,25,Female,University,2.51,1.45,6.41,0.65,74.76,83.81
STU_13543,22,Male,University,6.88,1.5,5.83,2.91,86.32,97.75
STU_13544,22,Female,University,3.32,3.41,6.41,1.48,74.67,92.36
STU_13545,25,Male,University,1.87,0.8,5.77,1.03,62.22,90.88
STU_13546,24,Female,University,7.14,3.09,6.8,1.65,67.62,81.69
STU_13547,17,Female,High School,0,4.15,8.31,0.24,72.36,97.82
STU_13548,22,Female,University,6.23,3.77,6.86,2.54,75.61,97.04
STU_13549,16,Female,High School,5.34,0.7,7.7,0.68,80.51,87.72
STU_13550,14,Male,High School,10.81,4.23,5.44,0,68.31,85.5
STU_13551,16,Female,High School,6.13,2.63,4.7,2.62,78.19,98.93
STU_13552,24,Female,University,5.75,1.46,6.64,2.38,77.17,97.64
STU_13553,20,Female,College,2.37,4.35,7.91,0.81,81.2,88.32
STU_13554,17,Male,High School,3.95,2.62,8.07,2.56,85.74,94
STU_13555,17,Female,High School,5.16,5.05,7.26,2.09,68.58,88.06
STU_13556,25,Non-binary,University,8.06,4.4,6.23,2.67,67.52,81.87
STU_13557,24,Non-binary,University,2.58,3.74,8.98,1.18,82.48,89.32
STU_13558,24,Female,University,0,2.43,7.56,1.72,84.13,86.91
STU_13559,22,Male,University,4.68,0,5.22,3.12,72.75,83.96
STU_13560,15,Male,High School,0.52,0,6.79,0,82.29,98.26
STU_13561,25,Male,University,6.52,7.15,5.95,0.68,80.88,93.02
STU_13562,20,Male,College,8.29,3.46,3.47,2.2,68.24,84.4
STU_13563,18,Male,College,7.08,4.88,5.57,0,67.31,95.85
STU_13564,14,Male,High School,3.24,2.78,8.06,1.45,69.89,88.16
STU_13565,14,Female,High School,8.55,2.31,7.58,0.29,82.45,93.45
STU_13566,21,Non-binary,College,2.58,2.67,7.14,0,81.75,77.91
STU_13567,25,Female,University,2.04,2.91,6.65,0.85,73.51,91.31
STU_13568,19,Male,College,8.07,2.58,6.74,1.09,69.56,70.96
STU_13569,22,Female,University,3.61,5.44,6.79,2.28,72.17,99.64
STU_13570,21,Male,College,4.9,4.06,4.87,3.5,66.75,99.31
STU_13571,18,Female,College,7.04,3.21,5.8,0.31,67.49,86.59
STU_13572,17,Female,High School,1.75,4.05,7.35,2.04,74.26,96.05
STU_13573,24,Male,University,3.16,4.24,2.07,2.79,76.25,83.08
STU_13574,13,Female,High School,3.03,3.14,6.55,1.71,73.31,98.78
STU_13575,24,Male,University,3.92,3.6,6.46,0.03,65.99,84.37
STU_13576,18,Female,College,2.72,3.84,7.64,2.67,71.81,96.4
STU_13577,18,Male,College,5.43,3.76,4.96,2.8,70.88,91.64
STU_13578,15,Female,High School,5.4,2.48,6.58,1.95,76.81,98.64
STU_13579,15,Male,High School,4.5,3.97,3.98,0.67,72.18,77.22
STU_13580,15,Female,High School,5.07,0.6,6.03,0.99,73.41,93.44
STU_13581,15,Female,High School,2.86,2.79,6.85,0,69.56,88.58
STU_13582,19,Female,College,4.55,2.51,4.73,1.45,74.5,78.55
STU_13583,22,Female,University,0.29,3.86,6.31,2.76,86.38,99.59
STU_13584,23,Male,University,6.98,1.26,6.96,0,65.5,74.79
STU_13585,14,Female,High School,3.1,1.53,7.76,1.32,83.93,98.1
STU_13586,22,Non-binary,University,3.2,1.01,7.72,0.54,84.35,70.57
STU_13587,25,Female,University,2.16,3.67,4.99,2.98,77.31,90.3
STU_13588,22,Male,University,4.85,0,5.38,2.1,66.75,77.84
STU_13589,14,Male,High School,3.17,0.86,6.8,2.53,62.14,88.93
STU_13590,15,Female,High School,6.07,0,6.03,1.1,72.4,94.39
STU_13591,22,Female,University,1.88,1.26,6.83,1.96,70.47,99.51
STU_13592,24,Male,University,4.85,2.56,5.61,0,76.43,78.54
STU_13593,19,Female,College,5.56,4.67,8.33,1.1,73.61,99.45
STU_13594,15,Female,High School,6.49,4.9,4.68,0.02,51.25,91.47
STU_13595,19,Male,College,6.17,0,7.51,0.02,58.51,96.85
STU_13596,21,Male,College,2.23,1.82,8.52,0.01,82.18,79.29
STU_13597,23,Female,University,4.67,3.26,5.39,0,69.35,98.4
STU_13598,22,Male,University,4.24,1.92,8.39,0.4,72.74,96.43
STU_13599,24,Male,University,1.88,1.01,9.26,1.74,84.99,97.16
STU_13600,23,Male,University,4.43,0,6.4,1.09,77.91,88.3
STU_13601,16,Male,High School,1.01,0.5,7.84,3.56,83.46,99.36
STU_13602,19,Female,College,5.09,4.8,5.35,2.53,70.77,81.36
STU_13603,21,Male,College,7.51,4.54,7.6,1.67,75.36,84.13
STU_13604,20,Male,College,7,7.35,3.53,1.42,63.97,79.21
STU_13605,20,Female,College,5.48,4.1,5.11,0.5,81.86,82.18
STU_13606,21,Male,College,5.15,0.74,7.68,2.42,72.49,99.19
STU_13607,17,Male,High School,4.21,3.35,7.35,0.64,46.4,77.64
STU_13608,17,Female,High School,9.9,3.5,5.82,1.3,52.83,80.69
STU_13609,15,Female,High School,3.97,3.69,7.66,3.22,75.34,95.71
STU_13610,17,Male,High School,1.21,2.21,4.78,0.25,66.05,91.42
STU_13611,20,Male,College,6.41,1.99,7.38,0.12,70.14,71.98
STU_13612,24,Female,University,5.65,3.37,6.65,0,72.29,57.31
STU_13613,17,Female,High School,1.74,0.98,8.05,0,81.58,94.28
STU_13614,16,Male,High School,3.51,4.47,6.07,1.31,66.61,84.42
STU_13615,20,Male,College,4.92,0.56,8.14,2.06,77.78,71.59
STU_13616,19,Male,College,3.09,0.37,8.15,2.35,76.77,99.05
STU_13617,18,Female,College,6.79,1.78,6.08,0.3,51.83,87.03
STU_13618,17,Male,High School,2.56,3.5,6.08,2.18,72.05,93.84
STU_13619,17,Female,High School,3.87,4.32,6.68,2.77,80.57,99.28
STU_13620,25,Female,University,3.45,3.32,5.45,2.65,80.34,99.39
STU_13621,22,Female,University,5.63,1.4,6.15,0,63.07,77.21
STU_13622,14,Female,High School,6.08,2.22,7.75,0.42,72.37,99.85
STU_13623,25,Male,University,5.62,1.7,5.61,1.15,66.34,80.63
STU_13624,16,Female,High School,0,4.41,5.83,0.91,82.86,78.82
STU_13625,20,Male,College,4.91,2.88,8.25,0.03,65.25,89.75
STU_13626,20,Male,College,5.69,5.01,6.63,2.8,79.13,98.75
STU_13627,23,Male,University,5.98,3.88,6.65,0.5,56.07,97.28
STU_13628,13,Male,High School,4.06,2.01,6.88,0.7,71.03,87.65
STU_13629,14,Female,High School,4.56,2.27,5.61,2.12,74.72,93.9
STU_13630,17,Female,High School,3.08,2.65,8.65,0.48,84.83,98.94
STU_13631,21,Female,College,7.69,2.39,5.74,0.62,52.33,89.79
STU_13632,22,Male,University,1.15,3.87,4.44,0.03,81.52,75.61
STU_13633,23,Female,University,5.63,3.26,5.78,2.21,77.32,99.93
STU_13634,24,Male,University,2.01,1.51,8.8,1.84,80.67,98.64
STU_13635,25,Male,University,3.3,6.18,6.25,3.65,84.49,92.5
STU_13636,23,Female,University,4.4,2.88,8.14,1.31,76.69,96.6
STU_13637,19,Male,College,0,0.76,7.62,3.45,82.09,97.25
STU_13638,22,Female,University,1.02,3.61,6.31,1.5,85.84,94.26
STU_13639,17,Male,High School,0.5,0.6,6.54,2.25,83.53,98.57
STU_13640,13,Male,High School,5.57,3.07,7.63,1.86,71.78,84.63
STU_13641,18,Female,College,7.06,2.4,6.95,1.89,59.45,89.08
STU_13642,24,Non-binary,University,0.51,2.61,5.69,2.19,71.4,99.43
STU_13643,20,Male,College,4.06,0.98,7.66,1.62,63.99,97.26
STU_13644,19,Female,College,5.19,2.28,6.18,1.45,83.64,99.35
STU_13645,14,Female,High School,5.18,2.31,6.22,2.28,69.36,81.84
STU_13646,24,Male,University,9.52,2.48,7.69,0.64,48.32,87.73
STU_13647,17,Female,High School,4.88,5.83,8.59,0.86,63.61,85.27
STU_13648,23,Male,University,2.18,1.5,6.13,0.58,63.88,87.52
STU_13649,16,Male,High School,6.37,2.89,3.67,0.81,61.47,71.99
STU_13650,21,Male,College,8.48,0.14,6.41,1.72,73.24,81.33
STU_13651,22,Female,University,1.25,0,8.58,1.59,85.91,93.9
STU_13652,13,Male,High School,5.84,1.92,6.15,2.35,78.37,70.46
STU_13653,24,Male,University,4.57,5.05,5.58,0.62,47.04,77.26
STU_13654,18,Male,College,2.12,0.23,5.95,1.02,79.4,87.04
STU_13655,15,Male,High School,2.9,3.8,6.75,0.05,68.02,88.75
STU_13656,23,Male,University,8.48,4.63,4.06,1.69,72.34,79.69
STU_13657,21,Female,College,6.43,5.07,5.63,0,63.68,61.86
STU_13658,17,Male,High School,5.56,3.7,5.88,2.67,61.42,84.68
STU_13659,25,Male,University,0.77,1.06,7.9,2.74,67.31,98.79
STU_13660,18,Female,College,6.19,0.31,7.56,2.83,79.62,91.58
STU_13661,23,Female,University,7.29,0,5.88,1.34,70.8,67.1
STU_13662,21,Male,College,1.09,5.86,5.3,4.34,73.62,98.48
STU_13663,21,Male,College,4.55,4.06,4.86,2.48,76.47,99.38
STU_13664,20,Male,College,7.02,3.65,7.19,2.13,75.86,72.9
STU_13665,21,Female,College,6.68,0,8.27,1.5,76.52,98.03
STU_13666,16,Male,High School,6.1,3.63,4.75,0,76.72,68.9
STU_13667,18,Male,College,4.61,2.86,8.78,1.14,77.03,98.52
STU_13668,17,Male,High School,7.21,3.09,8.36,0.53,58.21,80.09
STU_13669,17,Male,High School,4.9,1.75,5.58,0.92,67.16,91.65
STU_13670,16,Female,High School,5.88,2.79,6.15,0.96,72.85,89.67
STU_13671,14,Male,High School,5.36,0.61,7.52,1.98,80.41,83.73
STU_13672,24,Male,University,1.84,2.64,6.91,1.49,70.25,98.28
STU_13673,18,Female,College,2.2,0.21,6.7,0.01,86.76,79.62
STU_13674,21,Female,College,0.87,4.34,8.25,0,67.83,79.02
STU_13675,24,Male,University,3.54,4.02,7.44,2.05,59.12,90.58
STU_13676,13,Male,High School,6.53,3.81,5.07,0,64,75.17
STU_13677,19,Male,College,5.35,0,7.37,0,69.26,97.27
STU_13678,18,Male,College,4.42,2.66,6.96,1.21,79.82,91.72
STU_13679,15,Male,High School,7.9,3.8,5.76,1.53,62.91,68.06
STU_13680,13,Male,High School,3.74,3.87,6.01,1.29,87.17,97.25
STU_13681,25,Female,University,5.9,5.69,4.89,0.28,62.03,78.27
STU_13682,16,Non-binary,High School,3.65,0.77,6.57,3.33,76.13,98.71
STU_13683,21,Female,College,0.76,1.95,6.6,0.03,68.06,91.71
STU_13684,14,Male,High School,2.62,3.28,7.42,1.84,83.31,97.46
STU_13685,15,Female,High School,2.55,2.8,8.41,1.96,81.7,93.14
STU_13686,14,Female,High School,0.95,4.04,6.49,1.72,81.13,89.58
STU_13687,14,Female,High School,4.12,0,7.22,1.72,79.07,73.96
STU_13688,22,Female,University,2.64,1.91,5.84,2.5,79.27,95.95
STU_13689,23,Female,University,8.24,1.92,5.98,0.12,62.7,69.2
STU_13690,23,Male,University,3.91,3.91,7.35,1.78,80.19,70.78
STU_13691,20,Male,College,2.41,4.66,6.5,1.13,73.91,97.95
STU_13692,15,Male,High School,1.78,3.08,6.53,0.4,82.48,97.31
STU_13693,19,Male,College,1.7,6.1,6.19,0.1,86.98,79.22
STU_13694,20,Male,College,6.69,2.39,6.66,0.61,81.31,91.8
STU_13695,15,Female,High School,6.91,1.39,6.22,1.45,73.51,72.92
STU_13696,14,Female,High School,0,5.43,5.95,1.25,82.27,81.76
STU_13697,25,Female,University,9.91,2.19,7.08,1.39,72.85,80.59
STU_13698,25,Male,University,4.69,1.16,5.95,1.91,78.53,95.32
STU_13699,20,Male,College,7.06,4.32,7.51,0.72,69.57,79.68
STU_13700,15,Female,High School,2.49,1.21,5.56,1.9,79.02,71.39
STU_13701,19,Female,College,2.04,3.49,9.32,4.17,85.95,97.87
STU_13702,24,Female,University,3.88,4.97,7.96,2.43,67.38,98
STU_13703,13,Male,High School,5.44,2.51,5.09,0,81.54,71.42
STU_13704,24,Female,University,5.05,4.85,6.3,3.34,63.31,93.81
STU_13705,18,Male,College,7.42,3.25,6.15,1.78,74.46,70.02
STU_13706,24,Female,University,0.08,0,6.64,0.48,80.65,98.49
STU_13707,24,Female,University,6.77,4.21,7.63,0.39,77.22,75.98
STU_13708,25,Male,University,5.78,5.3,7.14,2.51,74.8,97.51
STU_13709,21,Female,College,5.28,3.43,7.51,1.76,44,90.24
STU_13710,24,Female,University,1.13,1.92,8.2,2.23,81.9,99.1
STU_13711,15,Female,High School,2.5,3.06,6.09,0.24,66.7,97.17
STU_13712,19,Non-binary,College,6.09,1.58,6.87,0.75,81.92,87.15
STU_13713,25,Male,University,0,5.08,7.64,0.97,77.61,98.31
STU_13714,18,Male,College,0,3.01,5.93,2.47,80.49,98.96
STU_13715,20,Female,College,5.65,3.19,5.8,1.14,64.62,95.01
STU_13716,15,Female,High School,5.91,2.28,6.87,1.18,57.56,90.9
STU_13717,15,Non-binary,High School,2.64,4.5,5.09,1.47,80.55,81.56
STU_13718,16,Female,High School,2.63,0.92,7.26,0.94,73.88,82.15
STU_13719,15,Male,High School,6.88,6.84,5.68,0,51.15,84.86
STU_13720,21,Male,College,6.72,2.64,4.47,1.88,61.48,84.24
STU_13721,23,Female,University,3.65,2.97,7.58,1.84,75.65,98.09
STU_13722,16,Female,High School,1.43,0.87,9.38,1.33,84.19,96.95
STU_13723,18,Female,College,8.19,5.56,5.4,0.82,68,84.97
STU_13724,20,Male,College,1.28,3.39,6.36,0.96,85.32,94.64
STU_13725,23,Female,University,6.19,3.98,6.38,2.24,57.08,97.22
STU_13726,25,Female,University,7.5,1.56,6.92,1.18,74.1,94.77
STU_13727,20,Male,College,4.48,5,4.97,0.44,61.29,67.65
STU_13728,17,Male,High School,3.03,1.46,7.64,1.62,73.54,83.93
STU_13729,17,Female,High School,0.46,4.2,7.09,0.35,80.5,91.27
STU_13730,18,Female,College,4.66,1.87,4.61,0.77,72.38,75.51
STU_13731,22,Male,University,0.84,0.4,6.71,1.67,86.28,99.53
STU_13732,19,Male,College,5.27,1.67,6.54,1.61,82.16,93.54
STU_13733,25,Male,University,0,0.48,6.95,0.78,72.88,85.32
STU_13734,25,Male,University,0.31,2.44,7.51,0.97,80.77,96.76
STU_13735,22,Male,University,4.83,5.38,6.25,1.15,64.13,63.04
STU_13736,19,Female,College,6.6,5.77,5.12,0,59.81,79.87
STU_13737,25,Male,University,3.79,6.99,8.04,0.08,77.05,88.22
STU_13738,16,Female,High School,7.13,2.1,4.31,0.6,41.91,91.49
STU_13739,18,Male,College,3.1,2.37,5.95,0,77.84,99.37
STU_13740,19,Male,College,9.94,3.01,6.85,0.5,66.74,91.95
STU_13741,17,Female,High School,1.17,0,8.06,1.59,78.17,96.56
STU_13742,17,Female,High School,2.72,1.5,6.9,0,80.36,95.49
STU_13743,14,Male,High School,7.88,1.45,8.01,0.97,73.12,96.72
STU_13744,19,Female,College,3.85,0.93,5.87,0,71.33,90
STU_13745,24,Male,University,6.87,1.9,7.2,0.9,82.21,87.57
STU_13746,18,Male,College,1.19,0,5.61,1.32,71.48,97.46
STU_13747,23,Female,University,2.12,2.68,6.71,1.18,80.57,89.81
STU_13748,13,Female,High School,5.99,0,7.04,2.68,79.55,96.55
STU_13749,16,Male,High School,0.91,1.44,7.88,2.92,80.53,98.24
STU_13750,15,Male,High School,1.47,0,6.66,0,71.02,70.96
STU_13751,24,Female,University,4.22,4.57,4.98,1.51,73.6,87.39
STU_13752,15,Male,High School,7.79,6.11,7.89,0.17,80.96,87.66
STU_13753,19,Female,College,5.42,1.54,6.51,2.02,58.77,71.97
STU_13754,23,Male,University,3.98,0.96,5.6,0.66,65.98,83.9
STU_13755,24,Female,University,4.91,3.69,5.76,1.85,59.58,99.72
STU_13756,22,Male,University,0.15,1.39,8.44,1.93,83.15,99.9
STU_13757,16,Non-binary,High School,3.05,0.33,8.46,0.83,79.15,99.58
STU_13758,24,Male,University,5.6,0,5.93,0.67,46.05,98.98
STU_13759,20,Female,College,5.09,0.26,9.1,1.62,80.32,87.6
STU_13760,23,Male,University,6.03,4.62,5.51,1.28,66.06,88.01
STU_13761,21,Male,College,6.25,4.71,5.38,0,67.27,77.92
STU_13762,15,Male,High School,5.07,1.59,5.69,3.35,81.02,99.03
STU_13763,17,Female,High School,0,3.33,6.16,2.25,75.88,98.05
STU_13764,16,Male,High School,5.34,4.83,6.57,1.3,80.31,82.2
STU_13765,24,Male,University,3.28,0.17,6.35,2.11,78.53,99.91
STU_13766,22,Male,University,3.53,2.93,5.54,0,74.36,80.14
STU_13767,18,Non-binary,College,3.57,0,6.43,0,74.53,84.63
STU_13768,23,Male,University,5.23,2.12,7.61,0,80.92,71.59
STU_13769,22,Male,University,0.83,3.9,4.59,0,71.24,85.35
STU_13770,16,Female,High School,0.21,5.02,7.69,1.66,80.88,97.63
STU_13771,20,Female,College,1.4,3.66,5.79,0.96,83.76,80.17
STU_13772,15,Male,High School,6.8,0,8.15,1.2,82.73,97.5
STU_13773,23,Female,University,3.41,0.51,9.08,1.14,73.28,83.12
STU_13774,17,Male,High School,5.76,2.05,6.1,2.44,84.73,97.96
STU_13775,25,Male,University,5.7,2.97,8.41,0.98,70.85,94.97
STU_13776,13,Female,High School,5.49,2.83,5.48,0,56.4,93.52
STU_13777,25,Female,University,5.82,1.24,4.95,0.33,76.93,76.19
STU_13778,18,Male,College,3.19,4.31,4.59,4.13,84.16,95.75
STU_13779,23,Male,University,6.17,2.62,4.47,0,54.88,77.39
STU_13780,17,Male,High School,5.45,0.47,6.67,1.71,78.4,99.39
STU_13781,20,Female,College,0.53,1.44,5.89,2.76,82.79,97.4
STU_13782,21,Non-binary,College,4.52,7.2,8.84,1.44,67.81,97.3
STU_13783,20,Male,College,4.13,4.85,5.78,0,69.33,79.47
STU_13784,20,Female,College,5.66,4.17,5.32,0.91,74.73,91.31
STU_13785,24,Male,University,4.56,3.07,5.84,0,64,76
STU_13786,25,Female,University,3.9,0.72,7.37,2.2,75.1,91.25
STU_13787,15,Male,High School,8.39,2.36,6.66,0.85,52.57,73.8
STU_13788,16,Female,High School,6.02,1.32,7.66,3.23,83.82,99.63
STU_13789,23,Male,University,4.6,2.29,6.92,1.84,75.34,99.04
STU_13790,16,Female,High School,1.7,0.84,8.77,0,76.58,91.97
STU_13791,23,Male,University,4.8,3.49,6.48,0.67,75.85,93.63
STU_13792,17,Male,High School,2.37,1.12,7.31,0,76.44,86.02
STU_13793,25,Female,University,0.37,1.3,7.81,3.26,88.95,98.83
STU_13794,21,Male,College,3.48,3.3,6.54,0,73.83,50.38
STU_13795,24,Male,University,3.64,6.07,6.38,2.32,82.25,96.61
STU_13796,21,Female,College,7.07,0.61,5.42,1.85,61.96,82
STU_13797,22,Female,University,6.93,1.27,4.6,0.22,72.06,73.7
STU_13798,25,Male,University,6.17,2.6,7.79,2.43,85.02,99.24
STU_13799,24,Male,University,4.28,1.64,6.48,1.32,72.19,97.48
STU_13800,13,Male,High School,4.31,0,5.86,4.06,72.17,94.07
STU_13801,20,Female,College,5.89,5.4,6.44,0,63.94,88.06
STU_13802,13,Male,High School,6.11,0.6,8.09,2.59,75.85,98.05
STU_13803,14,Male,High School,5.39,3.08,7.35,1.8,68.57,78.23
STU_13804,19,Female,College,5.77,3.85,7.4,0.04,66.31,88.67
STU_13805,20,Male,College,4.33,0.52,5.61,2.86,73.62,91.04
STU_13806,13,Male,High School,3.79,3.01,5.6,0.3,65.15,78.31
STU_13807,15,Female,High School,0,3.67,6.49,3.22,80.24,94.75
STU_13808,19,Male,College,3.65,0,7.52,0,85.22,79.34
STU_13809,25,Female,University,2.69,2.17,7.56,1.74,81.58,98.43
STU_13810,21,Female,College,4.74,3.23,6.56,1.32,77.72,75.39
STU_13811,20,Male,College,2.81,4.24,8.32,3.8,72.98,99.68
STU_13812,20,Male,College,4.84,0,6.91,1.09,86.61,99.51
STU_13813,21,Female,College,0,2.68,8.34,0,81.89,96.7
STU_13814,22,Female,University,2.09,4.17,4.53,1,69.75,75.48
STU_13815,15,Male,High School,2.71,3.08,7.45,0,67.96,90.56
STU_13816,20,Male,College,1.88,3.83,9.42,3.75,80.03,99.4
STU_13817,13,Female,High School,12.25,3.79,5.59,0.37,53.04,94.09
STU_13818,20,Male,College,0,0.88,7.37,0.41,80.15,98.61
STU_13819,25,Female,University,6.19,4.18,6.45,0.53,70.78,75.56
STU_13820,19,Female,College,6.99,3.85,6.19,3.2,75.86,89.78
STU_13821,25,Male,University,3.4,1.62,5.52,3.28,87.31,86.94
STU_13822,20,Female,College,5.33,2.37,6.86,1.77,75.47,88.07
STU_13823,13,Female,High School,6.03,3.98,5.65,0,59.69,72.27
STU_13824,18,Male,College,4.84,4.81,6.11,1.13,88.48,88.18
STU_13825,19,Female,College,0.09,2.18,6.45,0.33,82.72,96.25
STU_13826,23,Female,University,5.52,3.2,7.2,1.79,75.49,99.3
STU_13827,17,Male,High School,6.93,4.95,4.34,0,63.71,82.81
STU_13828,17,Male,High School,9.66,1.58,5.45,2.05,78.78,78.06
STU_13829,19,Female,College,1.05,5.28,8.14,0.54,64.13,87.53
STU_13830,23,Female,University,4.07,0.93,8.05,1.25,70.47,68.78
STU_13831,15,Non-binary,High School,4.43,2.19,6.39,1.63,78.21,98.99
STU_13832,18,Female,College,4.25,3.87,4.3,0.92,56.68,81.68
STU_13833,19,Male,College,0.32,4.64,8.78,2.55,83.59,92.13
STU_13834,13,Female,High School,7.25,2.88,5.81,0.99,60.63,95.16
STU_13835,24,Male,University,6.99,0,5.86,0.81,58.24,77.38
STU_13836,14,Male,High School,5.44,2.15,6.71,1.32,68.46,99.37
STU_13837,24,Male,University,3.44,2.09,7.05,1.55,81.91,91.35
STU_13838,16,Female,High School,3.96,2.27,6.4,2.02,81.99,88.46
STU_13839,25,Male,University,3.78,4.7,6.58,0,64.98,83.12
STU_13840,20,Male,College,1.02,0.49,7.7,2.69,84.53,97.74
STU_13841,23,Male,University,6.25,2.34,4.83,0.28,55.15,70.95
STU_13842,25,Male,University,4.56,2.2,5.87,0,72.66,75.51
STU_13843,22,Female,University,6.22,2.09,7.26,0,68.7,89.21
STU_13844,18,Non-binary,College,5.15,0.85,8.23,2.78,73.98,99.45
STU_13845,13,Female,High School,1.99,2.92,8.07,2.09,84.07,99.9
STU_13846,22,Female,University,2.19,1.81,6.25,0,71.92,74.54
STU_13847,17,Female,High School,7.78,1.3,7.17,1.02,65.11,79.12
STU_13848,19,Female,College,5.9,1.62,5.6,0.43,71.66,77.77
STU_13849,25,Female,University,3.55,1.46,6.26,1.13,76.53,95.9
STU_13850,18,Male,College,5.9,0.77,5.32,0,74.74,77.58
STU_13851,25,Male,University,2.32,1.1,6.74,1.88,74.9,98.92
STU_13852,25,Male,University,7.21,0,5.81,1.56,79.42,98.18
STU_13853,24,Male,University,1.11,5.66,8.13,1.21,83.14,90.62
STU_13854,21,Male,College,4.99,2.85,4.99,1.01,66.64,99.02
STU_13855,20,Female,College,4.16,2.31,7.44,0.1,81.02,70.67
STU_13856,16,Female,High School,4.53,4.32,8.33,0.8,72.78,95.85
STU_13857,25,Male,University,6.13,2.99,5.95,2.5,76.74,98.73
STU_13858,23,Male,University,7,3.61,7.92,0.63,77.29,85.76
STU_13859,24,Female,University,3.47,2.81,4.95,2.43,84.52,98.58
STU_13860,17,Male,High School,0,5.66,8.52,0.82,83.63,98.58
STU_13861,19,Male,College,0.21,7.14,5.38,1.73,81.52,97.34
STU_13862,20,Female,College,3.54,5.87,6.46,1.46,76.74,94.57
STU_13863,17,Male,High School,4.59,0,5.29,0.76,59.89,88.31
STU_13864,21,Female,College,5.44,1.41,7.12,2.87,71.03,89.66
STU_13865,22,Female,University,4.98,1.52,9.03,1.63,73.6,99.28
STU_13866,24,Female,University,6.73,4.91,5.43,2.08,58.23,97.43
STU_13867,16,Male,High School,9,1.78,4.24,0,67.78,83.87
STU_13868,16,Male,High School,4.74,1.92,6.14,3.14,74.39,85.47
STU_13869,25,Male,University,5.4,1.64,7.61,0.73,59.85,86.95
STU_13870,20,Male,College,2.59,1.92,7.43,2.36,76.02,94.54
STU_13871,13,Female,High School,4.64,2.46,10.09,0.6,59.85,88.73
STU_13872,20,Female,College,5.02,3.53,6.42,0.09,72.72,98.31
STU_13873,17,Female,High School,4.88,2.32,8.19,2.86,84.89,99.79
STU_13874,25,Female,University,2.62,2.25,4.71,0.61,76.08,86.38
STU_13875,23,Male,University,4.91,1.64,8.62,1.41,80.39,97.37
STU_13876,13,Female,High School,4.73,2.92,6.46,0.34,85.77,91.04
STU_13877,16,Male,High School,5.29,0,6.6,0,84.48,84.94
STU_13878,14,Male,High School,3.5,0,5.04,1.38,61.8,98.55
STU_13879,16,Female,High School,4.53,0.7,6.01,3.04,66.23,97.8
STU_13880,20,Male,College,9.94,3.61,5.31,0,53.85,80.16
STU_13881,17,Female,High School,4.64,0,7.41,0.3,43.19,82.1
STU_13882,13,Female,High School,7.18,4.22,5.85,1.12,78.37,78.69
STU_13883,19,Male,College,8.06,2.71,8.66,1.21,82.24,90.78
STU_13884,13,Non-binary,High School,0.87,0.53,5.03,0.73,82.35,86.16
STU_13885,21,Male,College,4,3.42,7.18,0,70.46,97.35
STU_13886,15,Female,High School,4.12,0.81,3.72,1.68,71.7,89.58
STU_13887,24,Male,University,9.54,2.52,5.73,0.04,68.86,97.55
STU_13888,15,Male,High School,9.21,1.57,6.51,1.81,73.34,78.78
STU_13889,18,Male,College,0.87,4.28,6.61,0.34,83.78,85.82
STU_13890,22,Female,University,1.99,3.97,8.51,0.84,83.05,87.79
STU_13891,18,Female,College,7.56,4.31,6.8,0,69.03,74.64
STU_13892,25,Female,University,3.19,4.74,7.05,1.22,77.09,86.76
STU_13893,23,Female,University,6.12,3.83,6.62,0.06,68.77,94.43
STU_13894,23,Female,University,3.95,3.03,5.82,1.9,70.09,98.4
STU_13895,18,Male,College,1.82,0,6.92,1.15,63.53,98.63
STU_13896,25,Female,University,7.76,2.56,8.76,1.17,75.98,87.36
STU_13897,13,Male,High School,2.68,0,6.79,1.52,84.64,92.4
STU_13898,17,Male,High School,4.18,0.22,5.56,0,75.99,92.05
STU_13899,24,Male,University,1.66,3.89,8.71,3.42,84.72,93.82
STU_13900,18,Male,College,1.72,0.36,8.43,2.89,83.3,99.75
STU_13901,20,Female,College,4.65,3.34,6.29,0.18,85.21,98.2
STU_13902,25,Male,University,2.12,2.15,5.77,0,81.62,91.96
STU_13903,13,Female,High School,8.27,2.16,7.73,0.64,78.33,86.37
STU_13904,17,Female,High School,6.22,1.86,5.94,0,68.61,70.47
STU_13905,15,Male,High School,6.48,3.39,7.02,0.52,60.4,91.3
STU_13906,14,Female,High School,3.77,1.93,7.94,0.79,75.76,83.6
STU_13907,23,Female,University,3.84,1.72,6.66,0,66.9,85.03
STU_13908,20,Male,College,5.61,3.2,7.46,0,74.95,79.24
STU_13909,19,Female,College,0,2.35,6.93,0,58.09,98.81
STU_13910,22,Male,University,3.36,0.44,6.14,2.03,76.46,96.06
STU_13911,19,Male,College,0,2.33,5.37,0.98,75.3,81
STU_13912,17,Male,High School,5.07,0.17,7.92,2.07,74.88,97.84
STU_13913,24,Female,University,1.61,2.5,6.49,0,77.79,76.11
STU_13914,25,Female,University,4.2,4.7,6.55,1.45,75.8,97.19
STU_13915,21,Male,College,2.28,0.81,7.39,1.73,79.91,98.8
STU_13916,17,Male,High School,8.07,4.02,6.13,1.02,73.79,83.5
STU_13917,14,Female,High School,10.15,3.61,5.13,1.45,64,84.38
STU_13918,15,Female,High School,6.79,0,5.93,0.03,68.79,94.33
STU_13919,16,Female,High School,6.93,2.69,6.29,1.82,69.12,76.02
STU_13920,17,Male,High School,4.39,4.61,3.5,0.18,54.93,81.34
STU_13921,25,Male,University,2.93,1.43,4.17,0.69,72.44,76.23
STU_13922,15,Female,High School,0,1.35,8.2,2.16,84.85,87.58
STU_13923,24,Male,University,4.95,1,8.53,2.65,76.57,96.8
STU_13924,19,Male,College,3.75,2.94,7.33,0,82.55,98.24
STU_13925,17,Male,High School,5.06,0,8.67,0,75.24,78.08
STU_13926,17,Female,High School,2.72,0.34,7.9,1.49,80.22,99.3
STU_13927,18,Male,College,0.77,0.93,7.82,2.76,77.84,98.04
STU_13928,19,Male,College,1.6,0,5.73,0,72.27,86.95
STU_13929,22,Female,University,8.33,0,6.63,0,63.28,75.03
STU_13930,22,Female,University,9.34,0.88,5.11,2.8,51.71,98.99
STU_13931,20,Female,College,0.57,1.88,5.6,4.47,79.17,99.3
STU_13932,21,Male,College,2.82,4.8,7.35,1.5,75.13,96.22
STU_13933,23,Female,University,0.13,4.37,7.31,0.9,75.84,85.8
STU_13934,16,Male,High School,4.65,3.31,6.8,0.92,71.22,78.6
STU_13935,17,Female,High School,4.72,6.33,5.82,0,65.32,71.67
STU_13936,17,Female,High School,4.21,2.37,8.64,1.12,83.88,77.34
STU_13937,20,Male,College,3.24,3.96,7.47,0,76.68,76.8
STU_13938,21,Male,College,5.11,1.75,5.74,0,44.84,76.65
STU_13939,19,Male,College,6.13,3.66,6.13,0.69,76.13,81.5
STU_13940,17,Male,High School,6.23,1.34,4.64,1.27,64.82,91.24
STU_13941,15,Female,High School,7.55,0,4.89,2.13,71.67,73.68
STU_13942,13,Female,High School,3.63,1.99,6.16,0,76.77,70.88
STU_13943,23,Male,University,3.04,4.84,6.78,4.62,61.63,98.65
STU_13944,21,Female,College,6.88,0,6.52,0.96,39.82,89.93
STU_13945,17,Male,High School,3.09,0.66,6.89,0,74.27,77.79
STU_13946,21,Male,College,3.97,2.93,2.42,2.36,80.15,78.06
STU_13947,22,Male,University,3.13,3.55,5.12,1.84,75.19,90.22
STU_13948,24,Female,University,8.75,4.22,5.04,0,64.07,97.64
STU_13949,25,Female,University,5.96,4.33,6.95,0,68.67,83.31
STU_13950,16,Female,High School,1.66,2.49,6.55,2.35,68.14,88.44
STU_13951,17,Male,High School,4.5,0.25,6.89,0.38,70.06,89.37
STU_13952,16,Male,High School,5.51,4.25,5.85,0,73.13,68.1
STU_13953,14,Female,High School,1.69,0.94,8.96,1.48,79.45,97.71
STU_13954,24,Female,University,5.39,0.76,6.94,0,77.96,96.43
STU_13955,13,Female,High School,4.12,5.4,5.96,3.19,61.75,99.46
STU_13956,20,Male,College,1.44,1.92,8.84,1.68,71.46,98.68
STU_13957,16,Female,High School,1.13,2.96,6.38,1.72,72.53,96.75
STU_13958,17,Male,High School,7.92,4.18,5.55,0,64.65,75.61
STU_13959,18,Female,College,2.4,2.67,5.09,0.47,62.96,88.77
STU_13960,20,Male,College,7.02,2.68,7.06,2.25,71.3,90.67
STU_13961,23,Female,University,6.14,5.38,6.03,0.2,61.88,80.21
STU_13962,20,Female,College,2.94,0.76,7.64,0.14,83.22,62.56
STU_13963,19,Male,College,5.75,2.77,8.05,0,65.7,98.47
STU_13964,16,Male,High School,5.32,3.2,8.54,0,64.54,89.5
STU_13965,18,Male,College,6.77,0,6.08,0.96,77.02,99.06
STU_13966,16,Male,High School,4.94,1.22,6.89,0.21,73.92,72.05
STU_13967,19,Male,College,3.67,0.22,7.18,0.8,67.31,87.76
STU_13968,24,Male,University,7.81,4.11,6.25,1.94,75.52,97.42
STU_13969,25,Female,University,6.33,2.67,6.22,0.98,64.81,84.92
STU_13970,24,Male,University,2.89,2.21,8.27,3.13,81.25,97.87
STU_13971,25,Male,University,4.06,2.09,6.2,0.28,74.5,88.51
STU_13972,25,Female,University,7.75,4.5,8.12,0,72.81,90.43
STU_13973,23,Male,University,8.25,2.3,5.56,2.23,70.37,83.73
STU_13974,13,Female,High School,4.05,3.04,5.7,1.46,70.51,84.64
STU_13975,17,Female,High School,5.72,1.03,5.6,1,64.98,80.25
STU_13976,22,Female,University,5.4,4.08,5.66,0.75,73.71,99.1
STU_13977,24,Male,University,1.75,4.39,6.79,0.27,85.34,95.37
STU_13978,22,Female,University,5.77,0,4.69,0,74.82,79.38
STU_13979,16,Male,High School,0,1.56,5.18,2.56,88.16,98.99
STU_13980,23,Female,University,6.77,0.73,5.43,2.05,79.97,83.54
STU_13981,19,Male,College,5.8,2.85,6.51,0,63.94,61.83
STU_13982,25,Female,University,0,2.74,7.46,0,75.32,96.55
STU_13983,21,Male,College,2.09,3.6,6.5,0.54,81.26,67.2
STU_13984,17,Female,High School,0.1,1.27,7.5,0,77.89,92.68
STU_13985,16,Female,High School,1.94,2.34,6.57,2.86,83.81,98.89
STU_13986,21,Male,College,4.83,1.75,5.89,0,72.19,77.17
STU_13987,17,Male,High School,8.86,0,7.01,1.78,58.26,73.59
STU_13988,21,Male,College,5.79,0.43,6.81,0,76.66,94.62
STU_13989,20,Male,College,3.55,0,7.42,2.16,87.67,87.78
STU_13990,16,Male,High School,6.29,4.77,6.07,1.61,73.95,81.02
STU_13991,23,Non-binary,University,6.05,0.25,6.78,2.92,84.49,98.01
STU_13992,23,Female,University,8.12,1.8,6.78,0,59.85,77.04
STU_13993,19,Female,College,6.59,5.28,8.31,0,73.25,90.21
STU_13994,17,Male,High School,4.51,1.51,6.13,0.35,54.71,75.66
STU_13995,22,Female,University,0.73,4.04,6.26,4.21,79.74,96.88
STU_13996,16,Male,High School,7.87,1.74,7.85,0,71.89,73.61
STU_13997,17,Male,High School,4.19,3.01,5.82,1.09,65.63,92.21
STU_13998,17,Female,High School,2.28,2.01,6.95,1.54,67.77,86.15
STU_13999,23,Male,University,0,0.26,6.76,1.09,81.36,98.33
STU_14000,21,Non-binary,College,1.63,5.91,7.87,2.71,73.07,98.47
STU_14001,24,Female,University,5.51,4.27,5.87,1.01,80.13,79.1
STU_14002,21,Female,College,3.53,2.1,5.76,2.52,69.89,88.35
STU_14003,18,Female,College,6.98,0.81,5.73,2.88,75.68,96.08
STU_14004,16,Male,High School,8.55,0.93,6.98,1.06,71.88,95.06
STU_14005,14,Male,High School,0,1.92,7.34,1.08,82.5,82.9
STU_14006,15,Male,High School,1.96,0.77,7.13,2.02,86.84,99.75
STU_14007,14,Male,High School,4.85,2.45,7.08,2.54,59.93,98.13
STU_14008,17,Female,High School,8.2,4.76,4.37,0.12,65.09,65.8
STU_14009,18,Female,College,2.41,1.54,7.53,2.22,73.71,99.1
STU_14010,23,Male,University,5.06,4.9,7.89,1.28,67.7,94.11
STU_14011,17,Female,High School,1.77,0.51,8.32,1.4,74.02,96.5
STU_14012,14,Male,High School,4.29,4.35,5.73,0,72.57,92.62
STU_14013,24,Female,University,4.84,4.5,5.94,2.16,65.67,99.84
STU_14014,17,Male,High School,3.69,4.4,4.87,1.36,64.53,77.15
STU_14015,21,Male,College,8.59,3.29,5.84,0.83,58.19,89.52
STU_14016,16,Male,High School,7.48,2.36,3.97,0.05,47.5,95.6
STU_14017,24,Male,University,3.7,4.17,5.12,0,78.67,67.8
STU_14018,22,Male,University,3.85,2.77,6.15,0.05,80.03,83.44
STU_14019,14,Male,High School,6.49,2.69,5.37,0,64.39,92.31
STU_14020,15,Male,High School,4.62,0.76,7.4,2.64,71.09,93.75
STU_14021,15,Male,High School,4.53,0.82,8.39,0.09,72.39,62.47
STU_14022,21,Male,College,2.78,3.41,6.99,0.59,91.05,95.92
STU_14023,16,Female,High School,6,1.86,7.63,1.69,76.92,98.03
STU_14024,13,Female,High School,2.9,3.82,6.63,2.94,63.47,99.05
STU_14025,13,Male,High School,2.9,4.22,7.17,1.76,78.01,81.24
STU_14026,19,Male,College,5.22,0.05,6.63,3.36,80.54,98.48
STU_14027,19,Female,College,4.85,1.2,7.63,2.5,74.71,99.55
STU_14028,14,Male,High School,4.58,1.09,8.54,2.31,76.02,92.56
STU_14029,21,Female,College,0,5.23,7.98,2.42,70.68,98.85
STU_14030,21,Male,College,5.1,2.25,4.66,1.95,70.12,97.59
STU_14031,17,Male,High School,0,3.13,5.88,0.39,70.54,71.18
STU_14032,15,Male,High School,7.06,1.08,6.69,0,83.46,89.7
STU_14033,15,Male,High School,3.12,2.6,6.89,1.31,67.34,88.02
STU_14034,24,Female,University,4.9,1.48,7.86,3.25,85.34,99.01
STU_14035,15,Male,High School,3.05,0,6.8,0.35,57.16,78.7
STU_14036,18,Non-binary,College,5.27,1.42,5.63,0.6,69.11,78.56
STU_14037,16,Male,High School,1.49,2.92,6.31,0.43,66.32,92.41
STU_14038,20,Female,College,8.58,8.11,4.41,0.9,58.77,79.86
STU_14039,25,Male,University,2.78,0.17,7.24,1.74,82.96,94.54
STU_14040,23,Male,University,6.69,2.31,6.72,0.32,76.84,83.28
STU_14041,25,Female,University,1.71,2.95,8.22,2.08,73.81,98.31
STU_14042,23,Male,University,3.52,3.99,5.16,1.62,68.5,97.57
STU_14043,23,Female,University,2.62,1.83,6.19,0.25,75.23,84.57
STU_14044,17,Male,High School,3.01,1.48,8.11,2.94,74.5,93.08
STU_14045,13,Female,High School,5.56,3.85,7.07,1.32,53.67,80.69
STU_14046,21,Male,College,5.67,3.79,7.35,4.03,81.73,98.05
STU_14047,13,Female,High School,5.52,4.07,7.11,2.62,56.5,86.71
STU_14048,18,Female,College,2.32,3.72,5.6,1.41,81.04,93.69
STU_14049,13,Female,High School,4.82,0,8.75,0.8,75.89,91.86
STU_14050,15,Male,High School,2.38,3.83,5.67,3.21,73.52,99.06
STU_14051,22,Female,University,8.17,2.77,6.36,0.09,61.46,75.62
STU_14052,17,Non-binary,High School,2.19,0,9.06,0,69.46,91.81
STU_14053,22,Female,University,3.32,3.59,4.81,1.08,63.36,89.14
STU_14054,19,Female,College,4.65,1.72,6.78,0,64.26,72.86
STU_14055,22,Male,University,1.95,4.34,5.35,1.66,75.7,82.81
STU_14056,20,Male,College,6.08,2.08,7.6,1.16,73.33,87.63
STU_14057,24,Female,University,7.29,3.54,4.74,0,59.89,83.11
STU_14058,21,Female,College,2.29,3.37,5.74,2.21,77.14,85.78
STU_14059,18,Male,College,2.8,0.58,7.52,2.27,78.37,94.42
STU_14060,23,Male,University,7.49,4.9,6.7,0,74.43,83.69
STU_14061,21,Female,College,4.86,1.03,6.9,2.3,77.99,99.15
STU_14062,20,Male,College,3.95,0.85,7.59,2.23,71.46,86.28
STU_14063,21,Male,College,2.59,4.31,7.67,1.46,82.61,87.39
STU_14064,22,Non-binary,University,3.58,2.82,7.04,0.3,76.94,84.28
STU_14065,16,Female,High School,4.13,6.42,5.86,0.6,52.83,97.77
STU_14066,21,Female,College,6.1,0.48,4.85,1.6,69.01,96.63
STU_14067,19,Male,College,4.49,3.71,5.2,0.29,75.49,75.95
STU_14068,17,Male,High School,2.22,3.3,7.94,3.3,81.44,98.12
STU_14069,17,Female,High School,3.19,4.78,6.92,2.15,72.8,94.55
STU_14070,13,Female,High School,1.7,5.12,6.47,3.71,83.6,99.04
STU_14071,14,Male,High School,4.17,3.85,5.87,0.48,73.76,75.51
STU_14072,22,Female,University,10.14,3.45,3.92,0.08,45.92,56.82
STU_14073,15,Female,High School,10.69,2.5,6.74,0,74.29,83.79
STU_14074,20,Male,College,5.32,2.54,5.78,1.77,63.47,98.32
STU_14075,18,Male,College,0.37,4.12,6.76,2.61,80.4,96.67
STU_14076,24,Male,University,6.82,3.56,7.12,0.7,55.54,65.31
STU_14077,22,Female,University,6.17,3.55,5.33,0.13,75.06,83.87
STU_14078,23,Male,University,11.22,2.37,5.79,0.05,64.05,74.82
STU_14079,25,Male,University,4.69,0.03,6.55,3.64,75.47,89.88
STU_14080,17,Male,High School,3.44,1.37,6.83,1.76,58.38,94.77
STU_14081,25,Female,University,2,1.48,5.87,5,79.89,94.02
STU_14082,13,Male,High School,6.56,2.93,6.85,0.68,69.91,82.23
STU_14083,24,Female,University,4.03,4.49,6.82,0.44,73.44,73.61
STU_14084,23,Female,University,3.86,2.36,7.76,0.09,83.68,83.61
STU_14085,24,Female,University,3.24,0.94,6.98,2.54,79.89,99.57
STU_14086,21,Female,College,10,0,4.46,1.37,51.16,77.29
STU_14087,15,Female,High School,3.47,1.71,6.55,2.88,86.73,97.51
STU_14088,15,Female,High School,6.25,0.75,4.84,0,55.38,66.19
STU_14089,14,Male,High School,5.66,3.99,8.26,0.29,77.92,91.62
STU_14090,16,Female,High School,0,3.75,6.7,0.38,76.01,89.98
STU_14091,24,Female,University,10.03,1.11,5.96,0.42,61.05,78.32
STU_14092,14,Non-binary,High School,0,3.12,7.46,1.67,76.17,94.96
STU_14093,25,Male,University,2.25,2.68,6.44,1.58,75.99,74.77
STU_14094,21,Male,College,3.23,0.66,8.43,0.46,85.49,94.56
STU_14095,24,Female,University,2.69,3.19,6.81,3.14,73.4,92.87
STU_14096,22,Male,University,3.93,2.64,5.7,1.19,58.26,81.69
STU_14097,19,Female,College,2.57,3.99,6.45,2.69,85.14,98.64
STU_14098,20,Non-binary,College,7.89,2.33,6.49,0,70.06,67.97
STU_14099,15,Female,High School,5.98,5.1,5.51,0.43,68.31,76.15
STU_14100,18,Male,College,2.95,1.46,6.56,4.22,85.02,97.88
STU_14101,22,Male,University,2.41,0,7.66,1.35,83.86,90.63
STU_14102,18,Female,College,3.09,2.88,6.5,0.49,87.65,81.56
STU_14103,25,Female,University,2.24,4.67,6.98,2.24,75.65,98.11
STU_14104,13,Female,High School,1.5,0.51,7.45,1.31,75.6,98.62
STU_14105,18,Female,College,6.84,2.04,5.49,3,57.71,98.11
STU_14106,25,Female,University,3.52,3.56,6.01,0,63.44,94.02
STU_14107,15,Male,High School,5.49,0,4.68,0,74.69,93.18
STU_14108,23,Female,University,4.66,6.46,7.6,0,83.21,84.61
STU_14109,15,Male,High School,8.12,3,6.33,1.7,82.69,85.18
STU_14110,15,Male,High School,6.74,1.75,5.88,0.45,66.14,84.59
STU_14111,22,Female,University,5.4,4.02,5.41,1.17,78.75,90.65
STU_14112,23,Female,University,10.24,2.57,3.3,0.77,71.72,70.5
STU_14113,23,Female,University,2.74,1.57,5.19,2.6,85.2,87.15
STU_14114,22,Male,University,4.03,3.9,8.49,3.09,74.35,87.11
STU_14115,23,Male,University,6.13,3.18,4.87,2.71,68.46,98.23
STU_14116,20,Male,College,6.61,0,6.01,0.84,58.01,89.16
STU_14117,25,Female,University,2.3,1.85,8.09,1.55,81.08,98.65
STU_14118,17,Male,High School,4.42,1.53,5.26,3.28,75.28,99.47
STU_14119,16,Female,High School,4.56,1.87,6.92,2.87,78.48,78.47
STU_14120,25,Female,University,10.33,3.08,4.95,0.35,48.35,85.22
STU_14121,21,Male,College,6.16,0,5.85,2.35,79.92,97.39
STU_14122,21,Female,College,7.2,4.24,6.04,0,68.8,82.43
STU_14123,13,Female,High School,3.53,1.51,5.11,0,82.97,86.31
STU_14124,14,Female,High School,2.62,3.88,6.15,0,65.93,70.19
STU_14125,20,Female,College,3.44,1.49,6.77,0.4,74.66,96.97
STU_14126,17,Male,High School,5.87,1.93,4.19,0.91,84.87,67.07
STU_14127,19,Female,College,7.67,5.52,7.08,1.72,66.89,97.37
STU_14128,13,Female,High School,0.94,0.63,8.93,3.15,88.91,98.5
STU_14129,24,Male,University,9.45,1.56,4.2,0,47.76,51.76
STU_14130,22,Female,University,6.72,1.32,5.47,1.13,71.43,65.33
STU_14131,24,Female,University,6.94,5.35,7.51,2.2,82.54,96.85
STU_14132,17,Male,High School,6.84,0.12,6.83,1.76,78.92,71.23
STU_14133,23,Female,University,3.48,4.06,6.82,0,78.88,92.55
STU_14134,24,Male,University,4.18,0,7.94,1.04,76.95,74.03
STU_14135,15,Male,High School,6.2,0.21,7.18,0,68.73,76.38
STU_14136,22,Female,University,3.88,1.07,6.85,1.57,70.37,99.71
STU_14137,24,Female,University,5.09,1.89,5.71,2.78,78.27,86.21
STU_14138,24,Female,University,2.84,4.34,6.63,0,60.61,78.41
STU_14139,14,Male,High School,6.43,2.07,8.13,1.18,79.17,82.32
STU_14140,14,Female,High School,4.15,3.43,8.23,1.7,76.29,97.75
STU_14141,21,Male,College,3.49,1.32,6.44,2.88,87.71,97.84
STU_14142,25,Female,University,2.44,2.61,4.91,2.3,76.84,98.05
STU_14143,16,Female,High School,2.84,4.36,6.36,1.91,83.27,83.05
STU_14144,16,Female,High School,1.2,3.64,3.74,0.51,71.8,85.91
STU_14145,19,Male,College,5.56,3.51,6.97,2.02,78.71,85.26
STU_14146,22,Female,University,3,0,6.42,0.23,75.34,99.9
STU_14147,22,Female,University,4.39,1.39,5.52,1.19,71.21,97.31
STU_14148,25,Male,University,7.54,2.73,4.65,2.08,60.82,75.69
STU_14149,14,Male,High School,4.2,2.12,5.98,1.18,66.84,93.02
STU_14150,15,Female,High School,4.11,1.56,5.32,1.12,73.95,98.06
STU_14151,15,Female,High School,4.37,0.94,7.38,1.93,85.32,97.22
STU_14152,18,Male,College,5.23,4.27,3.57,0,70.73,95.9
STU_14153,15,Male,High School,3.33,3.11,7.31,3.39,75.91,97.63
STU_14154,23,Female,University,6.63,4.07,7.02,0,76.24,90.41
STU_14155,17,Male,High School,4.83,6.77,6.89,0,74.78,86.15
STU_14156,16,Female,High School,3.14,0,5.93,0,70.11,77.54
STU_14157,15,Male,High School,3.64,2.97,6.39,2.08,83.91,98.29
STU_14158,20,Female,College,7.36,2.08,5.86,0,72.37,84.96
STU_14159,22,Female,University,2.86,4.62,4.65,1.98,85.72,80.54
STU_14160,15,Female,High School,5.55,4.28,4.9,0.31,58.73,95.37
STU_14161,18,Female,College,5.69,2.24,7.13,1.29,56.31,82.1
STU_14162,25,Male,University,1.81,2.74,5.62,1.23,65.62,97.95
STU_14163,19,Male,College,0.88,4.34,8.67,0,82.93,91.08
STU_14164,19,Male,College,3.69,3.8,7.1,1.3,82.16,81.68
STU_14165,14,Male,High School,6.51,5.79,4.66,0,80.39,96.98
STU_14166,15,Non-binary,High School,0.82,2.99,8.22,2.01,81.29,91.25
STU_14167,24,Female,University,2.32,1.9,6.87,1.11,82.36,85.69
STU_14168,22,Male,University,6.18,0.93,7.96,1.48,78.96,93.8
STU_14169,22,Male,University,1.83,2.87,7.06,0.37,82.79,75.13
STU_14170,16,Male,High School,7.06,0.82,7.23,0.52,55.7,94.31
STU_14171,19,Male,College,11.13,2.71,6.26,1.35,73.09,81.46
STU_14172,14,Female,High School,2.46,5.62,6.2,2.96,88.8,99.72
STU_14173,15,Male,High School,8.18,4.25,5.52,0.3,66.83,95.04
STU_14174,19,Male,College,5.32,0.03,7.21,1.55,80.45,97.92
STU_14175,19,Male,College,2.52,0,7.57,0,83.85,89.81
STU_14176,22,Female,University,8.48,0,7.72,0.17,64.32,58.73
STU_14177,15,Female,High School,5.52,1.43,7.49,0,66.57,97.85
STU_14178,24,Female,University,7.48,1.91,6.72,0.73,74.91,85.26
STU_14179,13,Male,High School,10.36,4.51,3.57,1.28,62.12,90.1
STU_14180,24,Female,University,4.23,3.95,7.53,1.8,57.46,73.81
STU_14181,15,Female,High School,5.88,3.53,6.47,2.7,74.59,76.91
STU_14182,17,Male,High School,1.71,1.41,6.54,0.37,72.29,91.63
STU_14183,19,Male,College,3.34,1.49,6.75,0,72.42,88.56
STU_14184,16,Male,High School,4.3,1.29,3.65,0.46,73.9,79.26
STU_14185,25,Male,University,5.03,5.03,8.04,1,76.65,80.76
STU_14186,25,Male,University,0,1.38,7.79,0,83.41,94.63
STU_14187,23,Female,University,8.37,0,8.39,0,72.2,81.24
STU_14188,23,Male,University,6.09,2.19,9.41,0.64,72,83.85
STU_14189,13,Female,High School,5.79,5.3,2.9,2.61,60.02,91.45
STU_14190,18,Male,College,9.62,2.38,4.99,1.57,72.5,72.6
STU_14191,14,Female,High School,8.55,2.39,5.67,2.72,69.84,95.4
STU_14192,24,Female,University,4.12,0.11,6.95,0,74.57,86.69
STU_14193,15,Non-binary,High School,3.08,3.47,5.56,1.71,55.4,78.08
STU_14194,16,Male,High School,6.06,4.29,7.52,1.09,63.77,96.14
STU_14195,18,Male,College,8.38,2.18,7.68,0,70.73,71.86
STU_14196,18,Female,College,4.13,3.84,4.65,0.21,76.82,76.39
STU_14197,19,Male,College,6.72,0,7.41,0.72,83.59,73.12
STU_14198,17,Female,High School,8.77,5.38,4.19,1.89,56.47,75.24
STU_14199,19,Non-binary,College,6.97,2.7,6.6,0,74.62,78.68
STU_14200,14,Female,High School,0.51,1.25,6.25,1.89,81.35,98.87
STU_14201,13,Male,High School,1.51,1.77,8.27,0.27,79.22,72.69
STU_14202,24,Female,University,8.35,5.66,5.93,2.06,72.15,80.23
STU_14203,22,Non-binary,University,4.77,2.9,6.61,0.55,73.72,80.33
STU_14204,20,Female,College,5.33,3.18,8.24,0.64,67.16,79.44
STU_14205,13,Male,High School,5.92,2.59,5.9,1.11,63.21,94.28
STU_14206,24,Female,University,8.08,1.51,6.75,0,65.03,86.56
STU_14207,14,Non-binary,High School,2.54,0,7.69,0.95,83.7,80.28
STU_14208,23,Female,University,3.47,3.86,6.45,1.8,84.43,77.93
STU_14209,24,Male,University,1.99,1.87,7.83,0.87,76.47,99.32
STU_14210,22,Female,University,0,2.33,8.24,1.06,81.92,97.07
STU_14211,18,Female,College,5.53,4.43,5.5,0,67.85,95.06
STU_14212,13,Male,High School,2.34,3.86,7.16,1.01,69.52,91.8
STU_14213,22,Female,University,6.91,1.71,6.2,1.75,86.31,86.48
STU_14214,15,Female,High School,2.98,3.41,6.9,2.94,76.77,99.43
STU_14215,19,Female,College,1.13,3.83,8.83,0.17,77.66,91.46
STU_14216,24,Female,University,7.14,1.16,5.08,2.74,71.62,88.28
STU_14217,20,Male,College,5.81,1.75,7.93,3.47,70.16,98.73
STU_14218,16,Female,High School,4.09,3.05,6.07,1.16,66.43,76.01
STU_14219,24,Male,University,4.23,3.87,5.97,0.2,79.88,77.36
STU_14220,15,Female,High School,6,3.23,5.79,1.08,75.25,96.1
STU_14221,13,Male,High School,8.75,3.21,5.76,1.11,82.04,81.19
STU_14222,24,Female,University,5.5,1.74,6.6,0.97,78.34,80.66
STU_14223,21,Female,College,5.67,0.86,5.73,0,70.07,62.95
STU_14224,22,Female,University,3.36,3.4,3.96,1.28,80.2,84.9
STU_14225,18,Male,College,3.91,1.27,7.3,1.57,83.33,99.02
STU_14226,18,Female,College,0,1.68,6.98,2.41,70.92,80.8
STU_14227,21,Non-binary,College,2.14,0,5.87,3.59,82.88,98.76
STU_14228,13,Female,High School,1.84,1.45,6.86,0,70.52,99.82
STU_14229,18,Male,College,1.77,1.75,6.93,2.65,81.33,98.96
STU_14230,24,Male,University,3.55,0.74,9.61,0.52,85.43,91.05
STU_14231,17,Female,High School,3.81,0.88,7.55,0.09,75.24,93.63
STU_14232,25,Male,University,1.84,2.66,8.14,2.2,87.59,98.92
STU_14233,23,Female,University,7.65,3.47,6.22,2.27,74.06,80.61
STU_14234,18,Female,College,6,3.49,6.43,1.31,63.28,98.87
STU_14235,23,Non-binary,University,5.02,3.64,6.78,0.65,68.75,96.95
STU_14236,20,Male,College,6.11,4.31,4.66,0.61,73.18,82.2
STU_14237,17,Female,High School,0.2,4.74,6.42,4.15,84.16,99.12
STU_14238,14,Male,High School,0.13,2.2,6.5,1.09,72.69,98.94
STU_14239,24,Male,University,7.55,1.68,5.41,1.78,54.57,96.35
STU_14240,24,Male,University,10.45,3.85,4.08,0.49,35.75,79.34
STU_14241,14,Female,High School,4.64,0,6.01,1.19,64.91,72.09
STU_14242,22,Female,University,10.13,2.33,7,2.2,71.55,71.14
STU_14243,17,Male,High School,4.5,0.98,4.75,3.38,71.94,97.41
STU_14244,15,Male,High School,2.73,1.08,7.69,0.64,55.18,91.31
STU_14245,22,Female,University,6.95,1.53,8.95,0.22,80.81,87.95
STU_14246,15,Female,High School,0,3.77,9.72,1.79,82.15,99.06
STU_14247,20,Female,College,3.03,6.36,6.34,0.69,68.86,79.04
STU_14248,19,Non-binary,College,2.43,3.89,6.98,0,78.18,81.82
STU_14249,13,Female,High School,1.5,0,9.19,0,76.57,97.34
STU_14250,24,Male,University,3.25,2.11,5.79,1.56,72.7,87.69
STU_14251,25,Male,University,5.23,1.34,8.47,1.14,79.36,78.76
STU_14252,24,Female,University,7.78,0.65,6.22,0,79.79,70.45
STU_14253,17,Female,High School,7.1,2.18,8.25,0.66,74.34,96.87
STU_14254,21,Male,College,0.52,1.2,6.35,2.45,68.04,98.07
STU_14255,16,Female,High School,10.22,1.04,6.65,1.62,70.12,81.5
STU_14256,13,Male,High School,7.62,3.74,7.47,0.35,54.79,85.56
STU_14257,20,Female,College,4.6,2.83,6.62,1.78,86.64,99.12
STU_14258,17,Female,High School,7.86,5.43,4.06,0,68.42,72.97
STU_14259,14,Male,High School,2.2,0.3,8.29,2.33,83.39,91.96
STU_14260,24,Male,University,6.61,0,7.33,0.76,85.34,99.31
STU_14261,13,Male,High School,0,1.92,6.43,2.34,82.08,99.2
STU_14262,24,Female,University,3.73,1.61,7.18,1.61,74.32,75.1
STU_14263,24,Female,University,7.91,3.68,5.96,1.76,74.25,86.21
STU_14264,24,Female,University,3.35,3.25,5.71,3.54,80.75,99.44
STU_14265,15,Male,High School,3.46,3.56,5.46,3.4,79.17,99.2
STU_14266,21,Male,College,2.99,0,5.14,0,64.94,85.96
STU_14267,13,Male,High School,4.01,2.03,7.66,0.77,64.97,93.48
STU_14268,16,Male,High School,1.97,0,6.52,3.04,78.81,98.38
STU_14269,20,Male,College,8.45,4.41,6.46,0,42.92,79.56
STU_14270,20,Male,College,1.5,1,8.39,3.82,78.84,98.7
STU_14271,22,Male,University,5.31,2.45,5.46,1.24,62.47,84.03
STU_14272,24,Female,University,6.61,0,6.4,0,72.74,65.47
STU_14273,23,Female,University,2.66,1.03,5.56,1.46,75.67,91.44
STU_14274,25,Male,University,0.86,1.94,8.2,0.64,85.18,88.15
STU_14275,23,Female,University,3.05,2.3,5.03,0.94,81.2,94.37
STU_14276,20,Male,College,3.51,2.66,7.03,1.53,71.87,87.58
STU_14277,22,Female,University,6.8,3.77,5.7,0.21,75.56,81.99
STU_14278,20,Female,College,4.13,4.37,7.46,1.33,78.81,88.87
STU_14279,16,Male,High School,4.51,3.7,6.37,0.4,69.62,90.69
STU_14280,20,Male,College,0.99,2.71,9.46,0.97,83.65,98.42
STU_14281,21,Male,College,4.02,1.36,6.64,0,59.45,62.89
STU_14282,19,Female,College,8.09,2,6.27,0.51,58.42,79.7
STU_14283,24,Female,University,7.24,2.42,7.17,1.85,66.89,76.66
STU_14284,14,Male,High School,3.24,3.12,7.29,1.55,77.2,99.02
STU_14285,21,Male,College,6.58,0.97,5.47,2.52,71.05,99.08
STU_14286,23,Female,University,4.15,2.25,7.02,1.18,75.41,92.36
STU_14287,20,Male,College,5.76,4.07,5.56,1.61,76.74,88.72
STU_14288,25,Male,University,3.76,4.23,8.66,1.98,71.23,97.94
STU_14289,17,Female,High School,2.08,1.75,4.43,1.03,80.17,78.61
STU_14290,24,Male,University,1.96,1.5,8.56,0,82.87,90.68
STU_14291,15,Female,High School,5.82,2.71,6.28,0,74.59,91.58
STU_14292,19,Non-binary,College,0,2.37,5.71,3.98,73.3,94.36
STU_14293,14,Male,High School,7.16,0,4.84,1.73,77.07,84.67
STU_14294,25,Female,University,3.9,5.62,6.52,0.27,73.7,91.82
STU_14295,15,Female,High School,2.89,1.3,5.52,3.69,74.78,99.17
STU_14296,24,Female,University,7,1.65,6.85,0,78.9,82.53
STU_14297,21,Male,College,0,0.24,7,0,88.76,73.24
STU_14298,16,Female,High School,5.66,4.32,6.63,1.45,82.39,90.05
STU_14299,16,Non-binary,High School,8.6,1.25,4.3,0.99,63.7,76.27
STU_14300,15,Female,High School,1.07,3.25,4.1,0.31,84.41,88.43
STU_14301,17,Female,High School,3.36,3.63,4.99,1.28,78.88,96.24
STU_14302,15,Female,High School,5.63,1.35,8.54,0.45,86.07,78.4
STU_14303,21,Female,College,0.57,1.13,8.74,1.6,85.96,98.97
STU_14304,15,Male,High School,5.12,2.96,7.28,0.77,77.13,78.12
STU_14305,14,Female,High School,11.22,0,6.86,2.51,58.8,93.7
STU_14306,24,Female,University,5.32,3.7,6.85,1.89,71.93,65.67
STU_14307,17,Male,High School,5.24,2.04,9.23,2.99,85.5,98.69
STU_14308,18,Male,College,1.49,1.18,6.74,1.89,65.55,90.66
STU_14309,13,Female,High School,7.82,1.51,7.02,0,61.23,95.56
STU_14310,24,Male,University,0,2.08,6.83,0.16,63.07,89.46
STU_14311,23,Male,University,4.41,1.76,7.21,4.18,79.24,99.74
STU_14312,18,Male,College,6.79,5,7.69,0,67.44,86.72
STU_14313,22,Non-binary,University,0,0.43,6.76,1.43,86.76,98.83
STU_14314,15,Male,High School,0,0.79,5.25,0,78.08,98.72
STU_14315,16,Female,High School,0.81,2.54,6.5,2.17,80.18,99.9
STU_14316,18,Male,College,7.93,4.52,3.84,0,43.25,58.13
STU_14317,20,Female,College,2.91,1.82,7.11,1.36,85.01,83.73
STU_14318,21,Female,College,6.74,0.79,6.25,1.39,70.48,90.37
STU_14319,18,Female,College,6.34,2.64,4.41,2.09,67.98,96.96
STU_14320,19,Female,College,0.35,3.71,3.75,1.4,71.39,86.72
STU_14321,17,Female,High School,3.53,3.61,6.64,0,56.58,82.07
STU_14322,24,Female,University,3.93,0.09,10.96,2.39,63.81,99.73
STU_14323,21,Male,College,5.78,3.6,5.97,2.71,65.8,87.73
STU_14324,16,Female,High School,5.07,1.7,5.85,1.91,81.6,78.7
STU_14325,22,Female,University,4.34,0,5.13,2,67.39,92.67
STU_14326,23,Male,University,7.41,4.19,6.83,1.66,78.76,97.31
STU_14327,18,Female,College,7.38,0,5.29,1.28,70.82,71.44
STU_14328,17,Female,High School,0.88,0.04,5.86,1.09,80.76,98.78
STU_14329,13,Male,High School,3.38,4.33,8.01,2.23,67.41,98.66
STU_14330,17,Female,High School,4.58,0,6.05,2.91,63.89,99.14
STU_14331,25,Female,University,4.71,1.34,6.82,0.21,80.02,94.72
STU_14332,17,Male,High School,5.88,0.83,7.31,2.02,66.22,87.47
STU_14333,21,Male,College,5.43,2.11,4.61,1.38,61.46,86.55
STU_14334,13,Non-binary,High School,5.99,1.19,5.5,0,55.74,90.89
STU_14335,17,Female,High School,6.28,0.67,8.75,0.73,67.95,94.7
STU_14336,19,Male,College,3.79,3.29,5.69,0.15,64.22,78.09
STU_14337,23,Female,University,3.66,3.65,5.89,1.85,74.55,96.98
STU_14338,18,Female,College,7.99,0.93,5.74,0.46,36.4,82.7
STU_14339,18,Female,College,3.26,3.15,8.02,0,64.75,68.39
STU_14340,24,Female,University,6.19,6.87,7.66,1.29,74.46,76.88
STU_14341,19,Female,College,2.61,2.46,7.14,0.59,80.94,94.56
STU_14342,18,Female,College,5.34,2.49,6.52,1.05,78.19,93.82
STU_14343,17,Female,High School,5.52,2.35,5.93,2.15,68.76,85.56
STU_14344,22,Non-binary,University,6.12,2.57,7.34,0.87,72.14,73.46
STU_14345,17,Female,High School,8.48,2.4,5.43,0,78.45,74.55
STU_14346,21,Female,College,2,0,7.02,1.46,82.79,98.72
STU_14347,20,Female,College,4.87,3.03,8.58,0.16,73.94,87.12
STU_14348,24,Male,University,6.16,1.31,6.66,0.35,57.9,68.1
STU_14349,22,Female,University,6.16,0.54,7.19,1.18,61.89,76.27
STU_14350,16,Male,High School,3.73,0,6.42,0.94,79.74,78.36
STU_14351,16,Male,High School,5.46,0.44,6.2,2.21,73.56,93.48
STU_14352,22,Female,University,4.45,5.5,4.29,2.07,76.72,88.12
STU_14353,17,Female,High School,6.35,1.39,7.59,2.3,82.34,86.24
STU_14354,25,Female,University,4.3,1.56,6.26,0,72.35,91.98
STU_14355,25,Female,University,4.34,4.19,6.15,0.6,70.54,82.63
STU_14356,15,Male,High School,5.18,4.01,7.87,0,63.36,93.12
STU_14357,20,Non-binary,College,3.25,1.42,8.31,0,64.67,91.06
STU_14358,19,Male,College,2.6,0.68,6.32,1.65,74.72,81.94
STU_14359,17,Female,High School,1.18,5.18,6.33,0.82,74.48,87.93
STU_14360,22,Male,University,4.16,3.39,4.19,2.03,60.04,80.75
STU_14361,15,Female,High School,2.66,1.4,7.62,1.65,88.75,97.85
STU_14362,17,Male,High School,3.76,5.11,7.11,0,66.53,69.59
STU_14363,15,Female,High School,7.6,1.75,5.35,1.01,64.2,99.73
STU_14364,22,Male,University,3.84,1.2,7.22,2.11,77.75,98.04
STU_14365,17,Male,High School,7.64,0.54,7.27,0.68,78.26,64.04
STU_14366,13,Male,High School,5.46,0.1,5.5,2.85,74.03,86
STU_14367,18,Female,College,3.8,2.78,6.41,0,66.42,58.8
STU_14368,22,Non-binary,University,1.95,0,7.47,0.72,79.11,92.64
STU_14369,16,Male,High School,4.22,0.25,7.46,0.33,71.42,66.29
STU_14370,16,Female,High School,3.5,2.39,7.43,1.19,84.04,99.47
STU_14371,20,Female,College,7.46,4.59,5.56,1.44,84.7,88.55
STU_14372,14,Male,High School,9.42,3.57,4.82,1.79,58.13,83.95
STU_14373,16,Male,High School,7.08,4.72,3.96,0.25,63.8,72.91
STU_14374,14,Male,High School,2.65,2.25,6.53,0.55,84.64,69.36
STU_14375,13,Male,High School,4.64,6.17,6.94,1.19,73.62,82.06
STU_14376,22,Male,University,3.93,0,9.13,1.1,87.87,96.27
STU_14377,25,Male,University,3.03,1.13,8.02,1.55,83.6,81.14
STU_14378,25,Male,University,4.27,3.96,6.63,2.16,72.27,88.67
STU_14379,15,Female,High School,4.17,2.76,6.59,0.76,58.71,71.01
STU_14380,24,Female,University,9.09,0.94,5.35,0,59.36,81.55
STU_14381,20,Female,College,5.32,3.01,4.93,0.72,76.46,95.5
STU_14382,18,Female,College,6.56,1.39,7.45,0,70.42,53.83
STU_14383,24,Male,University,7.12,1.66,7.73,3.13,75.32,98.09
STU_14384,19,Male,College,6.39,5.89,4.54,0.67,56.3,72.73
STU_14385,14,Male,High School,7.91,4.31,7.39,0.2,74.07,76.64
STU_14386,18,Female,College,3.57,3.62,6.92,0.68,61.62,85.27
STU_14387,20,Female,College,6.9,3.5,7.11,2.07,68.07,76.57
STU_14388,20,Male,College,9.4,0.48,8.21,2.01,66,87.89
STU_14389,16,Male,High School,2.7,0.76,5.52,1.57,86.64,98.65
STU_14390,18,Female,College,3.65,3.59,5.38,0.88,65.12,90.24
STU_14391,17,Female,High School,3.46,4.2,6.32,0.76,82.11,97.39
STU_14392,21,Male,College,9.89,4.25,4.58,0,47.34,86.83
STU_14393,20,Male,College,1.84,1.65,6.24,2.45,84.81,97.27
STU_14394,14,Female,High School,4.78,0.9,7.79,3.03,76.61,98.67
STU_14395,24,Male,University,5.73,3.26,6.57,0.12,77.78,89.38
STU_14396,25,Female,University,3.13,0,7.35,1.65,81.8,98.05
STU_14397,19,Female,College,2.02,1.65,7.17,2.39,89.04,98.89
STU_14398,19,Female,College,2.45,4.54,6,0.59,70.88,84.34
STU_14399,23,Male,University,3.87,1.47,7.08,1.02,72.66,82.81
STU_14400,24,Male,University,3.16,3.8,6.51,2.1,80.2,97.12
STU_14401,13,Male,High School,8.11,0,7.41,1.39,70.74,84.57
STU_14402,13,Female,High School,3.19,2.11,7.66,2,79.88,91.8
STU_14403,24,Female,University,3.16,0.46,7.56,0,81.06,84.64
STU_14404,16,Non-binary,High School,5.49,0,6.75,1.25,69.53,79.64
STU_14405,17,Female,High School,5.23,1.25,6.13,0.26,80.17,77.23
STU_14406,16,Female,High School,0,2.29,5.9,0.91,77.58,91.33
STU_14407,19,Male,College,2.33,1.85,10.56,2.12,78.28,78.16
STU_14408,15,Male,High School,3.24,2.75,6.74,0,76.36,83.21
STU_14409,19,Male,College,1.97,3.4,7.75,2.33,86.38,87
STU_14410,25,Male,University,6.91,3.15,7.22,0.29,77.98,95.97
STU_14411,20,Female,College,0.76,2.39,7.21,2.97,71.3,97.05
STU_14412,18,Female,College,7.13,3.08,6,0.71,61.2,97.15
STU_14413,18,Male,College,0,0,6.84,4.08,77.76,95.84
STU_14414,20,Female,College,4.7,0.2,4.9,0,73.52,73.22
STU_14415,20,Male,College,8.41,0.5,8.41,0,72.81,87.14
STU_14416,19,Male,College,3.01,2.52,6.22,2.72,66.58,99.03
STU_14417,18,Female,College,4.56,4,5.2,2.56,76.8,92.98
STU_14418,18,Female,College,7.07,5.47,7.71,0,73.61,83
STU_14419,22,Male,University,7,3.24,5.88,0,49.52,75.79
STU_14420,23,Female,University,5.26,0,6.91,0.69,76.39,93.15
STU_14421,25,Male,University,4.05,3.07,6.09,1.48,48.92,71.61
STU_14422,25,Male,University,4.02,3.9,4.74,2.44,74.44,80.26
STU_14423,18,Female,College,1.02,1.55,7.26,1.31,80.51,78.15
STU_14424,20,Male,College,1.94,1.93,7,2.89,80.17,97.44
STU_14425,13,Male,High School,4.59,4.14,5.96,1.92,70.08,87.76
STU_14426,17,Male,High School,5.18,2.22,7.79,1.35,58.21,98.14
STU_14427,15,Male,High School,10.93,2.68,6.48,0,60.94,71.78
STU_14428,24,Male,University,6.45,1.84,8.08,2.5,78.56,99.94
STU_14429,20,Male,College,3.63,4.49,5.35,0,59.17,85.1
STU_14430,23,Male,University,5.78,0,7.38,0,72.91,71.34
STU_14431,18,Female,College,0.09,2.02,9.77,2.49,85.89,98.07
STU_14432,14,Male,High School,4.71,1.63,7.43,1.07,81.57,82.33
STU_14433,25,Male,University,6.21,1.46,7.21,2.33,54.48,92.14
STU_14434,19,Male,College,6.23,0.41,6.62,0.37,65.49,88.71
STU_14435,19,Female,College,4.33,4.88,7.29,3.17,80.31,86.49
STU_14436,25,Male,University,5.92,1.85,5.4,0.43,81.24,71.81
STU_14437,17,Female,High School,3.83,1.2,6.07,1.06,72.93,96.88
STU_14438,20,Male,College,5.49,3.93,5.27,2.55,65.06,90.93
STU_14439,17,Female,High School,2.15,2.49,6.44,1.03,74.04,98.24
STU_14440,13,Male,High School,1.68,0,7.21,1.53,69.24,99.72
STU_14441,21,Male,College,7.66,0,8.21,0,74.63,78.32
STU_14442,16,Female,High School,4.04,2.25,8.07,0,78.56,90.72
STU_14443,25,Female,University,5.61,3.46,5.09,3.66,75.3,87.77
STU_14444,14,Female,High School,2.54,2.33,5.8,0.86,66.89,72.81
STU_14445,16,Male,High School,1.68,0,6.57,2.82,79.51,93.15
STU_14446,25,Male,University,3.14,4.17,5.88,1.12,82.52,88.62
STU_14447,21,Female,College,5.56,1.07,7.94,0.33,74.74,75.68
STU_14448,14,Female,High School,0,6.34,8.83,1.02,79.86,86.18
STU_14449,16,Female,High School,5.02,2.2,5.08,0,73.01,73.86
STU_14450,14,Female,High School,6.2,3.39,6.56,0.2,69.4,93.15
STU_14451,17,Male,High School,2.29,4.51,6.38,3.05,75.8,94.81
STU_14452,15,Male,High School,5.1,2.99,4.02,3.4,81.58,99.46
STU_14453,22,Female,University,4.91,2.39,5.7,2.12,73.17,88.23
STU_14454,14,Female,High School,2.33,3.82,6.62,2.15,69.68,97.06
STU_14455,21,Female,College,4.13,1.96,5.34,0.69,57.14,77.68
STU_14456,17,Female,High School,4.46,2.85,5.94,0.05,63.33,91.42
STU_14457,22,Female,University,2.32,2.16,7.8,1.59,70.86,97.11
STU_14458,17,Female,High School,3.63,2.57,6.85,0.56,72.12,88.09
STU_14459,13,Female,High School,4.44,4,7.49,1.29,51.35,95.54
STU_14460,18,Female,College,5.22,0.32,5.36,1.6,67.37,93.42
STU_14461,25,Male,University,9.22,1.67,4.35,0,70.5,64.53
STU_14462,19,Female,College,2.08,1.59,7.64,2.14,85.55,99.39
STU_14463,13,Female,High School,7.88,4.27,6.81,0,66.86,76.7
STU_14464,21,Male,College,2.26,2.26,4.38,2.36,85.88,76.01
STU_14465,20,Female,College,4.49,0.83,6.13,1.11,68.03,88.17
STU_14466,24,Male,University,6.8,0,8.01,0,58.5,86.75
STU_14467,20,Female,College,5.6,4.55,6.21,0.19,72.68,98.12
STU_14468,19,Female,College,0,2.47,5.86,1.34,79.72,80.59
STU_14469,17,Female,High School,7.21,2.15,4.35,1.71,64,79.11
STU_14470,15,Female,High School,5.31,2.34,7.11,1.18,74.16,91.42
STU_14471,24,Male,University,3.11,4.51,7,2.22,75.56,89.08
STU_14472,21,Male,College,4.17,3.28,8.7,0.36,74.55,79.66
STU_14473,19,Female,College,5.57,0,4.97,0.9,62.57,89.68
STU_14474,23,Male,University,5.97,3.56,5.18,1.69,78.57,88.48
STU_14475,22,Female,University,5.87,0,7.72,2.32,72.51,98.36
STU_14476,22,Male,University,2.71,3.79,5.9,0,65.92,86.21
STU_14477,20,Female,College,4.47,1.67,4.47,0,77.84,58.76
STU_14478,18,Male,College,2.39,3.82,6.74,0.71,51.89,92.83
STU_14479,24,Female,University,6.42,3.95,5.1,0.13,70.86,68.3
STU_14480,23,Female,University,3.89,1.37,7.87,2.1,86.53,88.17
STU_14481,17,Male,High School,5.59,2.47,5.8,0,65.49,82.6
STU_14482,20,Female,College,3.22,2.91,7.29,3.11,80.6,85.11
STU_14483,15,Female,High School,4.71,1.2,7.66,1.38,62.17,92.41
STU_14484,24,Female,University,4.02,1.18,7.06,1.04,86.55,93.39
STU_14485,25,Male,University,1.47,3.31,10.55,0.63,81.83,99.03
STU_14486,25,Female,University,7.23,4.8,6.25,0,65.65,96.73
STU_14487,19,Male,College,6.17,0.4,8.59,0.3,72.78,85.5
STU_14488,14,Male,High School,1.33,3.42,5.84,1.59,67.27,96.08
STU_14489,15,Female,High School,2.45,2.07,6.96,1.62,58.78,93.19
STU_14490,25,Male,University,3.01,3.72,8.05,0.29,77.01,80.29
STU_14491,24,Female,University,7.79,3.33,5.9,2.92,80.48,82.15
STU_14492,14,Female,High School,6.67,3.06,6.68,2.78,72.1,98.29
STU_14493,17,Female,High School,5.04,0,8.28,2.49,81.9,85.27
STU_14494,19,Male,College,0.55,5.87,7.22,1.84,84.37,97.3
STU_14495,23,Female,University,5.64,2.32,4.66,0,63.77,65.47
STU_14496,22,Female,University,4.92,2,6.72,0.49,74.14,88.85
STU_14497,23,Female,University,3.64,3.73,7.42,1.38,80.77,85.48
STU_14498,23,Female,University,7.8,0,6.71,1.99,83.02,89.33
STU_14499,23,Male,University,4,3.91,5.88,0.46,71.35,80.22
STU_14500,22,Female,University,7.45,4.26,4.66,1.58,70.1,72.13
STU_14501,25,Female,University,3.58,0.29,6.11,0,76.9,88.46
STU_14502,13,Female,High School,2.36,3.25,7.7,1.19,70.18,97.78
STU_14503,25,Female,University,1.39,2.37,7.22,1.26,76.91,93.7
STU_14504,22,Male,University,4.3,3.19,6.54,0.05,74.87,83.85
STU_14505,21,Male,College,4.61,0,7.27,1.98,81.16,99.46
STU_14506,13,Female,High School,2.11,4.75,6.49,1.52,65.98,93.51
STU_14507,13,Female,High School,2.23,3.76,8.01,1.16,67.2,98.51
STU_14508,24,Male,University,7.44,0.62,5.01,0.32,58.02,88.96
STU_14509,22,Female,University,6.36,1.6,7.27,0,63.14,98.54
STU_14510,20,Female,College,8.81,4.21,6.98,2,70.15,90.27
STU_14511,18,Male,College,0.46,3.16,9.63,0,78.69,96.25
STU_14512,18,Non-binary,College,8.77,1.33,6.65,1.44,76.65,86.49
STU_14513,24,Male,University,2.53,2.89,5.15,0,58.67,97.05
STU_14514,21,Female,College,1.21,1.79,10.64,2.35,89.28,98.63
STU_14515,16,Female,High School,5.13,0.32,8.77,1.65,71.77,74.42
STU_14516,20,Male,College,0,2.08,9.48,0.87,82.2,88.94
STU_14517,16,Female,High School,7.21,3.36,5.58,2.03,69.7,82.44
STU_14518,14,Male,High School,4.93,1.31,6.91,1.62,73.49,97.35
STU_14519,23,Male,University,2.74,3.44,6.76,0.87,63.59,87.77
STU_14520,20,Female,College,7.01,4.16,5.66,2.01,69.4,99.48
STU_14521,24,Female,University,4.16,3.84,5.39,1.08,84.81,69.46
STU_14522,19,Non-binary,College,4.59,3.35,7.64,0,76.71,79.77
STU_14523,16,Male,High School,6.07,0.31,8.23,2.58,65.27,90.84
STU_14524,21,Male,College,2.92,2.03,8.35,0,58.59,75.95
STU_14525,21,Male,College,1.86,2.86,6.14,1.78,77.08,99.5
STU_14526,20,Female,College,4.17,2.41,5.86,2.47,67.24,99.9
STU_14527,13,Female,High School,1.12,3.92,7.94,0.95,72.59,94.37
STU_14528,19,Non-binary,College,3.42,2.33,7.95,0.29,80.51,96.93
STU_14529,17,Female,High School,2,4.38,7.24,1.36,81.55,88.81
STU_14530,19,Female,College,3.72,4.1,5.99,0,56.64,88.85
STU_14531,24,Non-binary,University,2.26,1.62,8.44,3.27,84.14,99.28
STU_14532,21,Male,College,3.65,0.41,8.55,0.72,80.73,90.85
STU_14533,14,Male,High School,7.07,4.03,6.96,0.58,80.25,77.75
STU_14534,25,Male,University,2.64,4.78,5.98,2.41,77.66,97.54
STU_14535,23,Male,University,5.46,1.89,5.64,2.38,72.71,97.66
STU_14536,16,Female,High School,0,3.27,8.87,1.67,80.88,98.27
STU_14537,16,Male,High School,3.68,4.19,6.14,0,74.54,82.24
STU_14538,14,Male,High School,2.44,0,6.8,1.78,74.81,83.81
STU_14539,15,Male,High School,4.64,5.24,6.84,1.64,76.93,96.54
STU_14540,23,Male,University,3.12,1.87,6.38,1.36,65,83.65
STU_14541,25,Male,University,6.66,5.34,7.12,1.7,85.02,98.52
STU_14542,20,Male,College,3.61,3.87,6.71,1.64,80.8,72.9
STU_14543,24,Male,University,7.31,3.12,5.49,0,72.96,68.27
STU_14544,21,Male,College,0,5.55,7.12,0.31,78.08,90.92
STU_14545,18,Female,College,4.6,3.11,5.55,1.29,71.15,99.74
STU_14546,22,Male,University,4.84,4.78,5.64,0.92,63.32,87.35
STU_14547,14,Female,High School,2.16,3.89,6.29,1.29,87.04,82.08
STU_14548,14,Female,High School,4.5,1.69,7.91,0.87,77.07,96.53
STU_14549,19,Male,College,5.71,0.63,7.37,0.78,67.43,83.34
STU_14550,20,Female,College,7.22,4.98,4.45,0.08,48.88,97.26
STU_14551,20,Male,College,3.79,2.73,6.38,0.73,72.9,76.13
STU_14552,18,Male,College,3.4,3.7,5.42,1.64,79.38,85.64
STU_14553,22,Female,University,3,3.33,5.92,0,80.72,80.68
STU_14554,20,Female,College,4.62,3.42,6.01,0.2,61.08,90.06
STU_14555,13,Female,High School,2.16,3.85,7.27,0.88,53.73,99.24
STU_14556,21,Female,College,6.38,2.41,6.77,0.93,73.15,98.03
STU_14557,25,Male,University,0.44,5.19,5.37,1.8,76.1,98.3
STU_14558,24,Male,University,4.34,4.7,4.91,3.56,76.73,98.39
STU_14559,13,Female,High School,1.05,1.71,6.69,0.85,75.37,93.88
STU_14560,25,Female,University,4.38,1.69,7.12,2.48,84.68,97.31
STU_14561,15,Male,High School,6.52,0.56,6.51,0,70.22,89.19
STU_14562,24,Female,University,4.96,5.86,3.91,4.83,67.98,90.39
STU_14563,21,Male,College,2.99,1.96,7.57,1.97,85.89,94.19
STU_14564,23,Female,University,6.29,3.45,4.32,0,73.66,85.17
STU_14565,17,Non-binary,High School,0,1.73,8.04,0.82,76.96,84.32
STU_14566,21,Female,College,4.33,3.24,7.49,0.53,56.55,94.94
STU_14567,21,Female,College,2.42,3.97,9.14,0,77.99,88.75
STU_14568,18,Male,College,5.74,4.69,6.88,1.52,86.89,93.86
STU_14569,23,Male,University,0,4.32,9.7,1.41,85.2,98.03
STU_14570,13,Male,High School,3.34,0,9.39,1.71,74.52,87.4
STU_14571,22,Female,University,2.89,3.84,6.65,1.3,71.76,97.2
STU_14572,19,Female,College,6.76,5.91,5.74,0,64.37,69.05
STU_14573,18,Female,College,2.52,1.96,9.42,3.71,75.74,98.93
STU_14574,21,Male,College,3.95,4.8,7.99,0,66.52,87.14
STU_14575,19,Female,College,4.68,0.76,9.03,0,72.58,90.06
STU_14576,24,Female,University,4.44,3.51,6.57,2.72,80.59,97.05
STU_14577,23,Female,University,4.39,2.54,5.41,0.77,77.52,75.88
STU_14578,24,Male,University,4.65,0,6.37,0,50.38,86.09
STU_14579,25,Female,University,4.5,1.54,6.75,0,69.84,81.3
STU_14580,16,Male,High School,10.44,4.37,4.94,1.23,52.15,88.31
STU_14581,19,Female,College,0.02,3.51,5.23,0,72.29,83.32
STU_14582,14,Female,High School,2.52,2.37,6.86,0.13,70.45,84.91
STU_14583,18,Male,College,4.38,3.95,6.94,1.63,81.01,96.57
STU_14584,18,Male,College,7.28,0,4.71,0,61.21,87.25
STU_14585,14,Male,High School,6.88,2.15,6.84,0,62.04,87.76
STU_14586,16,Male,High School,7.09,0.93,5.96,3.25,63.85,81.21
STU_14587,20,Female,College,4.41,0,7.44,0.88,54.86,96.91
STU_14588,20,Male,College,7.6,4.1,8.08,0.99,73.71,95.72
STU_14589,25,Male,University,3,3.33,5.33,0.5,55.06,61.79
STU_14590,20,Female,College,6.79,1.98,4.08,1.9,71.24,95.61
STU_14591,20,Female,College,4.97,1.61,7,3.1,78.14,98.4
STU_14592,13,Male,High School,5.02,0,6.35,0.84,69.33,98.31
STU_14593,14,Female,High School,1.2,2.22,7.77,1.72,69.28,99.26
STU_14594,24,Female,University,0.07,3.61,6.31,1.13,68.34,98.94
STU_14595,16,Male,High School,3.77,1.45,7.73,0,51.3,85.13
STU_14596,24,Female,University,4.27,4.62,5.44,0.75,78.13,89.98
STU_14597,21,Female,College,1.7,0,7.16,1.83,85.93,86.79
STU_14598,15,Male,High School,6.81,0,7.08,1.7,83.01,76.72
STU_14599,18,Female,College,2.44,2.63,6.83,2.15,84.65,99.24
STU_14600,19,Female,College,5.94,3.67,7.52,0,63.65,75.31
STU_14601,20,Female,College,3.76,3.43,8.09,0,75.43,82.27
STU_14602,25,Female,University,6.45,0.14,7.39,1.18,71.23,87.42
STU_14603,19,Female,College,1.51,2.1,7.93,1.6,74.69,99.03
STU_14604,15,Female,High School,0.49,3.04,7.19,0.74,85.72,88.4
STU_14605,18,Female,College,5.85,3.98,4.9,0,63.41,77.85
STU_14606,17,Male,High School,6.63,0,7.98,0.92,83.77,87.36
STU_14607,25,Male,University,5.29,2.46,3.86,2.17,76.97,99.45
STU_14608,24,Male,University,2.29,3.05,4.09,2.07,62.75,86.03
STU_14609,22,Male,University,6.19,0.61,6.56,2.34,73.32,92
STU_14610,16,Male,High School,5.92,2.94,5.61,2.05,68.35,76.48
STU_14611,13,Female,High School,1.65,1.12,7.17,0.28,76.86,99.77
STU_14612,25,Female,University,5.62,3.77,5.38,1.69,63.55,84.56
STU_14613,19,Female,College,4.86,4.68,6.96,1.68,83.09,86.1
STU_14614,20,Female,College,4.76,0.71,6.15,2.53,71.42,91.37
STU_14615,14,Non-binary,High School,1.04,0.72,7.05,3.35,81.99,97.11
STU_14616,19,Non-binary,College,6.56,4.59,5.59,0,48.8,68.73
STU_14617,18,Female,College,3.14,3.19,8.74,0.31,72.62,73.21
STU_14618,17,Male,High School,2.88,3.32,4.92,0.86,61.04,99.93
STU_14619,25,Male,University,5.64,0.41,8.39,1.67,74.71,91.24
STU_14620,16,Female,High School,3.95,3.25,5.34,0,50.59,79.39
STU_14621,14,Male,High School,0.91,2.61,5.5,0,83.63,91.7
STU_14622,22,Female,University,8.13,4.05,4.95,4.88,85.26,96.66
STU_14623,18,Male,College,5.07,3.68,5.79,0.53,77.26,80.56
STU_14624,17,Male,High School,4.45,2.16,7.21,0.88,71.61,86.57
STU_14625,14,Male,High School,4.42,1.3,5.29,2.43,71.65,95.22
STU_14626,22,Female,University,4.54,3.88,5.54,0,68.64,89.74
STU_14627,19,Female,College,4.74,3.32,7.92,0,76.17,80.73
STU_14628,18,Female,College,7.35,0,6.23,1.86,69.11,87.69
STU_14629,24,Male,University,8.45,0.96,4.84,1.78,63.06,93.23
STU_14630,23,Female,University,3.78,4.06,8.18,0.37,76.82,99.02
STU_14631,21,Female,College,6.19,0,5.88,1.22,66.41,88.23
STU_14632,23,Female,University,6.07,0.83,5.07,2.78,73.98,98.05
STU_14633,22,Male,University,6.22,4.43,4.41,0.89,81.99,72.78
STU_14634,17,Male,High School,7.68,0.85,6.37,0.3,65.41,76.48
STU_14635,21,Male,College,6.63,0,7.53,0,74.9,84.12
STU_14636,21,Female,College,5.54,1.16,4.97,3.37,81.73,80.99
STU_14637,25,Male,University,2.91,1.22,6.53,0.01,63.52,79.52
STU_14638,13,Male,High School,5.26,1.5,8.64,2,83.15,96.84
STU_14639,17,Male,High School,1.89,1.89,6.74,0.27,81.09,94.39
STU_14640,21,Female,College,5.65,3.23,6.86,0.07,69.67,77.96
STU_14641,19,Female,College,5.3,4.92,6.1,2.22,79.26,73.52
STU_14642,18,Female,College,0.92,0.38,8.84,1.46,79.67,94.85
STU_14643,18,Female,College,3.33,0.65,7.87,0.42,80.01,93.43
STU_14644,23,Male,University,2.65,4.1,7.3,1.01,80.97,69.55
STU_14645,19,Male,College,6.26,5.34,5.09,2.66,63.94,92.02
STU_14646,13,Male,High School,3.76,0,10.09,1.28,81.92,97.51
STU_14647,16,Male,High School,0.94,2.77,5.54,2.31,85.67,97.99
STU_14648,25,Female,University,5.61,3.43,6.72,1.19,71.05,80.88
STU_14649,13,Female,High School,5.02,2.29,6.85,0.13,76.21,83.75
STU_14650,18,Female,College,4.81,0,6.9,2.51,70.03,85.12
STU_14651,25,Male,University,1.74,5.35,8.28,2.54,77.17,99.9
STU_14652,16,Male,High School,5.97,0,5.65,3.45,85.01,98.45
STU_14653,13,Male,High School,4.22,0,7.17,0.95,83.41,94.67
STU_14654,21,Female,College,4.07,3.07,5.88,2.16,76.02,96.61
STU_14655,24,Male,University,1.36,1.83,7.82,1.67,73.71,99.37
STU_14656,16,Male,High School,1.45,3.97,6.54,1.34,83.3,88.68
STU_14657,24,Female,University,14,0,4.8,2.07,62.74,91.09
STU_14658,18,Non-binary,College,1.62,2.88,6.26,2.2,75.64,94.35
STU_14659,25,Male,University,0,5.81,4.43,1.61,76.32,99.28
STU_14660,19,Male,College,3.54,1.31,6.72,1.53,84.52,85.83
STU_14661,20,Male,College,4.02,3.8,5.3,0,73.73,98.6
STU_14662,24,Female,University,2.21,3.59,4.55,1.81,86.88,98.35
STU_14663,25,Male,University,2.45,2.07,7.11,2.09,73.73,98.32
STU_14664,23,Female,University,4.2,5.56,4.66,0.73,68.22,72.74
STU_14665,21,Female,College,5.41,2.55,8.45,2.42,75.88,90.08
STU_14666,21,Male,College,1,1.51,5.99,1.45,77.56,98.39
STU_14667,20,Male,College,3.51,2.63,7.88,1.22,84.22,98.36
STU_14668,22,Male,University,4.5,0,8.56,0.71,83.44,88.68
STU_14669,23,Male,University,3.9,0,7.62,0,85.16,80.32
STU_14670,24,Male,University,2.78,2.37,5.28,0.13,58.15,70.82
STU_14671,24,Female,University,1.94,3.48,9.25,1.51,84.93,90.53
STU_14672,15,Female,High School,8.82,0.5,7.22,0.98,82.34,91.73
STU_14673,24,Male,University,0,0,8.44,1.3,81.01,98.77
STU_14674,14,Female,High School,7.06,1.34,5.33,2.04,66.77,89.16
STU_14675,17,Male,High School,1.64,2.15,6.66,1.28,80.75,77.24
STU_14676,13,Female,High School,5.1,5.98,4.36,1.31,61.55,89.88
STU_14677,15,Female,High School,4.7,3.31,4.88,2.05,73.16,95.83
STU_14678,13,Female,High School,1.9,3.62,8.55,1.71,73.53,98.46
STU_14679,25,Male,University,4.02,5.46,7.23,0,78.87,73.8
STU_14680,15,Female,High School,3.51,6.06,5.58,3.44,73.83,97.25
STU_14681,25,Female,University,4.57,4.04,6.29,0,84.39,73.61
STU_14682,16,Male,High School,7.7,4.07,7.57,0.44,38.82,89.62
STU_14683,19,Female,College,8.06,1.19,7.45,2.62,78.98,79.17
STU_14684,24,Female,University,2.58,1.95,5.69,1.18,85.13,82.63
STU_14685,24,Male,University,5.36,1.21,5.76,0,75.7,93.36
STU_14686,17,Male,High School,7.05,3.77,6.18,0.78,72.05,96.25
STU_14687,17,Female,High School,3.42,3.42,7.66,1.61,80.16,96.31
STU_14688,25,Male,University,6,4.77,4.79,0.1,73.44,86.19
STU_14689,13,Male,High School,10.45,4.25,3.98,1.87,53.64,88.28
STU_14690,20,Male,College,1.65,1.79,6.38,4.84,84.06,97.88
STU_14691,25,Male,University,5.7,3.3,4.43,1.46,72.64,89.17
STU_14692,16,Male,High School,1.98,5.89,6.8,2.91,74.48,86.61
STU_14693,22,Male,University,2.94,2.28,4.89,2.33,70.48,97.37
STU_14694,17,Male,High School,3.31,2.7,8.84,0,76.23,88.22
STU_14695,14,Female,High School,5.61,2.06,5.04,0,76.01,77.89
STU_14696,24,Male,University,9.57,2.85,3.98,1.3,45.32,79.3
STU_14697,25,Male,University,3.01,3.01,8.19,0.92,70.89,98.71
STU_14698,13,Male,High School,7.02,4.27,6.34,0,57.36,76.69
STU_14699,21,Male,College,2.25,1.52,6.12,2.14,71.41,98.1
STU_14700,14,Male,High School,3.4,2.98,7.08,2.7,81.93,97.13
STU_14701,18,Male,College,7.78,0.28,8.09,0.64,82.95,78.23
STU_14702,13,Female,High School,6.89,0.41,6.87,0,63.74,73.71
STU_14703,13,Male,High School,3.47,4.28,7.74,0.32,67.22,97.65
STU_14704,21,Male,College,2.99,0,5.29,0,69.11,73.73
STU_14705,16,Female,High School,5.67,3.45,6.84,0.83,66.23,97.53
STU_14706,21,Female,College,2.86,0.95,6.67,1.63,75.66,97.52
STU_14707,23,Female,University,3.3,0.2,7.3,1.63,72.85,85.41
STU_14708,17,Female,High School,3.5,3.3,6.42,0,55.11,63.19
STU_14709,19,Male,College,4.05,6.7,4.65,0,70.15,74.8
STU_14710,13,Non-binary,High School,3.04,3.32,6.98,0.59,76.36,54.87
STU_14711,18,Female,College,0.41,1.76,8.38,3.9,81.26,97.49
STU_14712,20,Male,College,8.38,1.32,5.5,0.52,70.94,68.59
STU_14713,13,Female,High School,6.55,0.91,7.89,2.54,85.76,97.27
STU_14714,21,Female,College,4.28,2.11,6.42,3.41,73.01,97.25
STU_14715,15,Female,High School,2.65,4.08,8.46,0.57,85.83,98.08
STU_14716,13,Female,High School,7.51,2.71,6.11,0,57.88,65.46
STU_14717,13,Female,High School,5.67,2.17,7.09,1.92,58.1,86.67
STU_14718,25,Male,University,2.88,0,6.66,1.73,82.24,90.52
STU_14719,23,Male,University,5.77,0.17,6.84,1.16,84.34,97.41
STU_14720,18,Male,College,4.7,0.59,6.64,0.99,70.29,95.33
STU_14721,23,Male,University,4.84,1.86,5.21,1.9,74.6,76.44
STU_14722,18,Non-binary,College,6.65,2.33,6.91,1.93,51.02,98.76
STU_14723,13,Male,High School,5.75,5.53,6.31,3.93,81.03,84.54
STU_14724,15,Female,High School,6.63,2.9,8.04,0,69.98,92.28
STU_14725,19,Male,College,9.08,1.78,5.07,2.69,72.15,93.41
STU_14726,22,Male,University,5.96,4,3.26,0,70.2,70.06
STU_14727,15,Female,High School,10.14,4.12,7.25,0.49,53.85,90.45
STU_14728,15,Male,High School,7.49,2.72,5.18,3.79,71.47,99.9
STU_14729,15,Non-binary,High School,3.89,2.2,6.8,3.54,84.66,97.42
STU_14730,24,Male,University,0.72,5.04,4.84,2.26,67.03,95
STU_14731,19,Male,College,7.51,2.88,5.38,2.02,69.35,82.12
STU_14732,16,Male,High School,1.27,0.3,7.79,0.21,83.9,92.66
STU_14733,16,Male,High School,4.89,1.87,5.44,0.94,75.44,64.13
STU_14734,15,Male,High School,6.31,3.2,5.41,1.94,83.71,66.05
STU_14735,22,Female,University,1.82,1.79,4.79,1.17,85.41,97.88
STU_14736,23,Female,University,2.93,3.48,8.56,2.23,87.97,99.34
STU_14737,21,Male,College,1.84,0,5.88,1.92,67.61,98.48
STU_14738,14,Male,High School,9.66,4.07,3.98,2.82,46.86,98.89
STU_14739,16,Female,High School,6.34,1.79,3.4,2,52.23,89.12
STU_14740,20,Male,College,2.69,1.48,5.84,2.53,77.21,78.72
STU_14741,18,Male,College,0.65,3.99,8.24,1.34,78.49,89.88
STU_14742,19,Female,College,2.32,2.4,8.24,1.49,74.46,98.93
STU_14743,25,Female,University,2.93,1.46,6.42,1.2,79.05,96.76
STU_14744,19,Female,College,3.11,2.24,5.1,3.04,84.74,82.7
STU_14745,14,Female,High School,6.48,2.24,5.83,0.34,70.06,72.8
STU_14746,16,Male,High School,0.97,1.58,6.85,1.45,83.73,98.12
STU_14747,22,Male,University,7.22,3.09,6.8,0,74.17,78.63
STU_14748,22,Male,University,0,2.36,7.39,1.16,79.75,98.85
STU_14749,18,Female,College,4.31,3.99,8.22,0,70.86,94.18
STU_14750,15,Male,High School,2.76,0,5.82,1.43,80.43,82.52
STU_14751,21,Female,College,6.99,2.6,4.62,0,60.73,66.75
STU_14752,25,Female,University,8.1,4.91,5.56,1.91,67.36,97.35
STU_14753,16,Female,High School,6.52,1.55,6.25,0.2,65.28,85.4
STU_14754,22,Male,University,5.61,2.11,7.42,0.27,83.49,88.71
STU_14755,25,Male,University,3.83,4.95,6.41,1.67,70.21,96.08
STU_14756,14,Male,High School,7.85,0,6.05,0,50.7,96.68
STU_14757,18,Male,College,2,5.33,8.28,1.06,70.97,98.63
STU_14758,13,Male,High School,5.62,3.45,4.45,2.12,63.57,90.85
STU_14759,18,Female,College,7.21,2.5,8.86,0.28,80.48,84.13
STU_14760,25,Female,University,6.79,4.22,6.41,1.7,80.29,80.17
STU_14761,24,Female,University,5.82,1.98,4.13,1.29,78.15,91.18
STU_14762,22,Female,University,5.75,0.59,6.24,3.1,65.11,90.13
STU_14763,13,Male,High School,6.73,1.88,3.53,2.22,63.31,83.43
STU_14764,20,Male,College,4.17,1.83,5.74,3.43,76.48,99.21
STU_14765,17,Male,High School,8.07,1.72,5.34,0,52.06,89.86
STU_14766,18,Male,College,9.51,2.94,8.44,1.11,81.81,86.11
STU_14767,14,Female,High School,0,2.63,7.04,2.2,85.73,96.18
STU_14768,14,Non-binary,High School,3.52,2.88,6.57,0,65.03,72.04
STU_14769,24,Male,University,1.71,5.1,5.37,1.03,80.08,76.93
STU_14770,21,Male,College,2.87,1.98,9.42,4.12,86.33,98.36
STU_14771,15,Male,High School,4.81,5.03,6.78,1.99,69.45,96.09
STU_14772,18,Male,College,5.68,4.8,5.09,2.29,57.88,84.12
STU_14773,22,Female,University,4.09,0,5.94,1.38,75.36,80.34
STU_14774,17,Female,High School,6.09,0.37,5.13,0.43,71.91,79.88
STU_14775,24,Female,University,2.66,0.24,7.19,0.57,80.83,78.3
STU_14776,16,Female,High School,3.49,5.35,5.49,0,68.85,85.65
STU_14777,22,Male,University,6.11,2.42,5.69,0,48.87,77.02
STU_14778,14,Female,High School,3.67,1.74,8.13,1.56,76.52,94
STU_14779,20,Female,College,1.28,0.19,6.23,3.87,86.88,77.9
STU_14780,22,Male,University,10.08,4.34,5.58,0,50.21,75.68
STU_14781,19,Male,College,6.85,1.84,5.55,1.08,59.67,91.42
STU_14782,23,Female,University,4.91,0,6.76,0.31,84.19,91.14
STU_14783,14,Male,High School,6.73,5.56,5.75,2.04,74.65,99.13
STU_14784,18,Female,College,5.54,2.44,5.98,0,77.91,67.12
STU_14785,20,Male,College,0.53,4.69,8.37,0,81.91,90.77
STU_14786,19,Female,College,4.88,2.5,7.75,0.84,79,96.51
STU_14787,13,Female,High School,2.69,1.58,4.88,3.21,79.63,71.75
STU_14788,17,Female,High School,4.78,2.47,3.39,0,80.87,78.54
STU_14789,14,Female,High School,5.51,3.28,7.8,0.86,79.96,79.02
STU_14790,18,Female,College,6.88,1.21,6.18,0,66.23,70.84
STU_14791,19,Female,College,2.04,0,7.24,0,73.71,79.54
STU_14792,19,Male,College,2.13,0,8.83,1.59,79.71,82.44
STU_14793,15,Male,High School,3.31,2.6,5.65,1.18,79.19,81.52
STU_14794,19,Male,College,8.16,3.16,6.05,0,69.31,78.42
STU_14795,17,Male,High School,3.59,2.19,6.75,0,57.49,80.94
STU_14796,20,Female,College,5.84,0.72,7.89,0,77.21,87.47
STU_14797,24,Female,University,4.36,1.56,6.73,0,72.61,98.65
STU_14798,20,Male,College,3.51,2.62,6.29,0,76.12,96.38
STU_14799,19,Male,College,4.84,3.06,5.72,3.22,63.48,96.43
STU_14800,18,Male,College,6.48,2.34,6.78,0.29,76.31,79.65
STU_14801,14,Male,High School,6.18,1.26,5.95,0,77.22,72.35
STU_14802,18,Male,College,1.48,4.93,4.69,3.44,80.74,97.99
STU_14803,25,Female,University,5.34,0.89,6.72,0.3,62.55,86.61
STU_14804,24,Female,University,8.58,0.73,2.95,1.03,77.62,85.67
STU_14805,23,Female,University,5.26,1.87,7.9,0.69,70.53,88.71
STU_14806,21,Male,College,7.33,4.62,4.68,2.72,75.29,78.44
STU_14807,14,Male,High School,8.85,3.7,6.33,0.52,65.88,67.84
STU_14808,13,Female,High School,4.91,2.4,7.52,0.21,69.7,78.95
STU_14809,23,Male,University,4.35,0.6,7.78,0.34,83.38,87.06
STU_14810,25,Male,University,5.57,0.92,8.72,1.5,82.58,99.25
STU_14811,17,Male,High School,7.72,2,5.63,1.58,66.62,86.68
STU_14812,23,Female,University,4.1,1.72,7.27,2.23,60.81,94.81
STU_14813,18,Female,College,1.63,1.61,7.12,0.67,80.15,97.91
STU_14814,15,Female,High School,5.4,5.01,6.18,0,56.43,73.17
STU_14815,20,Male,College,6.82,8.04,5.85,0.68,57.54,87.45
STU_14816,19,Female,College,5.5,1.13,5.49,1.57,63.18,82.06
STU_14817,14,Female,High School,5.6,3.69,7.06,2.59,72.66,75.12
STU_14818,24,Male,University,4.4,4.13,5.92,0.84,79.52,84
STU_14819,19,Non-binary,College,3.91,1.56,8.17,2.33,77.69,94.72
STU_14820,13,Female,High School,7.68,1.09,6.27,0,68.86,78.28
STU_14821,21,Female,College,0.04,0.84,7.64,1.46,82.16,99.11
STU_14822,25,Female,University,4.73,3.51,7.18,0,67.08,97.22
STU_14823,19,Male,College,2.04,3.52,6.34,0.99,61.21,90.31
STU_14824,18,Female,College,4.42,4.47,4.29,2.48,77.19,98.89
STU_14825,25,Male,University,5.16,6.34,7.82,2.06,68.53,99.87
STU_14826,14,Female,High School,5.76,3.47,7.8,0,72.05,76.86
STU_14827,15,Female,High School,4.85,2.7,6.27,0.38,75.08,93.29
STU_14828,13,Female,High School,7.98,0.84,5.55,0,66.15,83.98
STU_14829,22,Male,University,4.76,3.9,3.93,0.67,75.06,70.63
STU_14830,25,Female,University,1.85,0,7.71,2.4,82.65,85.23
STU_14831,17,Male,High School,7.09,1.77,4.77,0,67.05,81.2
STU_14832,21,Male,College,5.34,0,7.06,2.11,86.67,92.01
STU_14833,25,Female,University,2.1,1.91,6.89,0,82.2,96.62
STU_14834,18,Male,College,6.33,3.95,5.86,0,64.86,79.87
STU_14835,17,Male,High School,3.1,5.64,6.2,0,82.16,50.1
STU_14836,24,Male,University,6.84,0,6.51,0.46,70.85,87.51
STU_14837,15,Male,High School,1.35,4.73,4.92,0.31,84.93,83.3
STU_14838,17,Male,High School,4.19,2,8.13,2.69,77.14,79.58
STU_14839,20,Female,College,5.58,2.45,5.74,1.38,73.77,93.07
STU_14840,24,Female,University,1.83,4.05,6.44,0.12,78.41,69.83
STU_14841,14,Male,High School,5.81,2.25,5.08,1.02,75.81,88.14
STU_14842,17,Male,High School,7.08,1.14,6.79,0.2,75.45,78.45
STU_14843,18,Male,College,3.99,1.47,6.94,0.87,75.61,89.04
STU_14844,22,Female,University,5.48,0.98,4.06,0.95,64.72,69.1
STU_14845,20,Male,College,2.51,2.74,7.63,2.64,75.51,98.62
STU_14846,20,Male,College,9.7,3.97,5.98,2.34,63.35,88.35
STU_14847,17,Male,High School,4.52,4.05,6.21,2.29,75.08,97.14
STU_14848,21,Male,College,5.33,2.67,4.39,0.11,44.2,75.13
STU_14849,16,Female,High School,3.83,1.31,6.05,0.99,73.33,98.75
STU_14850,24,Male,University,2.85,3.05,5.36,0.72,79.96,95.26
STU_14851,21,Male,College,6.91,5.74,6.56,0,65.5,79.56
STU_14852,23,Male,University,0,0.82,7.06,1.56,77.75,94.93
STU_14853,19,Female,College,0,3.85,7.31,2.35,85.32,89.26
STU_14854,18,Female,College,5.3,3.27,8.14,0,69.98,90.48
STU_14855,16,Male,High School,3.58,1.2,7.26,0.25,77.47,89.48
STU_14856,14,Male,High School,6.61,2.94,4.78,0,51.68,79.38
STU_14857,20,Female,College,3.21,1.75,6.45,1.58,63.32,97.78
STU_14858,18,Male,College,0.32,0.94,7.23,2.07,83.49,98.72
STU_14859,24,Non-binary,University,4.33,0.75,5.46,3.43,76.56,97.06
STU_14860,15,Male,High School,3.83,1.2,7.82,1.25,73.67,98.83
STU_14861,19,Male,College,1.79,0.39,8.06,2.37,89.2,98.22
STU_14862,22,Female,University,6.47,6.02,4.53,0.84,47.12,80.74
STU_14863,19,Female,College,5.39,0.78,6.14,0.58,72.01,92.41
STU_14864,18,Non-binary,College,2.04,5.31,7.46,0.86,83.1,98.28
STU_14865,14,Female,High School,0.67,3.19,7.52,2.02,78.6,95.98
STU_14866,20,Male,College,5.39,0,7.01,0.62,78.13,84.92
STU_14867,13,Female,High School,2.11,1,5.97,0,81.13,92.11
STU_14868,25,Female,University,2.1,3.12,6.02,1.38,69.16,87.81
STU_14869,13,Female,High School,4.23,1.29,5.24,1.49,79.38,92.74
STU_14870,18,Male,College,4.62,2.85,5.75,0.97,75.04,90.9
STU_14871,17,Male,High School,5.76,0,5.48,0.93,48.05,66.94
STU_14872,21,Male,College,7.14,2.6,9.24,1.32,77.52,90.84
STU_14873,25,Female,University,3.34,2.28,8.22,0.71,69.06,97.42
STU_14874,24,Male,University,5.97,5.93,7.11,1.48,67.24,82.21
STU_14875,19,Male,College,4.06,1.29,8.29,1.4,84.88,92.32
STU_14876,14,Female,High School,7.44,3.78,7.49,1.2,62.51,95.43
STU_14877,25,Male,University,2.38,4.84,5.64,2.49,69.56,98.4
STU_14878,24,Female,University,5.81,4.45,7.04,1.59,74.25,98.52
STU_14879,19,Female,College,2.43,4.57,6.48,0,79.77,85.27
STU_14880,15,Male,High School,2.23,2.37,5.52,2.17,67.21,88.11
STU_14881,13,Male,High School,3.36,3.27,7.27,2.71,79.91,99.46
STU_14882,23,Female,University,0,1.44,7.74,2.99,85.62,99.82
STU_14883,20,Female,College,6.97,3.56,5.56,2.61,74.73,98.37
STU_14884,24,Female,University,2.32,0.53,7.46,1.78,81.98,79.14
STU_14885,15,Male,High School,3.35,1.06,6.9,1.42,59.48,91.57
STU_14886,23,Male,University,2.08,6.19,6.57,0.74,86.95,98.68
STU_14887,20,Female,College,6.87,4.21,7.76,0,64.36,94.49
STU_14888,19,Male,College,5.17,0,7.95,1.56,76.27,96.7
STU_14889,24,Female,University,5.88,3.15,3.31,0.95,37.53,79
STU_14890,14,Female,High School,4.92,0.71,5.17,0.07,64.47,73.15
STU_14891,25,Female,University,4.92,3.74,6.11,2.1,80.41,98.23
STU_14892,13,Female,High School,5.33,3.19,8.04,0.18,81.84,86.76
STU_14893,19,Male,College,6.87,2.88,3.22,1.63,60.98,78.58
STU_14894,25,Male,University,1.63,1.35,7.08,1.36,82.62,97.47
STU_14895,13,Female,High School,3.07,5.12,7.03,2.79,80.16,98.41
STU_14896,18,Male,College,1.87,1.32,6.65,3.37,75.27,97.69
STU_14897,25,Female,University,6,2.92,5.45,1.87,68.82,99.52
STU_14898,23,Non-binary,University,5.6,2.12,5.24,0,80.69,68.53
STU_14899,22,Female,University,6.3,0,4.51,0.69,59.99,84.75
STU_14900,23,Female,University,0,1.89,8.4,2.18,83.78,99.38
STU_14901,22,Female,University,3.42,0,6.96,0.87,76.38,87.89
STU_14902,20,Male,College,0,3.54,8.85,2.86,82.17,98.25
STU_14903,19,Male,College,9.38,1.38,6.71,0.61,71.28,89.06
STU_14904,16,Male,High School,4.82,1.88,5.51,1.74,65.36,98.23
STU_14905,13,Male,High School,2.46,3.64,5.34,2.09,71.35,73.07
STU_14906,13,Male,High School,4.19,1.41,8.54,1.86,83.42,93.72
STU_14907,16,Female,High School,4.45,0,9,0.15,67.54,92.01
STU_14908,17,Female,High School,9.44,3.14,6.79,2.53,66.55,93.1
STU_14909,24,Female,University,4.02,1.27,6.62,1.39,84.07,98.75
STU_14910,19,Male,College,4.96,1.9,5.77,0.79,60.25,87.2
STU_14911,16,Male,High School,3.02,3.5,8.83,0,74.4,86.09
STU_14912,22,Female,University,9.77,0.7,6.2,0,59.25,78.51
STU_14913,24,Female,University,8.43,3.13,4.57,0.1,62.4,91.56
STU_14914,13,Female,High School,0,2.58,6.76,0.74,84.6,90.88
STU_14915,23,Female,University,6.63,2.43,4.39,0,68.79,78.76
STU_14916,22,Female,University,5.62,2.03,6.31,0.42,80.69,96.51
STU_14917,19,Female,College,2.56,2.93,7.46,2.49,65.49,99.25
STU_14918,14,Male,High School,2.02,3.64,7.45,1.8,81.29,99.31
STU_14919,25,Male,University,0,0,6.5,0.09,63.29,83.65
STU_14920,23,Female,University,6.11,3.89,6.59,2.25,87.84,98.6
STU_14921,14,Male,High School,1.1,1.87,7.98,2.63,80.64,98.88
STU_14922,20,Female,College,5.27,0,6.28,0,80.72,75.52
STU_14923,24,Male,University,1.78,2.12,7.46,3.02,86.57,97.75
STU_14924,22,Male,University,1.51,0.67,6.37,2.16,80.57,94.61
STU_14925,22,Male,University,4.63,4.45,5.03,2.35,85.46,80.4
STU_14926,22,Male,University,7.63,0,7.43,0,58.07,87.02
STU_14927,17,Female,High School,2.58,2.86,5.94,0.9,76.95,96.46
STU_14928,22,Male,University,4.35,2.92,8.17,0.57,42.75,83.01
STU_14929,14,Female,High School,4.76,3.19,6.63,0.26,72.36,74.43
STU_14930,17,Male,High School,4.3,3.67,6.38,0.35,80.62,90.66
STU_14931,20,Male,College,5.27,1.59,7.37,0,77.99,91.31
STU_14932,18,Male,College,4.54,0.4,6.49,1.87,64.82,94.85
STU_14933,15,Female,High School,0.15,0,7.36,1.72,82.91,89.85
STU_14934,20,Male,College,7.76,2.78,6.64,2.2,68.71,92.87
STU_14935,21,Female,College,5.49,1.52,5.65,0,65.47,82.63
STU_14936,17,Male,High School,3.97,4.61,8.29,1.67,76.05,96.93
STU_14937,25,Male,University,2,3.62,8.26,0.61,68.03,98.82
STU_14938,14,Female,High School,3.59,5.01,7.28,0.64,69.45,99.9
STU_14939,14,Female,High School,6.69,0,4.84,0.62,81.31,78.5
STU_14940,19,Female,College,1.17,0.76,8.34,4.24,79.88,97.15
STU_14941,13,Male,High School,2.4,3.31,7.76,0.43,74.22,77.42
STU_14942,22,Male,University,4.29,4.9,5.86,1.86,80.77,78.66
STU_14943,24,Female,University,0.48,6.86,7.82,3.6,82.99,98.55
STU_14944,14,Female,High School,2.07,3.28,7.03,0,68.27,82.83
STU_14945,22,Male,University,3.81,2.55,4.78,1.13,78.09,79.44
STU_14946,16,Female,High School,0,4.04,6.45,0,81.53,98.97
STU_14947,13,Male,High School,3.9,1.39,7.84,0.27,77.33,99.65
STU_14948,16,Female,High School,1.21,1.08,7.51,1.96,84.14,92.73
STU_14949,25,Male,University,7.46,3.53,3.87,0.84,68.11,76.26
STU_14950,24,Male,University,3.11,3.77,6.67,0,75.04,91.35
STU_14951,23,Male,University,6.35,2.43,5.98,1.66,61.88,82.66
STU_14952,25,Male,University,5.46,0.98,4.8,3.22,75.92,83.51
STU_14953,22,Non-binary,University,2.53,4.32,6.15,1.98,78.04,85.68
STU_14954,17,Female,High School,5.38,0.1,7.57,0.46,72.24,90.48
STU_14955,21,Female,College,8.75,2.7,4.4,0,58.37,72.16
STU_14956,13,Male,High School,4.62,3.21,6.74,1.19,81.52,87.93
STU_14957,24,Female,University,3.61,1.4,6.48,0,82.36,87.85
STU_14958,17,Male,High School,5.45,5.14,8.16,2.55,65.83,97.98
STU_14959,14,Female,High School,5.71,2.36,7.35,0.78,80.34,97.51
STU_14960,21,Male,College,3.58,1.69,5.83,0,68.66,78.54
STU_14961,18,Male,College,0,0,10,0.93,80.1,99.72
STU_14962,14,Non-binary,High School,2.27,8.19,4.77,0.6,77.15,79.42
STU_14963,15,Male,High School,1.24,2.23,7.92,2.37,78.86,85.16
STU_14964,20,Female,College,4.44,0,6.35,1.68,79.38,90.3
STU_14965,13,Male,High School,7.44,0.75,7.66,1.07,69.28,67.7
STU_14966,24,Female,University,5.72,4.52,5.43,0.26,62.64,78.63
STU_14967,15,Female,High School,3.26,0.67,6.57,0,71.22,74.18
STU_14968,25,Female,University,5.16,3.21,7.52,2.74,79.75,98.26
STU_14969,22,Female,University,4.45,3.58,5.71,1.14,60.02,97.83
STU_14970,13,Male,High School,5.8,1.88,6.36,2.84,84.87,91.7
STU_14971,23,Male,University,5.94,1.2,7.37,1.45,82.42,93.65
STU_14972,23,Male,University,7.76,2.9,5.51,0,57.89,84.11
STU_14973,20,Female,College,4.15,3.51,4.37,1.78,62.66,81.28
STU_14974,13,Female,High School,0.01,0,6.84,0,89.27,90.74
STU_14975,25,Male,University,1.19,0,6.83,0,86.76,96.15
STU_14976,17,Female,High School,4.54,4.53,5.48,2.03,86,88.64
STU_14977,16,Female,High School,3.83,3.54,7.29,0.43,71.58,98.6
STU_14978,19,Male,College,6.31,3.07,4.97,2.57,77.28,99.1
STU_14979,17,Female,High School,7.09,1.14,7.16,0,68.11,73.13
STU_14980,20,Female,College,4.59,4.52,7.09,3.1,72.46,88.9
STU_14981,24,Male,University,1.38,4.49,6.77,2.63,87.01,97.11
STU_14982,23,Male,University,5.9,2.61,8.34,1.86,76.37,99.09
STU_14983,13,Male,High School,5.2,1.97,5.52,0.85,73.99,78.69
STU_14984,17,Female,High School,6.09,3.19,6,1.23,65.46,78.53
STU_14985,16,Male,High School,2.69,2.97,5.19,2.47,71.32,97.73
STU_14986,15,Female,High School,11.66,1.4,8.04,0.9,62.69,74.57
STU_14987,17,Male,High School,0.14,0,8.36,2.54,79.67,98.66
STU_14988,22,Female,University,4.73,2.94,5.75,1.48,50.62,96.27
STU_14989,15,Female,High School,6.29,2.22,7,0.4,65.56,84.49
STU_14990,20,Female,College,6.57,3.77,8.2,3.07,72.3,93.24
STU_14991,25,Male,University,4.52,5.56,6.65,3.37,65.82,98.02
STU_14992,15,Male,High School,6.05,0.24,4.94,2.51,73.97,91.2
STU_14993,13,Male,High School,6.76,3.33,6.94,1.24,72.94,91.15
STU_14994,21,Male,College,4.77,0,5.78,1.05,78.68,95.18
STU_14995,21,Male,College,5.07,5.05,6.88,2.37,74.8,99.57
STU_14996,18,Non-binary,College,6.1,0.72,5.63,0.89,74.08,71.92
STU_14997,22,Female,University,4.55,1.2,7.2,0,73.72,85.84
STU_14998,13,Male,High School,7.83,1.46,6.22,0.64,70.03,86.62
STU_14999,20,Female,College,6.99,3,4.24,1.97,57.38,85.34
STU_15000,14,Male,High School,3.73,3.03,6.39,1.5,71.69,78.62
STU_15001,13,Male,High School,11.3,2.06,5.39,0,74.18,79.92
STU_15002,13,Male,High School,5.72,0,8.22,0.36,83.86,88.09
STU_15003,17,Female,High School,3.27,3.94,9.24,0.36,75.55,86.59
STU_15004,14,Male,High School,4.96,3.6,7.43,0.36,79.25,75.38
STU_15005,20,Male,College,6.34,3.25,6.92,1.04,85.23,82.88
STU_15006,22,Male,University,5.04,0.13,8.13,0.07,63.95,99.69
STU_15007,23,Male,University,2.1,3.77,7.23,1.1,58.2,99.38
STU_15008,17,Male,High School,4.23,0.96,5.37,0.27,73.89,82.45
STU_15009,17,Male,High School,3.9,4.73,6.06,0.66,68.78,72.84
STU_15010,14,Male,High School,3.36,1.95,5.09,1.4,74.06,97.93
STU_15011,19,Male,College,2.43,2.64,7.94,2.01,80.39,96.39
STU_15012,25,Male,University,6.69,3.64,3.74,1.23,68.86,68.58
STU_15013,20,Male,College,5.68,3.04,6.74,1.26,81.19,83.86
STU_15014,22,Male,University,5.66,0,7.18,4.71,78.59,98.26
STU_15015,25,Male,University,0,0,7.47,1.81,83.14,99.4
STU_15016,13,Male,High School,3.5,1.09,3.57,2.92,76.37,87.86
STU_15017,14,Female,High School,7.62,3.23,4.34,1.25,62.16,71.05
STU_15018,22,Female,University,5.48,5.6,6.28,0.35,82.34,98.54
STU_15019,16,Male,High School,1.59,1.95,8.02,2.86,81.86,93.26
STU_15020,17,Male,High School,8.67,3.96,5.8,2.17,73.2,98.4
STU_15021,25,Female,University,0,3.72,8.75,1.91,75.15,77.48
STU_15022,14,Female,High School,4.82,0.09,7.42,1.71,81.51,98.31
STU_15023,13,Female,High School,8.79,2.49,5.95,0.54,61.12,79.62
STU_15024,21,Male,College,0.58,1.42,7.21,2.37,82.18,97.6
STU_15025,13,Female,High School,3.31,0.84,6.09,1.58,84.4,53.88
STU_15026,25,Female,University,0.99,5.56,9.7,1.47,83.38,96.46
STU_15027,16,Male,High School,8.03,3.19,6.96,0,65.15,90.69
STU_15028,14,Male,High School,2.45,1,7.52,3.48,67.65,99.14
STU_15029,23,Male,University,6.99,1.43,6.17,2.97,64.78,98.51
STU_15030,16,Male,High School,7.97,2.73,6.27,0.58,62.41,78.99
STU_15031,20,Male,College,1.29,3.17,4.68,0.84,70.24,81.33
STU_15032,20,Female,College,0.76,0,7.44,1.27,79.97,90.27
STU_15033,23,Male,University,5.7,4.9,6.11,1,59.17,83.14
STU_15034,24,Male,University,6.44,2.87,3.01,2.02,68.95,82.63
STU_15035,21,Female,College,4.32,0.84,8.37,0,74.69,83.51
STU_15036,25,Male,University,4.56,6.85,6.48,1.5,70.37,87.6
STU_15037,23,Male,University,8.2,3.28,6.16,0,66.17,84.21
STU_15038,24,Male,University,3.9,5.29,5.56,0,69.17,95.96
STU_15039,17,Male,High School,7.94,4.74,7.54,1.47,70.4,88.01
STU_15040,19,Male,College,3.06,6.13,6.89,1.26,65.51,91.35
STU_15041,15,Female,High School,10.49,4.41,4.2,1.3,70.19,86.52
STU_15042,22,Male,University,2.29,4.2,5.11,0,80.59,89.52
STU_15043,16,Female,High School,7.46,3.88,4.75,0,54.31,76.56
STU_15044,22,Male,University,2.08,5.09,6.13,1.81,57.71,99.81
STU_15045,21,Female,College,6.47,1.49,5.66,0,74.61,80.37
STU_15046,22,Female,University,4.48,3.25,5.81,0,72.69,82.97
STU_15047,22,Female,University,5.19,1.51,7.06,0.98,53.78,89.29
STU_15048,24,Male,University,6.16,4.18,5.51,0,67.34,85.03
STU_15049,13,Female,High School,5.11,1.96,8.02,0.45,66.93,98.8
STU_15050,14,Female,High School,4.89,2.1,8.91,0.43,75.49,68.56
STU_15051,17,Female,High School,0,0,6.12,1.73,85.67,95.89
STU_15052,15,Male,High School,7.78,5.96,7.11,1.15,40.85,86.28
STU_15053,14,Male,High School,8.32,0.27,5.11,3.01,66.49,99.9
STU_15054,13,Male,High School,4.23,3.27,7.67,0,80.12,99.07
STU_15055,22,Male,University,5.89,3.6,6.77,0,63.49,87.07
STU_15056,15,Female,High School,7.91,5.04,7.22,0,68.13,80.35
STU_15057,13,Female,High School,6,1.61,5.08,1.47,75.14,91.19
STU_15058,24,Female,University,3.17,0.05,7.86,1.93,73.11,98.63
STU_15059,13,Male,High School,1.5,4.23,5.58,1.98,74.89,85.06
STU_15060,24,Male,University,6.09,4.59,5.78,2.51,70.38,90.31
STU_15061,13,Male,High School,4.85,3.16,5.46,0,57.2,78.28
STU_15062,20,Male,College,4.49,2.59,5.22,0.54,71.83,70.05
STU_15063,15,Female,High School,2.6,2.44,6.98,0,75.52,79.12
STU_15064,23,Male,University,3.65,0.51,7.85,0,64.98,70.64
STU_15065,13,Female,High School,5.34,0,6.84,1.47,77.39,79.89
STU_15066,19,Female,College,3.76,5.48,6.41,1.93,59.22,86.8
STU_15067,22,Female,University,4.58,2.52,6.29,0.26,72.65,80.04
STU_15068,15,Male,High School,4.42,3.98,7.57,0.39,56.45,98.7
STU_15069,20,Male,College,6.14,1.87,5.43,0.77,76.88,56.08
STU_15070,16,Male,High School,0.91,1.87,8.24,1.77,86.05,97.94
STU_15071,16,Male,High School,3.61,1.66,6.76,0.9,79.27,97.87
STU_15072,17,Female,High School,1.75,2.15,10.86,0.78,77.42,90.58
STU_15073,18,Female,College,4.89,4.53,6.45,2.44,77.23,97.66
STU_15074,19,Male,College,2.47,2.74,6.72,1.5,68.65,97.77
STU_15075,16,Male,High School,6.85,5.53,3.73,2.27,63.11,74.22
STU_15076,20,Female,College,3.47,0.46,8.47,2.08,81.26,97.5
STU_15077,25,Male,University,3.06,2.18,5.71,0,69.2,91.1
STU_15078,18,Female,College,2.42,2.4,6.91,3.19,79.58,98.66
STU_15079,13,Female,High School,5.13,3.81,5.99,0.43,67.31,82.19
STU_15080,13,Female,High School,1.33,1.24,7.86,1.56,69.39,98.01
STU_15081,21,Female,College,4.27,4.58,6.06,1.72,72.62,92.8
STU_15082,22,Female,University,4.21,3.64,5.02,0.27,58.65,77.4
STU_15083,18,Female,College,3.19,5.38,5.32,1.24,73.9,98.34
STU_15084,22,Female,University,5.05,1.59,5.26,2.34,73.06,88.55
STU_15085,20,Male,College,3.34,0,7.22,1.98,73.68,93.41
STU_15086,25,Male,University,5.21,4.24,7.84,0.12,66.27,79.47
STU_15087,19,Non-binary,College,3.14,4.47,6.21,0.09,71.79,93.48
STU_15088,24,Male,University,2.64,0,7.82,0.99,79.55,94.61
STU_15089,18,Female,College,5.14,3.52,7.45,1.62,74.3,97.51
STU_15090,16,Female,High School,6.52,3.06,6.58,1.51,56,92.69
STU_15091,19,Female,College,11.64,1.52,4.59,1.27,55.14,76.6
STU_15092,21,Male,College,3.65,5.3,7.95,1.6,82.18,99.21
STU_15093,23,Male,University,6.43,1.74,5.41,0,48.32,85.97
STU_15094,22,Male,University,3.39,5.56,6.82,0.44,60.77,86.13
STU_15095,22,Male,University,6.39,4.19,6.12,0.15,71.05,71.64
STU_15096,19,Non-binary,College,7.76,3.79,6.53,2.8,72.95,85.59
STU_15097,13,Female,High School,4.82,3.38,6.9,3.18,69.37,98.14
STU_15098,22,Female,University,6.28,3.82,7.14,0.49,75.46,95.45
STU_15099,21,Male,College,5.61,1.43,6.63,2.59,65.02,71.99
STU_15100,25,Male,University,4.53,0.35,7.5,0.91,80.08,98.02
STU_15101,16,Male,High School,3.43,5.56,7.52,1.51,76.65,82.46
STU_15102,15,Male,High School,3.62,1.48,4.96,1.34,75.24,99
STU_15103,16,Female,High School,1.19,2.12,8.7,3.87,79.28,98.29
STU_15104,16,Male,High School,7.09,0.09,6.2,1.54,74.28,90.38
STU_15105,25,Male,University,9.18,3.61,6.16,0.33,62.29,96.67
STU_15106,22,Female,University,0.98,0.59,7.48,4.22,80.81,99.15
STU_15107,23,Non-binary,University,7.1,3.25,5.64,0.84,48.27,89.02
STU_15108,14,Male,High School,4.39,1.92,6.51,1.58,64.32,90.27
STU_15109,24,Female,University,2.9,2.92,6.93,0.77,79.77,90.28
STU_15110,13,Male,High School,4.86,5.54,5.97,0.29,68.28,77.34
STU_15111,24,Male,University,2.49,0.46,8.4,1.34,75.03,92.72
STU_15112,22,Male,University,5.09,1.57,7.66,1.19,82.7,95.94
STU_15113,24,Female,University,3.77,1.11,6.21,1.6,65.19,98.6
STU_15114,13,Male,High School,3.64,3.39,9.01,0,74.96,93.99
STU_15115,25,Male,University,7.44,3.24,4.26,0.43,61.1,81.35
STU_15116,20,Female,College,0.13,2.11,5.99,1.33,74.45,99.14
STU_15117,14,Male,High School,3.08,4.61,6.5,1.45,69.45,83.62
STU_15118,24,Male,University,0,2.55,7.61,2.37,82.64,98.4
STU_15119,22,Male,University,4.83,1.4,5.75,0,66.61,89.38
STU_15120,17,Male,High School,3.26,4.88,6.1,0.95,75.3,81.36
STU_15121,24,Female,University,2.7,2.07,5.65,1.67,77.02,97.39
STU_15122,16,Female,High School,5.21,2.2,6.15,3.48,81.87,87.9
STU_15123,20,Male,College,6.03,2.35,4.52,1.25,74.48,98.57
STU_15124,14,Male,High School,7.46,2.9,5.66,2.3,74.82,86.4
STU_15125,22,Female,University,11.83,4.64,4.77,0,55.78,71.2
STU_15126,21,Male,College,3.08,4.11,5.27,1.38,80.22,98.17
STU_15127,19,Female,College,2.81,3.62,8.5,1.88,73.82,93.22
STU_15128,25,Male,University,4.51,0.76,7.47,0.22,81.56,96.77
STU_15129,19,Female,College,4.72,2.46,8.02,2.12,82.44,95.38
STU_15130,13,Female,High School,8.83,2.25,6.02,0,61.12,72.71
STU_15131,24,Female,University,5.8,3.51,6.86,0,70.08,77.18
STU_15132,14,Male,High School,2.14,2.15,6.8,1.93,77.99,97.21
STU_15133,16,Female,High School,2,5.09,6.5,3.2,77.51,98.71
STU_15134,16,Female,High School,6.2,3.66,7.1,2.07,77.03,94.1
STU_15135,23,Female,University,3.98,3.56,5.62,1.23,76.9,93.12
STU_15136,15,Male,High School,8.04,0.74,6.05,0.44,57.64,79.18
STU_15137,19,Female,College,5.79,1.21,8.67,0.57,79.56,91.13
STU_15138,24,Male,University,1.89,1.55,6.97,1.68,86.93,88.71
STU_15139,20,Male,College,1.56,2.52,7.24,0,71.11,88.4
STU_15140,14,Female,High School,5.36,4.64,7.43,0.09,70.55,84.66
STU_15141,16,Male,High School,3.65,1.13,8.23,2.75,73.71,99.78
STU_15142,15,Female,High School,7.35,0,7.6,1.72,79.87,97.58
STU_15143,14,Female,High School,5.35,5.08,4.88,1.07,56.57,94.41
STU_15144,24,Female,University,5.3,1.67,5.97,1.73,65.22,80.13
STU_15145,25,Female,University,1.43,2.39,9.12,1.62,80.51,85.74
STU_15146,18,Female,College,3.31,4.31,6.34,3.4,80.07,98.8
STU_15147,25,Male,University,4.38,4.61,7.03,0,61.66,86.72
STU_15148,16,Female,High School,0,0.86,8.39,0.83,79.03,99.69
STU_15149,18,Male,College,6.06,2.98,8.27,1.26,77.91,83.78
STU_15150,14,Male,High School,6.63,5.01,4.92,2.1,62.8,75.74
STU_15151,24,Female,University,3.18,2.58,7.08,2.79,82.51,97.08
STU_15152,16,Male,High School,7.67,4.49,5.86,2.74,61.65,92.53
STU_15153,23,Male,University,7.56,2.8,9.28,0,67.93,80.33
STU_15154,18,Female,College,5.81,4.48,5.48,0,54.91,81.49
STU_15155,17,Male,High School,4.35,4.9,5.21,0.94,82.58,98.15
STU_15156,15,Male,High School,6.62,5.32,7.81,2.24,79.5,88.91
STU_15157,20,Male,College,0.77,3.35,10.24,1.39,84.74,81.84
STU_15158,19,Female,College,4.69,1.79,8.05,0.78,63.85,83.01
STU_15159,15,Female,High School,2.39,3,4.95,1.94,80.39,99.25
STU_15160,18,Female,College,2.84,3.1,5.59,0.81,84.17,69.02
STU_15161,16,Male,High School,5.62,2.52,5.35,1.31,68.79,96.52
STU_15162,23,Female,University,2.49,3.83,9.19,1.31,78.7,87.56
STU_15163,17,Female,High School,0.67,3.52,6.95,1.51,84.21,78.91
STU_15164,23,Male,University,10.05,3.01,6.05,0.11,60.36,59.01
STU_15165,17,Male,High School,2.99,6.46,6.02,1.18,78.85,97
STU_15166,19,Female,College,2.39,1.04,5.44,1.14,89.33,81.08
STU_15167,23,Female,University,7.49,3.16,5.19,0,65.16,64.89
STU_15168,17,Female,High School,2.99,2.52,9.15,0.13,77.17,79.06
STU_15169,23,Male,University,1.33,0,7.25,0,79.84,82.62
STU_15170,15,Female,High School,2.21,1.37,4.82,2.34,69.37,97.45
STU_15171,22,Male,University,3.42,0,7.78,2.58,83.05,99.08
STU_15172,17,Male,High School,1.82,4,6.73,2.1,72.27,95.25
STU_15173,19,Male,College,2.42,0.24,7.05,1.81,78.97,99.49
STU_15174,17,Female,High School,3.38,0.02,6.7,4.54,83.95,99.89
STU_15175,17,Female,High School,6.93,2.13,4.85,0.42,65.54,67.02
STU_15176,21,Female,College,9.68,1.87,5.06,0.64,61.69,95.9
STU_15177,15,Female,High School,7.27,1.78,8.86,0.94,73.28,84.95
STU_15178,25,Male,University,3.93,0.54,7.92,1.24,77.41,98.06
STU_15179,18,Female,College,0.97,4.11,7.78,0,74.92,87.03
STU_15180,13,Female,High School,6.25,2.19,6.11,2.13,68.32,91.15
STU_15181,22,Male,University,1.94,4.25,6.9,0.8,73.91,83.94
STU_15182,17,Male,High School,3.58,0.73,8.92,0.58,77.44,97.62
STU_15183,20,Male,College,8.54,1.35,6.22,1.24,58.84,70.52
STU_15184,17,Male,High School,8.76,0.93,6.43,0.42,70.13,90
STU_15185,21,Male,College,4.95,2.45,7.17,0.83,87.49,80.3
STU_15186,23,Male,University,7.57,1.28,4.76,0,66.62,65.37
STU_15187,18,Female,College,7.48,4.44,5.78,0,56.36,85.01
STU_15188,20,Male,College,6.14,0,5.1,1.79,68.74,88.91
STU_15189,22,Male,University,3.82,5.54,3.04,1.6,68.4,76.52
STU_15190,20,Female,College,3.11,1.96,5.05,3.26,74.83,82.64
STU_15191,25,Male,University,4.61,1.11,6.65,0,73.78,97.94
STU_15192,15,Female,High School,1.29,5.82,8.31,1.26,84.73,92.8
STU_15193,19,Female,College,3.31,2.32,7.19,0.85,64.09,85.12
STU_15194,19,Male,College,6,1.96,6.97,0.48,67.22,75.45
STU_15195,22,Male,University,2.93,1.39,8.14,1.92,56.72,85.14
STU_15196,24,Male,University,8.36,2.02,8.28,0.84,77.48,85.17
STU_15197,18,Male,College,5.12,3.38,7.29,2.08,74.23,97.72
STU_15198,24,Male,University,6.46,3.43,5.29,0,64.27,78.41
STU_15199,19,Male,College,3.97,0.36,6.81,0.77,53,80.51
STU_15200,14,Male,High School,6.08,0.39,8.24,0,81.82,70.86
STU_15201,21,Female,College,1.68,4.35,7.66,0.3,63.57,92.51
STU_15202,22,Male,University,5.56,1.55,5.6,0,72.91,75.87
STU_15203,22,Female,University,5.79,2.4,6.76,2.02,84.49,98.17
STU_15204,13,Male,High School,7.71,2.72,7.7,0.44,84.15,61.26
STU_15205,13,Female,High School,0,5.14,8.21,1.7,78.46,91.33
STU_15206,15,Male,High School,2.82,4.88,7.47,0,62.89,71.62
STU_15207,15,Female,High School,0.05,3.12,5.95,2.27,66.69,92.84
STU_15208,13,Male,High School,2.4,1.29,5.83,1.24,80.52,91.97
STU_15209,24,Female,University,4.23,6.67,6.33,1.32,68.5,83.63
STU_15210,19,Male,College,5.98,3.76,8.47,2.43,82.28,98.61
STU_15211,16,Female,High School,9.98,4.89,6.11,1.02,56.02,81.79
STU_15212,22,Male,University,7.88,2.07,6.13,0,67.45,85.59
STU_15213,25,Female,University,3.28,0.42,6.2,1.83,72.94,85.96
STU_15214,14,Male,High School,6.3,3.42,7.16,2.1,57.9,88.49
STU_15215,22,Male,University,7.56,2.53,7.53,0,80.02,99.71
STU_15216,17,Male,High School,4.25,5.47,5.91,1.23,61.03,86.82
STU_15217,18,Male,College,4.34,2.32,6.36,0,70.36,96.42
STU_15218,21,Female,College,3.93,1.7,6.13,2.32,78.41,90.06
STU_15219,16,Non-binary,High School,5.71,4.81,4.84,1.25,43.9,74.25
STU_15220,14,Male,High School,5.53,1.75,4.57,0.9,65.19,65.27
STU_15221,17,Female,High School,4.86,2,7.5,0.7,81.97,87.01
STU_15222,15,Female,High School,8.84,0,4.6,0,57.28,69.66
STU_15223,14,Female,High School,7.01,4.53,7.09,0.27,58.77,92.06
STU_15224,24,Male,University,0.45,2.18,4.5,0.89,72.46,80.97
STU_15225,13,Male,High School,0,0.38,8.27,1.97,85.3,99.58
STU_15226,22,Female,University,5.54,4.59,5.7,1.05,58.14,97.39
STU_15227,14,Male,High School,4.25,2.02,7.06,0.88,73.54,99.35
STU_15228,18,Female,College,0.13,5.77,6.59,0,75.49,79.28
STU_15229,20,Female,College,0,4.8,6.47,3.2,82.57,96.62
STU_15230,25,Male,University,3.88,0.33,5.54,2.39,86.03,89.2
STU_15231,15,Male,High School,5.14,3.8,6.3,0.11,76.03,94.99
STU_15232,23,Female,University,5.23,4.39,8.11,0.97,69.1,90.4
STU_15233,21,Male,College,2.99,0,7.93,1.49,88.66,98.79
STU_15234,24,Male,University,3.11,2.03,5.42,2.71,74.45,99.38
STU_15235,21,Male,College,3.24,1.53,6.49,2.71,81.58,92.08
STU_15236,14,Non-binary,High School,5.73,4.46,5.71,0.9,61.77,85.76
STU_15237,20,Male,College,0.68,0.88,7.95,0,81.18,84.71
STU_15238,22,Female,University,4.55,2.98,4.67,1.68,72.88,99.61
STU_15239,23,Male,University,6.69,5.68,6.73,2.9,75.38,85.15
STU_15240,24,Male,University,3.62,0,10.29,0.35,72.94,95.13
STU_15241,17,Female,High School,4.9,2.67,6.69,1.14,80.14,85.86
STU_15242,16,Female,High School,5.54,2.73,6.12,1.19,61.12,83.71
STU_15243,22,Male,University,2.85,0,8.34,0.5,77.13,80.86
STU_15244,17,Female,High School,4.25,0,5.58,0,48.76,64.52
STU_15245,16,Male,High School,1.25,4.06,8.38,0,75.28,99.45
STU_15246,20,Female,College,5.72,2.4,5.29,1.62,67.8,90.46
STU_15247,16,Male,High School,4.91,2.85,9.72,1.07,69.82,98.25
STU_15248,25,Female,University,7.42,2.24,3.88,0.85,56.75,87.92
STU_15249,22,Female,University,6.69,4.74,5.19,0,62,91.12
STU_15250,24,Male,University,7.45,6.83,6.19,1.03,60.41,87.78
STU_15251,25,Female,University,7.57,4.51,6.78,1.21,60.7,68.26
STU_15252,18,Non-binary,College,2.69,0,6.5,0.63,80.88,81.9
STU_15253,14,Male,High School,5.7,2.43,7.92,1.12,56.48,72.96
STU_15254,17,Female,High School,6.19,5.04,4.79,0.57,52.15,97.05
STU_15255,18,Female,College,2.94,1.73,5.57,1.43,82.01,94.1
STU_15256,17,Female,High School,7.58,5.06,4.28,2.45,65.42,56.17
STU_15257,24,Female,University,4.23,1.89,6.93,0.25,54.16,68.61
STU_15258,14,Female,High School,6.1,0.25,6.39,3.6,66.42,97.35
STU_15259,19,Female,College,7.26,3.8,4.58,4.83,71.4,97.85
STU_15260,16,Female,High School,5.57,3.32,6.54,1.85,78.73,90.55
STU_15261,20,Male,College,9.03,1.42,4.61,2.04,63.64,72.42
STU_15262,19,Female,College,10.55,4.84,5.77,0.11,52.53,72.93
STU_15263,19,Male,College,4.54,0,7.93,1.14,71.33,92.47
STU_15264,21,Female,College,6.89,4.39,4.73,1.22,50.92,77.97
STU_15265,13,Female,High School,10.42,1.52,5.31,1.62,76.15,84.45
STU_15266,22,Male,University,2.96,5.67,8.33,1.25,76.83,99.07
STU_15267,18,Male,College,0,3.97,6.54,2.94,85.29,89.32
STU_15268,18,Male,College,6.91,1.88,5.63,2.63,83.22,97.92
STU_15269,18,Male,College,3.53,0.76,9.7,1.2,87.01,95.53
STU_15270,25,Female,University,1.49,0,8.52,0.51,72.75,86.01
STU_15271,24,Male,University,2.72,2.36,6.38,2.73,83.03,99.82
STU_15272,18,Female,College,0.6,2.6,7.91,1.92,81.91,99.02
STU_15273,24,Female,University,8.75,4.4,2.87,0.91,69.89,78.54
STU_15274,22,Female,University,8.13,1.2,5.35,0,63.95,81.35
STU_15275,19,Male,College,3.93,3.16,6.22,1.35,79.33,79.29
STU_15276,22,Non-binary,University,4.14,1.86,6.07,0.95,60.45,90.82
STU_15277,18,Male,College,4.99,5.2,5.3,0,78.42,78.06
STU_15278,13,Female,High School,8.68,2.27,6.66,1.46,49.36,84.28
STU_15279,15,Female,High School,1.85,1.18,6.73,2.24,75.62,95.05
STU_15280,14,Male,High School,4.09,0.34,6.68,1.05,74.9,85.16
STU_15281,18,Male,College,7.62,1.69,5.73,1.1,53.83,73.95
STU_15282,20,Male,College,3.66,2.08,6.15,3.02,63.61,99.73
STU_15283,15,Female,High School,2.41,2.14,7.68,1.63,85.84,99.07
STU_15284,22,Male,University,4.92,3.27,7.23,1.61,76.15,99.16
STU_15285,20,Non-binary,College,0.04,1.9,8.21,1.71,81.54,98.22
STU_15286,20,Male,College,5.43,1,6.58,2.78,61.72,95.08
STU_15287,17,Non-binary,High School,3.87,1.74,6.74,2.4,83.76,99.89
STU_15288,20,Male,College,6.09,2.11,5.98,2.67,67.97,98.72
STU_15289,18,Male,College,2.76,1.48,7.94,1.99,83.4,94.95
STU_15290,17,Male,High School,5.63,0,5.71,2.13,71.37,87.89
STU_15291,21,Female,College,5.03,0,6.88,0.06,78.68,72.82
STU_15292,19,Female,College,1.55,0,7.15,1.38,57.85,97.84
STU_15293,20,Male,College,2.14,2.81,5.66,2.04,76.52,86.3
STU_15294,13,Male,High School,7.57,3.31,5.71,2.56,51.35,90.79
STU_15295,23,Male,University,6.89,0.99,6.03,2.31,65.62,92.42
STU_15296,14,Female,High School,0.17,3.37,8.28,1.23,82.36,86.97
STU_15297,20,Male,College,3.41,1.81,7.12,0.91,81.96,98.45
STU_15298,24,Female,University,5.29,2.24,7.36,0.66,83.31,87.7
STU_15299,21,Female,College,5.83,0.15,4.77,0,49.06,86.46
STU_15300,16,Female,High School,5.19,4.74,5.15,1.51,86.97,76.5
STU_15301,24,Female,University,5.45,5.37,7.61,0.79,74.12,78.95
STU_15302,22,Male,University,3.6,3.08,5.63,0.86,70.11,97.1
STU_15303,23,Non-binary,University,4.94,1.13,6.82,2.74,71.64,99.54
STU_15304,22,Male,University,2.05,2.67,6.2,1.04,76.01,90.34
STU_15305,21,Male,College,3.58,1.1,7.8,0.54,82.02,91.49
STU_15306,16,Female,High School,0,0.09,7.09,2.72,86.18,97.75
STU_15307,22,Male,University,1.86,3.77,6.69,3.17,79.72,99.3
STU_15308,22,Male,University,2.3,0.71,6.12,1.32,76.98,87.29
STU_15309,22,Male,University,2.42,0.97,6.53,0.95,76.02,97.7
STU_15310,21,Male,College,6.32,0,7.57,0.93,69.27,91.37
STU_15311,23,Male,University,0.57,4.41,6.9,2.59,81.75,90.2
STU_15312,19,Male,College,2.9,5.21,5.28,1.02,74.94,98.35
STU_15313,14,Male,High School,6.11,3.82,7.09,1.44,68.69,87.7
STU_15314,21,Female,College,1.19,3.96,6.03,0.48,76.68,98.27
STU_15315,16,Female,High School,7.67,0.09,6.63,4.85,79.28,99.11
STU_15316,20,Female,College,4.95,2.03,6.15,0.76,60.18,76.63
STU_15317,19,Female,College,6.22,3.81,7.49,1.58,70.61,99.63
STU_15318,25,Female,University,2.14,0.75,8.85,2,70.18,99.62
STU_15319,19,Female,College,2.6,1.77,7.02,2.31,79.1,76.95
STU_15320,20,Female,College,4.14,0,3.46,0.15,72.54,95.61
STU_15321,13,Female,High School,6.53,1.96,5.98,1.4,68.53,92.23
STU_15322,17,Male,High School,6.45,2.17,5.72,1.43,65.36,98.64
STU_15323,14,Female,High School,5.49,3.4,6.19,0,76.43,88.22
STU_15324,14,Female,High School,3.95,0,7.92,1.06,75.08,97.42
STU_15325,13,Female,High School,2.58,0,6.46,0,80.32,80
STU_15326,17,Female,High School,7.13,4.72,5.82,0,73.25,65.36
STU_15327,14,Male,High School,3.62,4.43,6.89,0,76.5,83.23
STU_15328,16,Male,High School,0.65,1.34,7.84,1.5,76.18,97.81
STU_15329,15,Female,High School,2.1,5.25,7.07,1.72,86.53,97.9
STU_15330,15,Female,High School,2.74,2.8,5.8,1.4,74.12,98.78
STU_15331,14,Male,High School,3.64,4.55,7.75,2.41,74.54,97.79
STU_15332,25,Male,University,4.32,1.98,6.9,2.21,70.17,99.84
STU_15333,18,Female,College,1.08,3.06,4.8,2.2,70.15,96.98
STU_15334,14,Male,High School,3.29,1.89,5.55,1.29,69.36,96.86
STU_15335,20,Male,College,3.61,5.51,6.25,2.73,80.45,97.88
STU_15336,20,Male,College,4,2.21,7.13,0.37,81.56,94.72
STU_15337,25,Male,University,2.55,2.34,7.85,0.71,76.88,96.18
STU_15338,24,Male,University,10.68,0,7.93,0.36,77.29,70.66
STU_15339,17,Female,High School,3.61,2.28,6.61,1.42,91.21,86.68
STU_15340,22,Male,University,3.01,5.63,6.55,3.39,83.74,97.51
STU_15341,19,Male,College,1.76,4.94,5.27,2.54,58.18,99.27
STU_15342,16,Female,High School,6.41,2.17,6.56,0,72.55,70.28
STU_15343,13,Female,High School,0,2.33,7.69,3.75,87.15,98.2
STU_15344,23,Male,University,0.05,0.26,8.53,0.38,77.63,78.58
STU_15345,14,Female,High School,4.42,3.13,7.58,1.38,80.81,69
STU_15346,22,Female,University,5.66,3.09,6.68,2.44,67.77,78.01
STU_15347,22,Female,University,4.28,3.45,6.94,1.74,85.81,73.55
STU_15348,16,Female,High School,9.57,0,6.3,0.57,70.4,74.29
STU_15349,13,Female,High School,3.2,4.59,6.42,2.25,70.47,91.11
STU_15350,25,Male,University,3.74,2.09,7.15,3.12,80.96,96.58
STU_15351,20,Female,College,4.4,4.71,5.81,1.57,76.89,78.61
STU_15352,21,Female,College,4.6,2.87,5.04,1.3,68.29,75.53
STU_15353,16,Male,High School,4.19,5.07,5.42,2.4,66.14,99.27
STU_15354,22,Female,University,4.07,3.67,6.73,0.09,70.46,95.35
STU_15355,15,Female,High School,1.23,0.99,7.8,0.46,72.84,82.37
STU_15356,14,Female,High School,6.22,3.98,7.33,1.54,70.67,89.67
STU_15357,17,Male,High School,6.95,4.33,8.76,1.97,70.96,97.99
STU_15358,15,Male,High School,3.32,2.88,7.18,0,71.9,89.03
STU_15359,22,Female,University,4.39,1.99,5.44,1.87,64.96,77.19
STU_15360,19,Male,College,8.39,4.16,5.25,1.25,73.62,97.52
STU_15361,23,Female,University,2.62,4.58,8.1,1.93,74.95,98.48
STU_15362,18,Male,College,5.01,0.14,7.87,1.22,86.08,97.47
STU_15363,13,Female,High School,4.75,2.74,6.9,0,50.44,67.91
STU_15364,24,Female,University,8.51,2.15,4.73,0.93,70.34,91.38
STU_15365,20,Male,College,8.28,5.36,5.81,2.56,61.8,86.38
STU_15366,14,Male,High School,6.49,1.21,6.37,2.08,78.52,93.32
STU_15367,17,Male,High School,13.17,3.45,5.37,0,44.42,70.53
STU_15368,21,Male,College,4.57,3.75,8.94,2.35,71.35,97.66
STU_15369,20,Female,College,0,2.61,6.86,2.95,81.06,98.9
STU_15370,14,Female,High School,3.22,4.99,4.37,0.61,80.66,79.53
STU_15371,21,Male,College,3.37,2.33,7.72,0.84,77.29,99.29
STU_15372,17,Male,High School,8.38,0.3,4.86,0,61.23,70.94
STU_15373,22,Male,University,4.03,5.14,4.43,0.55,48.32,74.57
STU_15374,18,Female,College,7.82,1.7,7.06,0.39,76.13,85.7
STU_15375,25,Male,University,6.51,2.67,6.34,1.88,74,82.58
STU_15376,15,Female,High School,5.24,2.22,5.71,1.87,63.39,97.38
STU_15377,25,Female,University,5.51,0.8,7.02,1.86,72.23,96.44
STU_15378,15,Female,High School,5.21,0.85,7.87,0.73,74.37,86.99
STU_15379,22,Female,University,7.34,0,8.35,1.23,71.84,98.94
STU_15380,20,Female,College,3.87,3.43,7.36,3.59,82.95,99.94
STU_15381,23,Female,University,3.55,3.8,5.51,3.02,61.2,85.17
STU_15382,22,Female,University,5.53,2.95,4.5,3.18,65.27,89.13
STU_15383,22,Male,University,4.99,3.6,7.34,1.91,84.14,90.81
STU_15384,24,Female,University,3.98,2.26,5.97,3.35,74.49,86.48
STU_15385,14,Male,High School,9.96,2.86,4.5,2.9,60.61,74.33
STU_15386,23,Female,University,6.29,2.45,6.69,2.76,78.53,88.39
STU_15387,24,Female,University,3.1,2.37,6.4,2.61,77.25,88.14
STU_15388,24,Female,University,6,0.55,6.48,0.07,79.51,78.6
STU_15389,14,Female,High School,2.15,4.87,6.48,2.96,76.65,98.88
STU_15390,25,Male,University,1.64,1.98,8.73,0,75.46,88.44
STU_15391,17,Female,High School,6.5,1.67,7.46,1.49,65.62,91.97
STU_15392,18,Male,College,2.35,1.49,6.08,3.34,80.71,99.1
STU_15393,24,Male,University,4.6,1.81,6.53,1.65,62.84,98.18
STU_15394,14,Male,High School,1.9,1.83,7.5,0,78.72,78.23
STU_15395,17,Male,High School,3.78,2.85,5.75,0.28,63.65,78.66
STU_15396,19,Female,College,3.42,0,8.32,1.6,65.71,96.67
STU_15397,22,Non-binary,University,4.26,0.95,5.29,0,71.9,79.64
STU_15398,22,Female,University,9.62,4.85,5.89,1.63,74.06,90.46
STU_15399,20,Male,College,7.71,5.05,6.87,0.6,39.09,78.02
STU_15400,24,Female,University,4.22,2.03,7.23,2.23,83.28,99.39
STU_15401,19,Female,College,3.98,6.99,8.24,2.42,70.04,97.41
STU_15402,20,Female,College,2.74,3.76,5.11,0.88,73.27,78.53
STU_15403,24,Female,University,1.91,5.15,6.34,4.72,85.19,99.1
STU_15404,21,Female,College,4.13,2.66,4.66,0.7,66.2,87.21
STU_15405,17,Male,High School,7.83,2.05,6.52,1.06,77.04,77.75
STU_15406,25,Female,University,0,4.21,6.68,2.36,69.57,99.72
STU_15407,17,Female,High School,6.66,4.26,8.41,2.67,86.58,99.45
STU_15408,23,Female,University,7.37,2.01,7.41,1.52,83.68,77.1
STU_15409,22,Male,University,0,3.29,7.93,1.31,78.06,82.14
STU_15410,16,Female,High School,4.59,0,8.27,2.88,80.36,98.03
STU_15411,25,Female,University,3.41,1.33,6.03,1.46,72.01,99.26
STU_15412,21,Female,College,4.08,5.07,6.96,0.95,68.49,59.61
STU_15413,17,Female,High School,5.04,1.54,4.15,1.65,72.76,76.26
STU_15414,14,Male,High School,5.29,2.4,5.56,0.91,80.68,86.71
STU_15415,22,Male,University,1.07,2.28,8.03,2.31,66.59,85.66
STU_15416,20,Female,College,8.57,0.53,8.13,1.31,85.63,89.88
STU_15417,19,Female,College,3.31,2.34,9.07,1.43,80.14,99.66
STU_15418,20,Female,College,11.08,2.12,5.31,1.13,73.49,92.27
STU_15419,24,Male,University,2.14,0.85,7.89,0.54,75.07,87.98
STU_15420,15,Female,High School,1.86,2.24,6.75,2.09,79.8,98.02
STU_15421,16,Male,High School,5.31,0.38,5.93,0,73.04,73.77
STU_15422,17,Female,High School,6.75,2.41,9.08,0,71.93,66.24
STU_15423,18,Male,College,7.68,2.37,5.06,1.16,62.73,98.37
STU_15424,13,Female,High School,2.03,6.05,6.22,0,80.51,84.27
STU_15425,16,Male,High School,3.67,1.06,8.24,0.19,63.53,89.97
STU_15426,23,Non-binary,University,9.16,3.96,3.4,1.78,65.17,63.23
STU_15427,24,Female,University,3.58,0,5.78,2.16,78.68,91.72
STU_15428,22,Female,University,6.73,6.93,5.08,1.62,78.2,95.16
STU_15429,25,Male,University,0,3.21,6.77,2.21,88.23,94.18
STU_15430,17,Female,High School,0.47,2.93,7.98,2.2,78.77,97.8
STU_15431,19,Female,College,6.92,3.6,6.14,2.35,78.06,89.12
STU_15432,25,Male,University,4.13,2.62,6.21,1.26,65.06,83.34
STU_15433,17,Female,High School,6.39,1.76,5.48,0.01,61.08,68.79
STU_15434,25,Female,University,2.93,0.81,6.57,0.69,61.5,67.28
STU_15435,25,Male,University,0.36,2.86,6.41,1.54,82.02,97.24
STU_15436,13,Male,High School,4.73,4.76,7.65,1.57,76.55,96.32
STU_15437,23,Female,University,1.01,0,7.81,1.61,73.13,94.63
STU_15438,19,Female,College,4.81,6.48,7.42,0,70.93,87.92
STU_15439,20,Male,College,2.09,0.95,4.74,0,71.34,90.97
STU_15440,25,Female,University,6.13,3.06,8.29,2.2,86.3,98.95
STU_15441,19,Female,College,3.82,1.2,7.05,0.25,84.86,79.74
STU_15442,23,Male,University,3.75,2.4,6.27,0,73.71,73.88
STU_15443,25,Male,University,5.35,3.09,5.09,2.12,67.19,73.25
STU_15444,16,Female,High School,6.82,2.18,5.57,1.74,72.89,87.35
STU_15445,20,Female,College,4.96,2.82,7.97,0,87.43,82.04
STU_15446,17,Female,High School,8.96,2.7,5.78,2.12,76.82,95.02
STU_15447,22,Male,University,8.85,3.51,5.87,0.02,67.12,70.56
STU_15448,21,Male,College,2.75,3.39,5.44,0,56.07,86
STU_15449,24,Male,University,1.71,0,8.12,3.83,78.72,99.33
STU_15450,24,Female,University,1.44,1.9,4.43,0,84.59,81.71
STU_15451,22,Male,University,9.01,4.91,5.72,0,66.37,77.74
STU_15452,17,Female,High School,1.45,4.02,6.05,3.2,82.91,97.6
STU_15453,13,Male,High School,3.53,0.49,8.21,1.02,85.61,86.37
STU_15454,24,Male,University,4.53,1.83,6.81,0,61.6,80.53
STU_15455,21,Male,College,8.93,2.09,6.6,0.14,59.5,95.02
STU_15456,24,Male,University,1.22,2.06,6.49,1.2,76.16,93.24
STU_15457,17,Female,High School,7.22,2.21,6.56,0.46,67.39,85.59
STU_15458,18,Male,College,4.54,1.58,6.88,0,77.53,87.61
STU_15459,16,Female,High School,4.18,0.76,6.97,3.34,79.75,98.34
STU_15460,18,Male,College,4.43,6.33,6.47,3.73,77.29,98.37
STU_15461,24,Male,University,2.74,2.83,6.63,0.48,80.19,97.2
STU_15462,20,Male,College,3.46,2.11,7.08,0.37,76.11,82.22
STU_15463,15,Male,High School,2.69,3.85,6.13,0.13,78.43,80.5
STU_15464,17,Male,High School,1.22,0,6.41,2.94,73.17,86.75
STU_15465,14,Female,High School,1.56,3.48,6.34,1.13,69.94,88.03
STU_15466,14,Male,High School,7.46,0,7.44,0,74.58,81.81
STU_15467,25,Male,University,3.62,3.15,6.09,0,81.26,78.47
STU_15468,19,Female,College,6.18,0.95,7.84,0.97,57.57,74.48
STU_15469,22,Male,University,4.06,3.76,7.05,3.15,70.1,98.46
STU_15470,25,Female,University,4.01,7.28,6.63,0.92,61.58,87.36
STU_15471,22,Male,University,4.31,2.78,5.48,0.61,83.79,84.5
STU_15472,23,Male,University,6.33,0,7.54,0,51.99,96.39
STU_15473,22,Female,University,2.78,1.33,6.52,1.08,81.45,79.78
STU_15474,18,Non-binary,College,4.11,3.12,3.17,0.89,65.92,95.19
STU_15475,16,Male,High School,6.76,4.78,6.93,1.45,71.19,84.23
STU_15476,17,Male,High School,7.21,0.49,7.33,0.85,84.31,81.94
STU_15477,13,Male,High School,8.21,5.87,5.11,1.33,62.63,83.26
STU_15478,19,Male,College,2.09,3.64,7.57,1.56,86.5,88.43
STU_15479,20,Female,College,2.9,2.48,5.05,0,71.7,77.88
STU_15480,21,Male,College,4,4.05,6.37,1.29,74.01,93.73
STU_15481,20,Female,College,1.21,0.22,9.62,1.79,82.21,98.94
STU_15482,17,Male,High School,6.68,0.86,5.39,2.29,54.81,99.84
STU_15483,15,Female,High School,5.22,0.03,4.73,1.17,75.75,96.24
STU_15484,22,Female,University,4.11,6.53,6.17,0.11,72.75,75.65
STU_15485,23,Female,University,7.07,2.52,7.89,0,75.35,98.72
STU_15486,21,Male,College,2.61,2.83,4.79,2.2,76.57,67.5
STU_15487,18,Female,College,7.32,4.54,5.74,0,70.12,85.12
STU_15488,17,Female,High School,8.85,0,7.25,0.66,75.02,75.34
STU_15489,25,Female,University,5.27,1.04,7.61,1.5,72.24,85.33
STU_15490,15,Female,High School,4.48,3.14,6.7,1.14,77.5,85.69
STU_15491,18,Female,College,4.92,5.54,5.76,1.41,73.52,95.33
STU_15492,15,Female,High School,1.03,4.1,7.42,1.59,81.76,76.45
STU_15493,22,Male,University,4.01,3.14,8.03,0.25,69.8,87.33
STU_15494,24,Female,University,9.65,2.96,5.06,0,64.77,72.92
STU_15495,18,Female,College,9.28,4.29,6.29,2.14,72.85,98.43
STU_15496,16,Male,High School,4.73,0.76,7.64,2.08,72.99,97.33
STU_15497,14,Female,High School,3.14,3.04,6.55,0.02,58.62,83.81
STU_15498,20,Non-binary,College,7.07,3.35,4.64,0,50.94,81.2
STU_15499,16,Male,High School,4.41,2.03,5.68,1.62,79.46,98.4
STU_15500,21,Male,College,6.87,2.26,8.22,0,63.64,85.75
STU_15501,19,Male,College,2.64,0,8.95,0.2,76.12,97.16
STU_15502,24,Female,University,5.26,1.51,7.02,0.62,82.9,97.27
STU_15503,14,Female,High School,3.6,0,9.91,1.39,79.15,93.91
STU_15504,16,Female,High School,4.49,3.71,6.55,1.69,79.14,89.42
STU_15505,17,Female,High School,3.07,2.72,5.3,3.2,66.26,99.27
STU_15506,15,Female,High School,4.15,2.26,4.94,2.59,83.69,88.56
STU_15507,21,Male,College,5.26,2.97,4.92,0,54.61,70.81
STU_15508,25,Male,University,6.24,3.04,6.78,0.1,66.97,87.18
STU_15509,17,Male,High School,4.1,1.88,6.12,1.98,68.2,80.58
STU_15510,14,Male,High School,8.13,0,5.57,0.92,62.12,79.19
STU_15511,23,Female,University,1.28,3.4,6.96,2.57,83.78,99.64
STU_15512,15,Female,High School,0.76,0.72,9.5,0.25,86.76,99.14
STU_15513,21,Female,College,3.02,3.13,9,1.31,80.64,98.74
STU_15514,19,Non-binary,College,4.53,4.86,6.75,1.67,75.69,86.6
STU_15515,14,Female,High School,7.92,5.26,6.24,2.57,67.6,99.31
STU_15516,21,Female,College,4.04,3.18,7.6,0.85,57.21,95.88
STU_15517,16,Male,High School,2.13,1.94,7.53,2.54,78.01,95.58
STU_15518,25,Male,University,2.89,1.65,5.59,0.73,64.26,82.34
STU_15519,21,Female,College,4.7,3.11,7.22,1.32,74.97,84.69
STU_15520,25,Male,University,1.81,0,6.61,0.46,75.02,88.28
STU_15521,14,Male,High School,9.32,1.05,5.22,0.76,62.73,88.49
STU_15522,24,Female,University,0,1.13,8.02,0.71,74.87,97.81
STU_15523,22,Male,University,2.59,3.24,8.87,1.63,74.06,97.83
STU_15524,24,Male,University,3.1,2.4,7.27,0.08,70.53,81.41
STU_15525,16,Female,High School,2.06,2.78,6.6,0.14,79.81,75.26
STU_15526,17,Female,High School,6.18,2.28,6.05,0,69.22,84.35
STU_15527,14,Male,High School,2.86,2.1,7.71,3,75.4,97.3
STU_15528,22,Male,University,6.05,3.05,6.04,3.19,74.87,88.96
STU_15529,13,Non-binary,High School,8.45,3.76,5.63,2.36,46.36,75.66
STU_15530,19,Male,College,7.59,4.42,5.22,2.37,69.09,95.96
STU_15531,22,Female,University,4.9,2.45,5.85,0,49.78,74.96
STU_15532,13,Male,High School,4.5,4.39,7.69,0.11,69.38,83.64
STU_15533,23,Male,University,6.71,5.36,6.14,2.06,76.72,78.33
STU_15534,23,Male,University,3.78,1.4,6.17,0.48,77.64,72.12
STU_15535,20,Female,College,3.28,3.92,6.73,1.18,78.16,83.12
STU_15536,15,Female,High School,2.02,1.48,7.69,0,75.25,86.5
STU_15537,22,Male,University,5.27,4.71,5.12,1.44,47.36,85.47
STU_15538,18,Male,College,1.86,2.84,7.45,4.14,85.88,98.22
STU_15539,19,Male,College,2.73,1.79,7.65,2.74,83.92,89.07
STU_15540,22,Female,University,9.76,0.87,8.05,0.95,58.55,85.55
STU_15541,13,Male,High School,6.18,1.47,6.94,0,53.86,84.68
STU_15542,18,Male,College,5.51,2.22,4.76,0,81.36,77.23
STU_15543,19,Male,College,2.7,4.52,7.44,1.9,84.61,92.52
STU_15544,18,Female,College,6.43,1.97,6.69,0.17,59.1,82.31
STU_15545,16,Female,High School,1.96,1.69,7.21,1.46,77.93,99.96
STU_15546,13,Female,High School,0.69,5.69,8.29,0,84.13,88.79
STU_15547,23,Male,University,3.12,1.78,7.41,0.76,81.66,82.97
STU_15548,21,Male,College,1.55,0.42,8.11,0.86,85.55,93.98
STU_15549,16,Male,High School,5.66,0.04,5.82,0.67,68.69,75.37
STU_15550,19,Male,College,5.41,1.17,7.14,3.06,84.9,98.35
STU_15551,19,Female,College,5.07,2.49,5.95,0.3,60.61,75.34
STU_15552,14,Male,High School,5.96,2.55,5.82,0.61,63.45,85.03
STU_15553,13,Male,High School,5.85,1.39,6.02,1.06,77.18,98.84
STU_15554,20,Female,College,2.81,0,5.44,1.19,79.63,80.04
STU_15555,20,Female,College,5.7,0.91,6.2,4.16,76.6,86.69
STU_15556,19,Female,College,5.28,0.12,6.55,1.25,75.28,98.24
STU_15557,20,Female,College,2.96,0,6.25,1.64,82.65,98.94
STU_15558,15,Female,High School,3.61,0,8.83,0,74.51,91.15
STU_15559,23,Female,University,6.63,3.03,6.26,1.12,67.14,79.71
STU_15560,14,Female,High School,1.21,1.95,6.7,1.57,72.02,98.09
STU_15561,19,Male,College,5.33,3.56,5.55,2.02,67.78,96.59
STU_15562,20,Male,College,4.23,1.29,8.34,1.37,81.61,83.53
STU_15563,13,Female,High School,4.43,1.41,5.97,0.24,77.26,76.93
STU_15564,24,Female,University,3.79,0.95,6.96,2.29,85.85,93.94
STU_15565,22,Female,University,5.55,0.9,7.45,0.81,61.88,99.41
STU_15566,21,Female,College,0.56,1.14,5.89,2.36,83.28,94.54
STU_15567,25,Male,University,5.13,5.62,5.81,0.53,58.08,64.71
STU_15568,23,Female,University,1.88,2.3,7.26,0,87.39,73.29
STU_15569,16,Non-binary,High School,7.08,1.07,6.22,2.26,72.56,86.23
STU_15570,24,Female,University,1.27,4.23,7.38,2.16,65.63,96.31
STU_15571,16,Male,High School,0,2.45,7.34,3.39,77.52,95.49
STU_15572,15,Male,High School,0.25,4.45,7.97,2.08,81.86,98.35
STU_15573,18,Female,College,4.36,3.4,5.22,0,77.62,96.71
STU_15574,13,Male,High School,0.62,2.75,7.7,1.26,78.48,99.26
STU_15575,18,Male,College,1.23,3.04,6.99,2.45,76.43,97.35
STU_15576,14,Female,High School,2.76,3.18,6.86,1.94,74.42,83.77
STU_15577,21,Male,College,5.82,0.21,7.03,0.18,82.37,95.27
STU_15578,14,Female,High School,2.58,2.71,5.48,0,77.66,89.76
STU_15579,19,Female,College,3.98,3.01,6.26,0.09,74.63,90.05
STU_15580,24,Female,University,3.93,3.24,7.8,0.69,71.58,98.84
STU_15581,13,Female,High School,0.89,1.62,6.19,1.5,74.48,69.55
STU_15582,24,Female,University,5.52,4.67,6.41,2.96,56.53,91.82
STU_15583,19,Female,College,10.13,2.91,5.89,0.15,70.92,78.1
STU_15584,17,Female,High School,0.18,1.76,7.59,0.29,76.64,97.65
STU_15585,20,Female,College,2.29,3.23,3.88,0.47,61.66,79.59
STU_15586,16,Male,High School,1.32,4.37,8.67,3.08,74.97,97.62
STU_15587,24,Female,University,4,1.19,5.66,2.77,84.22,95.84
STU_15588,22,Male,University,0.87,0.95,8.94,3.25,83.3,98.54
STU_15589,19,Male,College,7.63,3.97,4.82,0.47,72.56,86.96
STU_15590,18,Male,College,8.03,4.24,6.38,0,74.87,79.07
STU_15591,17,Female,High School,6.23,2.3,5.82,0.3,64.05,83.86
STU_15592,16,Male,High School,6.84,2.16,5.28,2.96,83.44,98.16
STU_15593,19,Female,College,4.79,4.1,9.54,0,73.46,91.53
STU_15594,24,Female,University,7.2,1.07,6.02,2.39,55.09,78.56
STU_15595,17,Male,High School,3.74,0,5.23,0,72.14,75.88
STU_15596,17,Female,High School,3.16,2.7,8.48,0,82.12,98.3
STU_15597,13,Male,High School,6.16,2.7,7.31,0.77,51.76,94.76
STU_15598,14,Female,High School,3.54,4.18,8.42,1.2,77.56,97.21
STU_15599,17,Female,High School,9.85,3.94,4.02,0,51.93,92.79
STU_15600,25,Male,University,7.14,5.5,4.8,0.99,76.99,83.55
STU_15601,15,Non-binary,High School,3.11,2.98,7.18,0,72.06,87.44
STU_15602,25,Female,University,4.08,6.48,5.8,1.11,73.54,94.3
STU_15603,14,Female,High School,4.15,4.61,5.71,0.15,66.28,72.65
STU_15604,16,Female,High School,2.62,2.7,7.67,0.37,79.75,93.87
STU_15605,16,Female,High School,6.72,4.42,4.58,0.36,41.3,88.88
STU_15606,16,Male,High School,2.32,0.89,5.62,1.45,71.39,91.73
STU_15607,16,Male,High School,4.27,2,7.01,2.73,78.62,88.53
STU_15608,15,Female,High School,2.57,2.23,5.72,1.02,77.78,85.84
STU_15609,25,Female,University,3.13,2.16,6.26,2.16,67.6,96.51
STU_15610,24,Male,University,6.42,4.04,6.39,0,64.4,66.66
STU_15611,19,Non-binary,College,6.2,4.49,5.31,0.73,62.04,79.77
STU_15612,21,Male,College,3.63,3.91,5.53,2.69,86.27,96.85
STU_15613,24,Male,University,7.34,1.37,7.8,0.88,75.52,95.01
STU_15614,17,Male,High School,5.93,3.72,5.98,0,50.69,76.6
STU_15615,16,Female,High School,4.79,4.68,7.09,1.11,66.97,84.78
STU_15616,23,Female,University,6.77,3.81,5.4,0.01,60.62,80.17
STU_15617,14,Male,High School,8.05,0,6.1,2.48,59.93,92.01
STU_15618,14,Female,High School,5.6,0.76,6.83,1.04,70.61,99.8
STU_15619,17,Male,High School,5.18,3.51,6.38,0,55.38,85.23
STU_15620,19,Female,College,0,4.59,7.32,1.63,62.41,94.27
STU_15621,22,Male,University,5.16,0.74,9.22,3.13,83.91,69.16
STU_15622,22,Female,University,5.66,2.49,7.55,0.67,67.13,91.76
STU_15623,21,Female,College,5.29,2.58,7.12,1.05,77.57,87.21
STU_15624,25,Female,University,2.25,0.69,8.43,0.16,85.99,87.49
STU_15625,19,Male,College,2.78,3.01,6.27,2.2,66.37,98.49
STU_15626,17,Male,High School,6.31,3.21,8.21,1.01,78.78,82.25
STU_15627,22,Female,University,3.53,2.81,4.91,0.35,67.55,64.13
STU_15628,22,Female,University,4.94,4.3,6.96,2.04,70.44,93.6
STU_15629,22,Female,University,0,2.43,8.89,1.13,87.75,86.81
STU_15630,18,Female,College,4.46,3.77,4.75,2.73,63.68,96.32
STU_15631,23,Non-binary,University,6.52,3.27,6.3,0,60.59,78.67
STU_15632,24,Male,University,5.26,3.69,5.71,1.05,74.03,74.7
STU_15633,15,Male,High School,4.15,1.66,5.11,0.74,68.59,78.58
STU_15634,17,Male,High School,1.88,3.47,7.13,0.62,67.24,95.32
STU_15635,20,Male,College,0.02,4.6,6.63,3.31,79.06,95.87
STU_15636,13,Female,High School,2.55,4.19,8.04,1.59,78.82,82.75
STU_15637,24,Female,University,7.1,4.71,5.89,0.95,69.39,89.82
STU_15638,13,Male,High School,4.36,2.85,5.28,3.07,73.02,96.87
STU_15639,19,Female,College,6.23,5.38,5.84,1.14,55.45,77.06
STU_15640,17,Female,High School,8.09,1.99,5.51,0.42,56.69,85.8
STU_15641,17,Female,High School,4.81,2.05,8.33,1.63,60.39,99.14
STU_15642,13,Male,High School,6.61,5.66,6.39,0,70.17,74.76
STU_15643,21,Female,College,7.34,3.34,6.07,1.57,65.87,88.68
STU_15644,13,Male,High School,1,4.14,9.29,0.87,82.64,98.08
STU_15645,17,Female,High School,2.6,0,7.48,0,87.35,90.58
STU_15646,22,Female,University,0.29,3.16,6.63,1.5,80.06,91.59
STU_15647,21,Male,College,0,3,6.82,1.8,83.95,90.04
STU_15648,16,Male,High School,3.25,3.54,7.3,3.33,80.62,98.06
STU_15649,25,Female,University,3.86,3.5,5.68,0.04,74.13,99.76
STU_15650,20,Male,College,0,1.9,11,1.7,80.68,98.17
STU_15651,18,Male,College,5.64,6.91,6.32,1.54,61.1,88.29
STU_15652,23,Female,University,3.28,1.09,7.1,1.5,67.48,84.29
STU_15653,15,Male,High School,8.09,2.08,3.9,1.05,50.91,76.64
STU_15654,16,Male,High School,4.96,4.19,3.61,1.37,74.26,70.77
STU_15655,14,Female,High School,4.94,0.69,5.94,0,79.99,99.17
STU_15656,13,Male,High School,3.99,2.42,6.02,2.19,77.61,81.07
STU_15657,25,Male,University,4.2,3.91,5.63,2.38,72.51,88.19
STU_15658,20,Female,College,5.43,1.68,6.32,0.5,68.76,79.05
STU_15659,13,Male,High School,6.76,1.3,3.99,0.67,69.41,66.89
STU_15660,25,Female,University,1.17,3.31,7.73,0.61,67.62,97.71
STU_15661,23,Non-binary,University,2.41,2.82,6.8,0,80.25,88.28
STU_15662,13,Female,High School,5.23,1.41,7.12,1.63,75.52,94.62
STU_15663,16,Male,High School,4.4,2.79,6.89,0.91,78.44,84.86
STU_15664,22,Male,University,6.48,2.5,5.34,1.66,73.21,98.39
STU_15665,24,Female,University,2.82,4.3,7.1,1.55,68.36,90.15
STU_15666,22,Female,University,7.66,0.79,7.9,0,80.09,91.9
STU_15667,18,Female,College,3.21,1.03,6.04,0.73,67.27,74.8
STU_15668,21,Female,College,3.71,2.09,7.94,1.46,78.7,99.39
STU_15669,13,Male,High School,7.24,2.04,7.76,0,66.82,78.16
STU_15670,19,Male,College,5.93,4.23,6.34,2.71,69.63,99.73
STU_15671,22,Female,University,9.46,2.8,5.62,1.13,56.56,74.23
STU_15672,23,Female,University,6.87,3.7,5.78,0,51.34,83.65
STU_15673,17,Male,High School,7.72,5.1,5.96,0,71.62,86.57
STU_15674,24,Female,University,3.76,1.06,9.64,0.56,77.76,99.8
STU_15675,20,Male,College,7.76,5.12,5.06,0.64,65.5,77.1
STU_15676,19,Female,College,4.67,2.56,7.19,0.14,68.87,94.62
STU_15677,16,Male,High School,0,0,7.93,1.82,72.08,90.26
STU_15678,16,Female,High School,5.69,2.93,7.62,1.13,72.8,89.91
STU_15679,18,Female,College,5.9,0.02,6.57,2.35,69.73,98.48
STU_15680,18,Female,College,1.77,0.13,7.63,0,73.35,95.37
STU_15681,21,Non-binary,College,5.4,0.72,5.68,2.13,59.3,84.68
STU_15682,24,Male,University,4.79,2.38,5.86,2.32,80.41,98.19
STU_15683,17,Female,High School,7.53,0.26,6.27,3.5,69.31,98.16
STU_15684,20,Female,College,5.6,4.79,4.22,3.01,78.65,99.26
STU_15685,17,Female,High School,4.5,4.52,5.92,0.43,61.45,78.07
STU_15686,14,Female,High School,1.17,7.19,7.16,1.32,74.68,97.71
STU_15687,18,Male,College,0,2.36,8.7,5,82.56,99.05
STU_15688,21,Female,College,7.66,1.64,5.55,0,63.78,84.5
STU_15689,25,Male,University,5.49,2.9,6.29,2.66,81.15,98.72
STU_15690,15,Male,High School,3.9,4.06,6.54,1.74,80.06,99.6
STU_15691,13,Male,High School,5.89,4.83,5.48,1.35,66.06,74.75
STU_15692,13,Male,High School,3.91,1.42,6.33,1.72,75.83,97.52
STU_15693,25,Male,University,0,4.32,7.98,0.58,83.7,99.26
STU_15694,15,Male,High School,7.03,4.31,8.66,1.35,75.14,88.71
STU_15695,22,Male,University,7.35,7.83,5.94,0,72.85,98.66
STU_15696,17,Male,High School,3.68,5.05,7.71,1.73,82.04,87.73
STU_15697,15,Male,High School,4.4,5.88,4.64,0.33,50.65,82.19
STU_15698,21,Female,College,2.97,6.09,6.87,1.86,78.3,89.88
STU_15699,20,Female,College,9.11,1.32,7.84,0.17,55.55,83.49
STU_15700,15,Female,High School,7.51,1.13,7.57,1.15,74.95,76.05
STU_15701,21,Female,College,2.47,4.3,6.47,0.1,72.95,99.62
STU_15702,25,Male,University,6.01,1.86,7.59,0,68.09,71.29
STU_15703,18,Male,College,2.31,3.91,7.15,0,78.82,70.12
STU_15704,25,Male,University,2.47,2.38,5.24,0,85.44,95.23
STU_15705,19,Female,College,3.39,3.25,5.69,2.79,84.34,97.79
STU_15706,16,Female,High School,2.98,3.11,7.6,1.42,71.89,85.15
STU_15707,16,Male,High School,0.6,3.81,6.76,0.73,85.05,92.41
STU_15708,24,Male,University,7.82,0.38,4.49,0,54.79,74.42
STU_15709,25,Female,University,5.03,0.19,6.99,0.04,68.19,98.5
STU_15710,14,Male,High School,8.38,2.33,5.28,2.81,47.79,98.89
STU_15711,17,Female,High School,4.08,2.71,3.38,2.96,73.2,94.51
STU_15712,20,Female,College,0.83,5.52,6.69,1.29,76.01,97.7
STU_15713,19,Female,College,7.06,3.28,3.99,2.25,54.35,79.74
STU_15714,19,Female,College,5.15,2.94,6.34,3.23,64.34,97.21
STU_15715,18,Male,College,3.84,2.05,6.59,0,61.11,88.21
STU_15716,15,Female,High School,7.51,3.44,8.85,1.32,73.23,99.61
STU_15717,17,Female,High School,1.14,2.09,7.83,1.02,61.75,99.13
STU_15718,25,Female,University,6.95,0.37,6.8,0.07,78.71,62.88
STU_15719,13,Female,High School,6.3,4.43,7.64,1.66,86.29,90.38
STU_15720,19,Female,College,5.08,1.61,6.08,1.6,80.13,90.32
STU_15721,21,Female,College,0.81,1.74,6.71,0.87,71.01,81.59
STU_15722,13,Male,High School,6.85,0,5.59,1.44,79.45,68.51
STU_15723,25,Male,University,6.36,3.19,7.61,0.76,80.64,97.85
STU_15724,14,Male,High School,5.17,5.58,6.39,1.96,65.33,88.72
STU_15725,15,Female,High School,4.36,0,6.05,1.63,77.93,95.49
STU_15726,15,Female,High School,1.68,0,8.19,2.65,84.34,98.37
STU_15727,20,Male,College,1.7,3.23,5.48,3.77,84.38,94.2
STU_15728,19,Male,College,2.56,2.98,5.79,0,69.85,63.85
STU_15729,18,Female,College,0.56,1.65,6.89,2.93,82.77,95.9
STU_15730,22,Male,University,0.64,1.5,7.38,0.78,85.69,99.7
STU_15731,22,Male,University,3.39,3.03,7.09,0.34,67.76,97.26
STU_15732,23,Male,University,1.17,0,7.06,3.2,67,88.39
STU_15733,16,Male,High School,3.92,0.15,7.18,0.7,66.83,98.54
STU_15734,21,Female,College,4.66,0.68,7.65,0,80.24,71.2
STU_15735,13,Male,High School,0.88,1.8,9.04,0,80.72,98.31
STU_15736,23,Female,University,6.57,1.85,6.38,1.47,72.84,77.95
STU_15737,14,Female,High School,7.03,0,8.47,0.47,75.87,99.68
STU_15738,16,Male,High School,0,0.16,7.63,1.17,77.26,86.55
STU_15739,15,Male,High School,7.88,3.54,5.64,0.75,65.21,77.83
STU_15740,13,Female,High School,5.9,3.41,5.66,0,55.45,71
STU_15741,17,Female,High School,4.73,4.06,4.84,2.61,75.27,97.59
STU_15742,19,Male,College,8.16,3.44,5.38,2.32,58.31,85.53
STU_15743,14,Male,High School,4.77,2.31,7.45,3.76,73.96,99.77
STU_15744,17,Male,High School,2.55,0.75,6.12,0.33,64.67,82.88
STU_15745,18,Female,College,0.77,0.72,6.39,0.94,80.92,98.09
STU_15746,23,Male,University,4.21,0.97,6.17,0.34,79.08,79.19
STU_15747,19,Female,College,4.2,3.98,7.21,0.96,70.73,80.9
STU_15748,13,Male,High School,0.24,3.45,6.35,2.72,83.81,98.16
STU_15749,19,Female,College,3.61,0.76,4.53,0.26,62.43,84.42
STU_15750,16,Male,High School,8.34,3.18,3.83,0.43,67.06,78.92
STU_15751,20,Female,College,5.76,3.63,5.22,1.99,68.9,70.55
STU_15752,25,Male,University,1.13,3.42,7.05,0.2,81.71,97.4
STU_15753,16,Male,High School,5.26,4.11,5.98,1.49,67.5,93.04
STU_15754,18,Female,College,6.25,2.59,6.15,0.84,74.98,91.69
STU_15755,21,Female,College,7.08,2.03,7.87,3.11,75.37,87.31
STU_15756,17,Female,High School,5.96,2.63,8.42,4.09,74.45,98.92
STU_15757,24,Female,University,7.4,4.33,4.67,1.57,58.67,69.78
STU_15758,16,Male,High School,6.39,3.87,4.62,1.67,73.08,58.31
STU_15759,20,Female,College,3.89,2.67,7.9,1.52,80.4,84.12
STU_15760,25,Male,University,5.33,4.57,6.33,1.21,73.85,92
STU_15761,21,Male,College,3.93,5.84,6.36,2.24,79.49,99.14
STU_15762,16,Female,High School,5.51,7.11,4.77,1.27,66.76,87.98
STU_15763,15,Female,High School,6.34,7.08,4.27,2.9,83.81,97.15
STU_15764,20,Female,College,4.31,8.29,3.07,0.94,64.26,74.48
STU_15765,17,Female,High School,5.26,4.93,6.33,1.76,66.29,86.24
STU_15766,14,Non-binary,High School,3.29,0,8.05,0.72,77.72,75.71
STU_15767,22,Male,University,3.74,2.88,7.31,2.78,83.75,97.11
STU_15768,21,Non-binary,College,4.33,0,7.16,0.12,73.56,97.38
STU_15769,15,Female,High School,3.1,5.52,5.3,1.62,71.29,89.74
STU_15770,24,Female,University,7.82,1.94,4.47,0.73,60.24,83.57
STU_15771,14,Female,High School,5.99,3.3,7.07,1.17,66.61,88.3
STU_15772,13,Female,High School,6.35,2.24,4.89,0,51.31,96.9
STU_15773,20,Female,College,5.9,5.74,5.04,1.95,77.73,85.37
STU_15774,23,Male,University,4.92,0.37,5.8,0,79.1,79.87
STU_15775,15,Female,High School,1.46,3.77,6.89,1.41,58.59,87.53
STU_15776,19,Male,College,7.31,0.62,6.39,0,69.01,84.98
STU_15777,13,Male,High School,9.7,0,7.02,0.29,61.15,89.58
STU_15778,13,Male,High School,6.15,2.84,6.34,0.42,76.04,84.97
STU_15779,24,Male,University,2.53,0.3,6.97,0.86,68.07,92.74
STU_15780,21,Male,College,5.99,0,7.98,3.44,79.39,95.43
STU_15781,24,Male,University,2.5,0,6.37,2.22,82.96,78.92
STU_15782,20,Female,College,3.31,1.8,6.85,1.23,84.78,98.93
STU_15783,24,Male,University,0,4.18,5.84,1.82,82.69,98.22
STU_15784,25,Male,University,7.92,0,6.49,0,70.28,74.1
STU_15785,15,Male,High School,5.29,4.45,7.23,0,54.62,90.1
STU_15786,18,Female,College,5.93,1.53,5.7,2.75,85.59,98.55
STU_15787,23,Male,University,6.47,0.58,8.46,1.28,81.09,93.37
STU_15788,15,Male,High School,5.69,4.69,6.21,2.52,67.56,98.12
STU_15789,25,Male,University,6.94,4.24,6.7,1.29,69.51,65.55
STU_15790,24,Male,University,7.91,3.96,4.07,1.17,60.15,85.73
STU_15791,16,Female,High School,4.41,2.92,8.23,1.03,72.33,79
STU_15792,13,Male,High School,0.35,0.57,8.7,3.39,77.68,99.85
STU_15793,17,Male,High School,2.39,4.74,4.3,0.66,72.53,91.64
STU_15794,13,Male,High School,6.05,2.55,4.68,1.79,57.23,78.12
STU_15795,25,Female,University,1.93,2.74,7.89,1.62,79.41,99.04
STU_15796,13,Female,High School,4.34,3.21,7.66,2.71,74.64,85.12
STU_15797,22,Male,University,10.75,4.28,3.22,3.11,67.22,82.92
STU_15798,23,Male,University,7.11,0,7.31,0,76.4,77.04
STU_15799,23,Male,University,0,2.42,6.46,0.31,83.39,98.03
STU_15800,19,Female,College,10.33,1.68,5.66,1.83,61.76,98.56
STU_15801,24,Male,University,7.92,5.17,5.54,1.03,48.79,87.88
STU_15802,18,Female,College,6.16,5.62,5.09,1.61,59.79,65.04
STU_15803,14,Male,High School,4.84,3.03,6.18,0.3,84.27,96.91
STU_15804,23,Male,University,1.05,0.14,6.22,1.44,80.38,88.05
STU_15805,24,Male,University,3.57,1.44,6.09,0,76.51,98.39
STU_15806,14,Male,High School,0,0,6.1,0.37,77.45,77.18
STU_15807,23,Male,University,6.88,4.33,7.53,2.72,61.97,97.25
STU_15808,19,Male,College,4.96,1.47,6,0.16,71.86,64.53
STU_15809,13,Female,High School,2.64,4.68,7.79,2.72,77.91,89.07
STU_15810,25,Male,University,7.03,1.49,6.98,0.25,67.53,70.2
STU_15811,14,Female,High School,5.33,2.14,7.8,1.1,67.42,79.41
STU_15812,24,Female,University,8.6,1.82,5.49,1.1,69.16,74.52
STU_15813,20,Female,College,3.39,0,6.75,0.18,68.85,97.41
STU_15814,18,Female,College,7.98,0,6.42,1.75,63.97,90.5
STU_15815,14,Male,High School,5.06,6.05,4.67,3.22,69.76,97.99
STU_15816,19,Male,College,2.56,1.13,7.09,2.17,59.72,95.42
STU_15817,16,Female,High School,5.98,3.85,5.85,0,66.92,97.26
STU_15818,14,Female,High School,4.69,7.24,7.5,1.49,81.61,95.44
STU_15819,24,Female,University,5.64,1.75,8.19,2.62,73.23,91.75
STU_15820,18,Male,College,2.03,3.33,9.03,0.6,75.34,97.93
STU_15821,23,Female,University,0,3.02,5.05,1.76,73.52,77.39
STU_15822,21,Female,College,3.26,3.1,7.53,0.23,80.88,89.09
STU_15823,23,Male,University,5.93,3.38,5.87,0.26,47.29,59.81
STU_15824,21,Non-binary,College,5.86,0.34,5.77,0.68,50.97,88.99
STU_15825,20,Male,College,3.37,0,8.82,1.46,78.1,74.82
STU_15826,15,Male,High School,5.08,2.44,5.28,2.63,76.72,98.56
STU_15827,15,Male,High School,3.52,5.02,6.72,0.87,65.06,97.25
STU_15828,14,Female,High School,4.16,4.16,5.33,0.86,81.34,90.3
STU_15829,17,Female,High School,7.66,0,3.44,2.32,72.62,81.26
STU_15830,24,Female,University,1.17,3.54,5.17,1.1,80.6,92.82
STU_15831,16,Female,High School,9.22,2.95,3.06,1.67,66.12,84.03
STU_15832,19,Male,College,4.93,2.75,5.96,0,65.14,81.98
STU_15833,16,Male,High School,9.55,2.72,4.25,0.71,60.84,84.32
STU_15834,21,Male,College,9.15,3.05,7.21,2.56,70.61,99.11
STU_15835,24,Non-binary,University,0,2.45,7.95,0,78.57,98.6
STU_15836,24,Male,University,4.96,1.42,5.51,1.02,61.25,86.23
STU_15837,14,Female,High School,2.05,2.1,5.75,0,76.61,99.82
STU_15838,23,Male,University,4.16,0,6.19,1.78,69.1,95.44
STU_15839,18,Male,College,5.64,3.44,5.86,1.79,70.4,82.74
STU_15840,19,Male,College,8.14,3.4,7.4,0,70.9,88.86
STU_15841,16,Male,High School,1.79,5.48,6.05,1.01,55.41,89.93
STU_15842,25,Non-binary,University,10.82,3.6,5.63,0,52.42,62.08
STU_15843,18,Female,College,3.05,2.16,6.16,1.4,83.45,99.9
STU_15844,19,Female,College,1.14,3.38,7.67,2.08,83.08,99.55
STU_15845,16,Female,High School,7.24,1.93,7.09,1.92,74.64,97.65
STU_15846,20,Female,College,4.82,1.29,8.07,2.35,71.16,98.55
STU_15847,21,Female,College,10.03,0,7.11,1.37,59.77,90.28
STU_15848,13,Female,High School,2.04,3.2,3.97,0.19,69.59,85.24
STU_15849,19,Female,College,4.96,3.4,4.59,1.66,64.41,74.84
STU_15850,21,Male,College,7.68,4.83,6.12,1.67,58.68,87.94
STU_15851,24,Male,University,2.39,5.1,6.92,1.84,69.84,86.12
STU_15852,22,Female,University,7.7,3.12,5.69,0,69.4,84.33
STU_15853,17,Male,High School,5.49,0.26,7.8,1.82,72.09,99.64
STU_15854,24,Female,University,1.99,0.34,8.97,3.99,79.14,98.55
STU_15855,14,Female,High School,7.66,2.9,5.24,3.31,65.13,70.45
STU_15856,22,Female,University,4.01,4.12,4.62,2.63,79.12,88.36
STU_15857,18,Female,College,7.47,4.23,6.48,0.26,69.97,95.01
STU_15858,24,Male,University,2.74,1.72,6.19,0.06,76.17,78.4
STU_15859,24,Female,University,0.87,0,4.81,0.57,73.51,75.38
STU_15860,19,Male,College,3.4,0.33,7.3,1.46,77.55,71.12
STU_15861,14,Female,High School,4.19,0,7.4,2.37,87.96,98.74
STU_15862,14,Non-binary,High School,4.99,3.1,5.59,2.13,65.09,75.66
STU_15863,22,Female,University,5.83,2.03,6.23,0.5,69.89,75.53
STU_15864,24,Male,University,9.4,1.96,6.27,0,75.12,89.5
STU_15865,22,Male,University,4.24,3.36,8.29,0.31,78.99,85.25
STU_15866,13,Female,High School,8.95,1.85,6.71,0,64.09,88.9
STU_15867,16,Female,High School,7.06,5.96,4.05,2.52,70.14,90.62
STU_15868,19,Female,College,4.3,2.16,8.42,0.33,80.99,82.58
STU_15869,21,Female,College,5.27,0,8.75,2.15,83.44,89.89
STU_15870,15,Female,High School,5.49,0,7.18,0,84.32,79.82
STU_15871,24,Male,University,7.06,3.46,7.44,1.27,67.09,80.64
STU_15872,23,Female,University,7.45,3.64,4.57,0,65.3,78.58
STU_15873,19,Female,College,1,3.61,7.04,0,71.94,93.29
STU_15874,19,Male,College,6.95,0.14,7.47,0,70.06,82.42
STU_15875,19,Male,College,5.52,0.91,6.89,0.86,73.97,70.06
STU_15876,14,Female,High School,5.48,5.52,5.24,1.95,56.1,99.64
STU_15877,18,Female,College,4.17,2.17,5.45,2.04,78.55,92.84
STU_15878,14,Male,High School,6.26,1.39,6.77,2.79,81.95,93.06
STU_15879,18,Male,College,6.72,4.99,6.9,0.11,44.04,94.91
STU_15880,25,Male,University,4.78,0.65,5.34,1.38,63.95,78.1
STU_15881,22,Male,University,7.05,1.75,5.62,2.36,62.17,90.24
STU_15882,15,Female,High School,2.92,4.73,9.41,2.93,80.05,98.17
STU_15883,14,Female,High School,4.53,4.89,7.1,2.15,77.51,98.78
STU_15884,24,Female,University,5.4,4.93,5.9,2.45,68.77,98.5
STU_15885,18,Female,College,3.73,3.83,7.73,1.36,68.78,97.56
STU_15886,14,Male,High School,3.67,6.13,7.22,1.08,77.55,97.87
STU_15887,17,Female,High School,2.18,4.2,7.03,0.1,74.84,92.02
STU_15888,14,Non-binary,High School,5.58,3.1,6.65,0,67.04,72.11
STU_15889,15,Female,High School,9.36,2.52,5.05,1.05,68.59,66.16
STU_15890,15,Male,High School,6.01,1.95,7.54,0,66.77,87.71
STU_15891,18,Female,College,4.08,0.27,5.9,2.59,70.76,85.33
STU_15892,18,Female,College,7.79,0,7.38,0.99,63.1,79.72
STU_15893,22,Male,University,4.41,4.22,7.55,2.88,81.07,92.18
STU_15894,15,Male,High School,6.38,2.32,5.63,0.62,58.29,83.77
STU_15895,15,Female,High School,5.9,0.96,4.49,0.74,60.27,84.65
STU_15896,25,Female,University,0.77,6.16,7.63,0.65,79.42,88.71
STU_15897,24,Female,University,4.75,4.65,7.26,0.05,71.73,85.69
STU_15898,25,Male,University,9.86,2.22,6.32,0.59,64.89,70.09
STU_15899,13,Male,High School,3.15,3.52,4.92,2.03,85.81,90.69
STU_15900,19,Female,College,8.48,2.45,6.34,0.41,71.27,82.44
STU_15901,25,Female,University,7.03,1.84,8.38,1.45,74.45,97.74
STU_15902,20,Male,College,3.38,4.75,8.49,0.08,71.74,72.13
STU_15903,14,Male,High School,4.76,2.99,7.99,0,73.61,68.45
STU_15904,16,Female,High School,2.11,0.25,7.86,2.44,76.45,95.14
STU_15905,22,Male,University,6.88,3.15,6.76,2.8,79.02,87.39
STU_15906,19,Female,College,2.14,3.64,6.22,2.03,64.48,81.61
STU_15907,20,Male,College,5.76,5.55,8.08,0,67.38,99.12
STU_15908,13,Female,High School,9.32,3.02,6.04,0.5,63.56,95.22
STU_15909,16,Non-binary,High School,3.13,2.6,8.17,0.42,64.46,92.77
STU_15910,18,Male,College,5.61,3.43,5.97,1.13,75.51,80.23
STU_15911,15,Female,High School,1.01,0.6,8.03,0.01,82.07,87.45
STU_15912,17,Non-binary,High School,4.86,7.4,5.9,2.49,56.81,95.08
STU_15913,22,Non-binary,University,2.22,6.04,4.75,0.94,71.83,73.12
STU_15914,21,Male,College,5.36,4.24,5.37,1.88,79.63,95.47
STU_15915,23,Female,University,3.41,3.07,6.2,2.01,77.77,97.43
STU_15916,25,Male,University,2.27,0.02,8.99,1.06,67.81,98.78
STU_15917,15,Male,High School,4.41,2.55,5.26,0,67.09,78.56
STU_15918,17,Female,High School,0,3.4,5.98,3.27,78.5,98.76
STU_15919,20,Male,College,2.11,0.65,6.24,3.58,83.37,97.22
STU_15920,18,Female,College,10.68,1.52,7.21,0,59.71,83.2
STU_15921,16,Female,High School,4.18,1.63,6.54,0,81.19,92.62
STU_15922,20,Female,College,3.56,1.37,6.69,2.91,83.41,98.24
STU_15923,23,Female,University,5.68,5.53,7.07,0.8,66.87,79.81
STU_15924,15,Male,High School,7.4,2.2,8.17,0,75.7,83.78
STU_15925,15,Female,High School,8.88,4.93,8.04,0,66.65,97.81
STU_15926,16,Female,High School,4.63,1.62,8.51,2.17,80.12,91.26
STU_15927,21,Male,College,4.28,1.88,6.45,0.76,74.4,88.27
STU_15928,17,Male,High School,5.76,2.58,5.92,1.99,83.92,79.99
STU_15929,20,Female,College,4.94,2.87,6.29,0.67,63.49,89.73
STU_15930,18,Male,College,4.38,0.61,4.71,0,82.8,78.46
STU_15931,15,Female,High School,6.3,3.14,4.55,0.67,79.66,49.7
STU_15932,20,Female,College,6.26,0.5,7.26,0,73.24,81.16
STU_15933,24,Male,University,4.94,5.83,4.34,0.95,54.36,94.97
STU_15934,21,Female,College,10.82,1.54,4.47,0,59.13,83.52
STU_15935,20,Male,College,9.56,4.06,5.89,0,62.14,83.29
STU_15936,25,Female,University,6.18,1.49,5.15,2.18,84.32,92.08
STU_15937,16,Female,High School,7.69,4.78,5.2,0.75,52.06,82.53
STU_15938,25,Male,University,3.11,1.65,6.22,0,75.31,90.61
STU_15939,23,Female,University,4.87,2.4,3.63,0.84,79.73,74.9
STU_15940,18,Female,College,6.62,2.06,6.23,2.38,78.93,98.61
STU_15941,13,Male,High School,8.28,1.97,5.62,2.44,64.86,87.52
STU_15942,16,Non-binary,High School,2.21,0,6.89,1.85,58.25,89.93
STU_15943,20,Male,College,3.15,1.19,5.24,0.29,68.44,63.13
STU_15944,13,Female,High School,4.99,3.13,5.41,1.26,74.06,84.14
STU_15945,15,Male,High School,8.61,3.48,5.33,1.37,86.63,97.1
STU_15946,13,Female,High School,4.99,0.45,5.4,3.26,70.8,71.46
STU_15947,21,Female,College,7.68,1.32,5.59,0,39.28,89.16
STU_15948,14,Female,High School,4.4,2.36,9.57,0.5,71.26,85.73
STU_15949,21,Female,College,6.62,2.65,6.64,0.96,70.05,94.44
STU_15950,25,Female,University,2.07,3.19,6.34,0.33,78.24,88.07
STU_15951,16,Male,High School,2.91,4.38,6.5,0.9,78.13,86.06
STU_15952,14,Male,High School,4.17,3.11,8.03,0.52,81,81.87
STU_15953,16,Male,High School,1.8,0.69,6.41,2.89,73.74,98.13
STU_15954,24,Male,University,1.66,3.75,7.19,1.55,84.51,98.91
STU_15955,23,Male,University,3.66,4.27,8.13,1.44,83.3,99.02
STU_15956,23,Female,University,1.01,0,7.29,1.27,75.51,98.63
STU_15957,22,Non-binary,University,4.34,3.35,6.24,0.17,75.03,60.83
STU_15958,18,Male,College,5.34,4.87,8.02,2.52,73,96.3
STU_15959,23,Male,University,2.53,1.33,8.22,1.86,78.68,98.29
STU_15960,19,Male,College,3.74,3.76,7.2,1.57,85.26,98.14
STU_15961,15,Female,High School,3.67,1.24,6.7,2.47,81.05,99.9
STU_15962,15,Female,High School,8.47,1.97,4.64,0.29,63.37,79.04
STU_15963,24,Female,University,4.9,0.91,9.11,3.05,78.2,97.84
STU_15964,22,Female,University,10.14,3.62,6.94,0.25,63.83,85.37
STU_15965,24,Female,University,3.47,3.88,6.49,2.46,77.89,98.18
STU_15966,20,Male,College,3.46,3.26,8.09,0,74.33,94.26
STU_15967,17,Male,High School,7.38,3.57,7.25,0.84,75.68,90.14
STU_15968,16,Male,High School,0,3.8,6.39,2.78,78.26,95.47
STU_15969,19,Male,College,6.45,4.95,5.7,1.34,61.67,87.26
STU_15970,19,Female,College,4.27,1.46,7.65,2.93,71.66,98.51
STU_15971,25,Male,University,4.78,0,5.73,0.59,58.47,82.19
STU_15972,21,Male,College,3.66,1.76,7.6,1.91,81.75,99.8
STU_15973,21,Female,College,5.97,1.78,6.15,0,78.78,88.31
STU_15974,17,Male,High School,0,3.98,6.2,2.24,85.29,99.11
STU_15975,25,Male,University,2.64,0,5.98,1.18,82.1,96.8
STU_15976,24,Female,University,9.4,2.99,5.52,0,61.95,70.43
STU_15977,25,Female,University,4.66,4.92,6.68,1.26,77.1,78.04
STU_15978,20,Male,College,1.54,2.52,6.31,3.15,82.3,94.92
STU_15979,22,Female,University,4.65,3.53,6.02,1.07,85.45,75.78
STU_15980,13,Female,High School,6.37,1.22,6.64,1.43,66.2,68.41
STU_15981,21,Male,College,4.74,3.8,9.88,1.28,83.02,81.91
STU_15982,20,Female,College,4.22,2.34,7.03,1.18,79.81,86.98
STU_15983,18,Female,College,3.02,1.48,7.39,0.19,79.09,93.86
STU_15984,25,Non-binary,University,1.34,2.6,7.04,1.94,85.32,99.45
STU_15985,15,Non-binary,High School,0,4.01,9.63,0.47,85.81,95.28
STU_15986,15,Male,High School,2.42,2.3,4.54,3.52,63.53,91.99
STU_15987,20,Female,College,7.78,2.2,4.8,0,74.82,86.38
STU_15988,17,Male,High School,3.44,2.41,5.74,2.83,67.88,94.88
STU_15989,22,Male,University,4.09,2.99,7.65,0,79.62,97.64
STU_15990,23,Male,University,0.69,2.87,6.57,1.41,75.27,99.77
STU_15991,19,Female,College,4.52,2.85,7.5,0.54,81.89,76.33
STU_15992,17,Female,High School,3.49,0.3,3.87,0.22,68.63,84.75
STU_15993,20,Male,College,3.67,2.24,7.11,2.02,81.18,86.71
STU_15994,22,Female,University,3.01,4.77,5.09,2.02,76,95.22
STU_15995,22,Female,University,3.05,3.54,7.74,0,73.64,76.61
STU_15996,16,Female,High School,3.89,4.67,5.15,1.41,76.64,81.9
STU_15997,14,Male,High School,4.42,3.24,5.57,1.52,77.5,96.36
STU_15998,15,Female,High School,0,2.89,5.56,1.81,77.56,99.58
STU_15999,20,Female,College,0.3,5.09,5.61,1.25,80.69,82.03
STU_16000,23,Male,University,3.18,1.7,6.81,0.18,72.85,82.53
